account_id,timestamp,amount,merchant_category,channel,distance_from_home,is_fraud
0,2025-01-01 23:54:56,77.96,jewelry,atm,0.0759,0
0,2025-01-03 14:54:40,21.95,jewelry,atm,0.0157,0
0,2025-01-03 17:08:48,93.18,fuel,mobile,0.0898,0
0,2025-01-04 09:24:05,38.92,utilities,pos,0.0249,0
0,2025-01-04 11:44:30,24.33,entertainment,pos,0.0102,0
0,2025-01-05 05:05:48,68.16,fuel,online,0.0327,0
0,2025-01-05 05:21:57,30.91,fuel,pos,0.0013,0
0,2025-01-05 17:13:50,19.15,fuel,online,0.0842,0
0,2025-01-06 09:10:37,67.31,fuel,mobile,0.034,0
0,2025-01-06 17:46:53,37.13,fuel,pos,0.0092,0
0,2025-01-07 14:18:37,85.52,fuel,mobile,0.1077,0
0,2025-01-08 08:23:23,43.23,fuel,pos,0.0726,0
0,2025-01-08 16:17:19,37.27,jewelry,atm,0.0204,0
0,2025-01-08 22:49:59,199.73,jewelry,online,0.0257,0
0,2025-01-09 03:31:31,15.59,jewelry,mobile,0.0347,0
0,2025-01-09 07:08:00,40.82,jewelry,pos,0.0375,0
0,2025-01-09 11:21:10,31.01,entertainment,online,0.023,0
0,2025-01-11 13:04:22,10.29,fuel,pos,0.0339,0
0,2025-01-11 13:21:59,66.9,entertainment,online,0.0539,0
0,2025-01-11 16:34:27,74.58,grocery,online,0.0131,0
0,2025-01-12 14:42:45,19.95,entertainment,mobile,0.0149,0
0,2025-01-12 18:57:35,60.08,entertainment,atm,0.1276,0
0,2025-01-13 23:04:58,59.56,travel,online,0.0116,0
0,2025-01-14 06:25:39,61.79,jewelry,online,0.0373,0
0,2025-01-14 10:50:02,40.11,fuel,mobile,0.0658,0
0,2025-01-14 12:55:12,31.12,utilities,pos,0.0538,0
0,2025-01-15 07:17:22,30.92,entertainment,online,0.0547,0
0,2025-01-15 17:28:14,97.99,jewelry,mobile,0.0311,0
0,2025-01-15 20:15:29,171.64,jewelry,online,0.0398,0
0,2025-01-17 06:58:39,161.39,jewelry,pos,0.029,0
0,2025-01-17 10:49:09,323.11,entertainment,mobile,0.0566,0
0,2025-01-17 15:17:08,143.89,fuel,online,0.0875,0
0,2025-01-17 15:43:29,117.51,entertainment,mobile,0.0792,0
0,2025-01-17 16:12:49,116.28,fuel,online,0.0708,0
0,2025-01-17 23:15:18,47.72,jewelry,online,0.0638,0
0,2025-01-18 07:20:17,59.81,jewelry,online,0.0176,0
0,2025-01-18 09:05:14,102.57,jewelry,online,0.0557,0
0,2025-01-18 16:12:15,22.44,entertainment,atm,0.0501,0
0,2025-01-19 11:16:12,42.39,fuel,pos,0.0115,0
0,2025-01-19 18:22:30,86.09,entertainment,pos,0.0464,0
0,2025-01-19 22:41:37,39.04,fuel,online,0.0639,0
0,2025-01-21 07:42:40,22.28,cash_advance,mobile,0.1014,0
0,2025-01-21 09:11:28,28.01,fuel,online,0.0017,0
0,2025-01-21 12:27:13,29.72,travel,mobile,0.0161,0
0,2025-01-21 15:09:03,62.69,fuel,pos,0.0258,0
0,2025-01-22 12:42:23,69.36,cash_advance,online,0.004,0
0,2025-01-22 13:31:02,56.77,entertainment,online,0.034,0
0,2025-01-22 15:49:25,301.11,entertainment,atm,0.0733,0
0,2025-01-23 08:18:13,186.8,cash_advance,pos,0.0592,0
0,2025-01-23 10:05:55,13.49,fuel,mobile,0.0776,0
0,2025-01-23 14:01:12,76.21,jewelry,online,0.0002,0
0,2025-01-23 23:48:06,98.11,fuel,pos,0.0087,0
0,2025-01-24 11:06:35,19.46,electronics,pos,0.0734,0
0,2025-01-25 12:16:52,55.12,entertainment,online,0.0707,0
0,2025-01-25 17:45:55,26.82,entertainment,mobile,0.0151,0
0,2025-01-26 09:14:52,37.97,jewelry,atm,0.0411,0
0,2025-01-27 06:26:38,132.5,fuel,online,0.0293,0
0,2025-01-27 10:19:12,26.83,jewelry,mobile,0.0565,0
0,2025-01-27 11:36:15,102.52,fuel,mobile,0.0652,0
0,2025-01-27 13:16:19,25.22,fuel,pos,0.0262,0
0,2025-01-27 14:06:10,90.26,fuel,online,0.0176,0
0,2025-01-27 14:55:56,30.9,entertainment,atm,0.0174,0
0,2025-01-27 19:26:19,12.25,entertainment,online,0.022,0
0,2025-01-27 23:18:11,16.06,entertainment,pos,0.0083,0
0,2025-01-28 15:01:56,199.36,jewelry,online,0.0621,0
0,2025-01-28 17:40:55,35.88,entertainment,mobile,0.028,0
0,2025-01-29 14:24:21,42.77,jewelry,mobile,0.0261,0
0,2025-01-29 14:49:03,327.91,fuel,mobile,0.0121,0
0,2025-01-29 16:45:27,36.3,entertainment,online,0.0131,0
0,2025-01-30 06:31:50,83.43,entertainment,online,0.0332,0
0,2025-01-30 11:29:58,42.55,jewelry,pos,0.0861,0
0,2025-01-31 14:29:33,61.05,fuel,online,0.0832,0
0,2025-01-31 22:31:04,58.0,jewelry,mobile,0.0161,0
0,2025-02-01 08:21:48,45.9,utilities,pos,0.0785,0
0,2025-02-01 17:03:33,97.53,jewelry,online,0.0477,0
0,2025-02-02 11:50:57,63.35,entertainment,mobile,0.0226,0
0,2025-02-02 18:13:55,54.67,jewelry,online,0.0204,0
0,2025-02-02 18:21:11,144.96,jewelry,pos,0.0398,0
0,2025-02-03 10:09:38,39.42,online_retail,pos,0.0283,0
0,2025-02-03 12:23:33,27.21,entertainment,atm,0.0117,0
0,2025-02-03 12:42:36,28.53,fuel,pos,0.0571,0
0,2025-02-03 12:44:55,58.02,entertainment,mobile,0.0317,0
0,2025-02-03 15:44:59,50.69,jewelry,mobile,0.0375,0
0,2025-02-05 12:27:55,76.6,fuel,pos,0.0176,0
0,2025-02-05 20:47:23,45.79,jewelry,online,0.0039,0
0,2025-02-05 23:32:24,88.34,cash_advance,pos,0.0444,0
0,2025-02-06 13:39:41,17.43,grocery,pos,0.0239,0
0,2025-02-06 15:24:40,50.85,fuel,pos,0.008,0
0,2025-02-08 12:32:12,29.05,travel,pos,0.0707,0
0,2025-02-08 14:24:39,100.97,electronics,online,0.0857,0
0,2025-02-09 11:43:43,48.37,entertainment,pos,0.014,0
0,2025-02-09 13:47:18,19.62,fuel,online,0.0375,0
0,2025-02-09 14:05:27,51.6,jewelry,online,0.0579,0
0,2025-02-09 18:41:40,105.85,jewelry,pos,0.0504,0
0,2025-02-10 08:32:21,32.72,fuel,pos,0.0619,0
0,2025-02-10 10:54:40,50.56,jewelry,pos,0.0206,0
0,2025-02-10 12:12:55,35.11,entertainment,online,0.0464,0
0,2025-02-10 22:10:22,120.36,entertainment,mobile,0.0029,0
0,2025-02-10 23:03:08,93.35,fuel,pos,0.0374,0
0,2025-02-11 07:02:59,74.35,jewelry,online,0.1022,0
0,2025-02-11 10:14:31,68.99,entertainment,online,0.0007,0
0,2025-02-11 11:57:13,22.95,jewelry,mobile,0.1057,0
0,2025-02-11 17:36:13,22.45,jewelry,pos,0.0137,0
0,2025-02-11 18:14:11,128.79,entertainment,mobile,0.0061,0
0,2025-02-12 12:14:32,44.68,jewelry,online,0.0227,0
0,2025-02-13 08:28:05,19.21,utilities,online,0.0374,0
0,2025-02-13 15:16:46,27.77,fuel,mobile,0.0681,0
0,2025-02-13 16:30:18,83.26,jewelry,mobile,0.0694,0
0,2025-02-14 11:07:40,33.57,fuel,online,0.0784,0
0,2025-02-14 12:30:50,72.63,fuel,pos,0.0124,0
0,2025-02-14 15:48:45,576.83,entertainment,online,0.0318,0
0,2025-02-15 08:16:04,39.23,entertainment,pos,0.0426,0
0,2025-02-15 10:35:58,97.73,jewelry,online,0.0004,0
0,2025-02-15 23:11:47,22.6,entertainment,online,0.0268,0
0,2025-02-15 23:25:01,41.99,cash_advance,online,0.0126,0
0,2025-02-16 13:26:38,85.56,entertainment,pos,0.0032,0
0,2025-02-16 18:34:37,49.21,fuel,mobile,0.0886,0
0,2025-02-16 20:35:48,43.37,jewelry,pos,0.0141,0
0,2025-02-16 21:58:48,25.93,fuel,pos,0.0491,0
0,2025-02-17 04:42:58,31.42,utilities,mobile,0.0549,0
0,2025-02-17 13:08:07,201.26,cash_advance,mobile,0.0246,0
0,2025-02-18 07:25:26,79.81,entertainment,mobile,0.0047,0
0,2025-02-18 12:11:30,45.34,entertainment,pos,0.0408,0
0,2025-02-18 23:12:36,53.25,fuel,online,0.0915,0
0,2025-02-19 12:14:48,15.81,jewelry,pos,0.0328,0
0,2025-02-20 09:20:15,61.27,entertainment,pos,0.0001,0
0,2025-02-20 12:01:10,49.2,entertainment,online,0.0784,0
0,2025-02-20 15:07:16,155.67,jewelry,pos,0.0003,0
0,2025-02-20 18:41:16,49.47,entertainment,online,0.0333,0
0,2025-02-21 08:54:22,92.91,entertainment,atm,0.0589,0
0,2025-02-21 12:03:24,55.45,entertainment,pos,0.0635,0
0,2025-02-22 06:37:51,72.22,entertainment,pos,0.0506,0
0,2025-02-22 10:22:55,18.47,fuel,online,0.0131,0
0,2025-02-23 14:25:07,68.95,cash_advance,mobile,0.0174,0
0,2025-02-23 21:41:55,49.68,fuel,pos,0.0993,0
0,2025-02-23 23:09:06,36.54,fuel,mobile,0.1058,0
0,2025-02-24 13:21:50,14.06,jewelry,online,0.0381,0
0,2025-02-24 15:38:57,61.13,cash_advance,pos,0.0739,0
0,2025-02-24 19:39:31,26.17,electronics,online,0.0659,0
0,2025-02-25 04:46:24,49.59,utilities,pos,0.0456,0
0,2025-02-25 12:53:38,27.48,fuel,online,0.0172,0
0,2025-02-25 13:54:03,57.63,online_retail,online,0.077,0
0,2025-02-26 06:15:11,59.56,entertainment,pos,0.0509,0
0,2025-02-26 14:02:17,40.71,jewelry,online,0.0883,0
0,2025-02-26 19:25:44,26.17,jewelry,pos,0.015,0
0,2025-02-27 17:23:18,77.32,entertainment,mobile,0.0129,0
0,2025-02-27 17:43:11,54.12,jewelry,mobile,0.0297,0
0,2025-02-27 21:36:59,103.1,fuel,online,0.0017,0
0,2025-02-28 10:33:22,47.96,entertainment,pos,0.0764,0
0,2025-02-28 14:28:32,21.84,fuel,atm,0.0412,0
0,2025-03-01 11:35:28,60.98,jewelry,online,0.0801,0
0,2025-03-01 16:30:55,72.39,jewelry,online,0.0638,0
0,2025-03-02 16:29:47,100.33,entertainment,pos,0.0103,0
0,2025-03-02 17:27:51,63.46,fuel,atm,0.0075,0
0,2025-03-02 18:39:00,109.72,entertainment,pos,0.0107,0
0,2025-03-02 19:24:39,94.64,travel,online,0.0481,0
0,2025-03-03 10:37:53,48.98,jewelry,pos,0.0668,0
0,2025-03-03 11:16:19,18.3,entertainment,mobile,0.0374,0
0,2025-03-03 12:15:00,16.49,fuel,mobile,0.0535,0
0,2025-03-03 16:19:35,33.23,entertainment,online,0.0201,0
0,2025-03-04 08:55:04,33.33,entertainment,online,0.0788,0
0,2025-03-04 09:59:45,62.5,fuel,mobile,0.0159,0
0,2025-03-04 14:04:25,23.37,utilities,online,0.0199,0
0,2025-03-04 14:43:11,17.02,entertainment,online,0.1168,0
0,2025-03-05 19:52:25,30.12,jewelry,online,0.0737,0
0,2025-03-06 09:27:30,24.69,travel,mobile,0.0039,0
0,2025-03-06 15:08:25,41.38,jewelry,mobile,0.0242,0
0,2025-03-06 16:11:50,35.03,jewelry,online,0.0503,0
0,2025-03-06 18:45:21,99.25,jewelry,online,0.0332,0
0,2025-03-07 11:24:26,74.89,fuel,atm,0.0262,0
0,2025-03-08 17:19:52,25.14,jewelry,online,0.0089,0
0,2025-03-08 17:32:59,32.9,fuel,online,0.0409,0
0,2025-03-08 21:41:42,50.29,fuel,online,0.029,0
0,2025-03-09 15:24:03,74.98,entertainment,mobile,0.048,0
0,2025-03-09 18:32:21,39.91,fuel,online,0.0179,0
0,2025-03-10 08:52:13,94.12,fuel,pos,0.0192,0
0,2025-03-10 16:59:21,218.07,jewelry,online,0.048,0
0,2025-03-10 22:38:19,75.88,entertainment,online,0.0679,0
0,2025-03-10 23:54:35,44.15,fuel,pos,0.0521,0
0,2025-03-11 13:11:54,18.46,fuel,pos,0.0048,0
0,2025-03-11 16:00:48,34.75,entertainment,pos,0.0262,0
0,2025-03-12 10:59:51,24.61,restaurant,mobile,0.0902,0
0,2025-03-12 11:07:43,32.69,entertainment,mobile,0.0365,0
0,2025-03-12 21:41:10,73.76,jewelry,pos,0.0293,0
0,2025-03-14 06:03:32,56.98,entertainment,pos,0.0106,0
0,2025-03-14 07:09:07,34.24,fuel,pos,0.0126,0
0,2025-03-14 08:35:32,131.91,grocery,pos,0.0959,0
0,2025-03-14 12:26:40,69.28,fuel,online,0.0115,0
0,2025-03-15 10:03:32,24.31,entertainment,online,0.038,0
0,2025-03-15 13:29:27,49.72,entertainment,pos,0.048,0
0,2025-03-16 05:19:35,45.3,fuel,online,0.0022,0
0,2025-03-17 14:47:07,154.72,fuel,pos,0.0067,0
0,2025-03-18 08:20:12,47.18,entertainment,pos,0.0023,0
0,2025-03-18 23:11:51,23.87,fuel,atm,0.0358,0
0,2025-03-19 19:38:49,70.51,fuel,online,0.0644,0
0,2025-03-20 07:03:30,91.23,jewelry,pos,0.0162,0
0,2025-03-20 15:09:32,24.37,entertainment,pos,0.0326,0
0,2025-03-20 19:28:42,50.33,entertainment,online,0.038,0
0,2025-03-20 20:27:34,129.51,jewelry,pos,0.0404,0
0,2025-03-21 05:48:45,100.17,restaurant,online,0.0338,0
0,2025-03-21 14:28:54,71.51,fuel,mobile,0.1137,0
0,2025-03-21 14:45:15,63.84,jewelry,mobile,0.07,0
0,2025-03-21 19:20:12,22.32,entertainment,online,0.0025,0
0,2025-03-21 19:30:00,83.35,jewelry,mobile,0.0037,0
0,2025-03-22 18:25:00,82.26,jewelry,mobile,0.0139,0
0,2025-03-22 19:39:48,41.68,entertainment,pos,0.0878,0
0,2025-03-23 05:37:23,33.71,fuel,mobile,0.0388,0
0,2025-03-23 12:41:06,44.39,entertainment,online,0.1008,0
0,2025-03-23 13:49:13,21.61,cash_advance,mobile,0.0279,0
0,2025-03-23 20:19:45,65.17,jewelry,mobile,0.0581,0
0,2025-03-24 10:51:07,25.09,fuel,mobile,0.0307,0
0,2025-03-25 05:45:28,34.48,jewelry,pos,0.0121,0
0,2025-03-25 08:02:48,20.89,entertainment,online,0.021,0
0,2025-03-25 14:01:21,73.41,jewelry,pos,0.0797,0
0,2025-03-25 15:37:13,50.11,jewelry,atm,0.0484,0
0,2025-03-26 09:04:57,30.84,fuel,pos,0.0718,0
0,2025-03-26 13:30:37,11.54,fuel,mobile,0.0255,0
0,2025-03-27 06:38:22,65.16,entertainment,pos,0.0337,0
0,2025-03-27 14:23:19,77.03,entertainment,online,0.0103,0
0,2025-03-27 15:27:08,89.84,jewelry,pos,0.034,0
0,2025-03-27 15:36:35,140.89,jewelry,online,0.0262,0
0,2025-03-27 18:46:19,65.32,entertainment,pos,0.015,0
0,2025-03-27 19:18:29,85.18,fuel,online,0.0385,0
0,2025-03-28 17:48:16,130.1,entertainment,pos,0.0795,0
0,2025-03-28 18:15:16,28.03,jewelry,pos,0.0345,0
0,2025-03-29 11:56:49,52.53,jewelry,mobile,0.0155,0
0,2025-03-29 15:48:48,19.61,restaurant,online,0.0663,0
0,2025-03-30 07:22:32,12.58,jewelry,online,0.0087,0
0,2025-03-30 10:14:38,48.78,entertainment,pos,0.0225,0
0,2025-03-31 09:06:46,59.16,jewelry,online,0.008,0
0,2025-03-31 14:05:34,90.87,jewelry,online,0.0873,0
0,2025-03-31 18:21:54,40.54,jewelry,pos,0.0373,0
0,2025-04-01 04:39:42,53.46,fuel,atm,0.0922,0
0,2025-04-01 05:51:20,62.91,entertainment,pos,0.0717,0
0,2025-04-01 12:27:29,19.24,fuel,online,0.0057,0
0,2025-04-01 15:55:59,62.32,cash_advance,pos,0.0239,0
0,2025-04-01 17:46:56,61.85,fuel,pos,0.0557,0
0,2025-04-02 13:46:55,47.15,entertainment,pos,0.0529,0
0,2025-04-02 23:11:48,128.53,jewelry,pos,0.0413,0
0,2025-04-03 11:07:06,66.0,entertainment,mobile,0.0643,0
0,2025-04-03 12:26:12,67.3,fuel,pos,0.0365,0
0,2025-04-03 23:35:36,10.01,entertainment,atm,0.0285,0
0,2025-04-04 13:56:12,191.73,entertainment,pos,0.0767,0
0,2025-04-04 18:12:09,94.8,jewelry,pos,0.0554,0
0,2025-04-04 22:09:43,192.45,fuel,pos,0.0507,0
0,2025-04-05 16:03:05,42.5,entertainment,online,0.0331,0
0,2025-04-05 19:09:31,19.91,jewelry,pos,0.0767,0
0,2025-04-05 23:23:34,36.59,fuel,mobile,0.0151,0
0,2025-04-06 06:42:01,21.38,fuel,online,0.0172,0
0,2025-04-06 10:36:29,20.67,entertainment,mobile,0.0195,0
0,2025-04-06 13:53:49,31.22,entertainment,mobile,0.0924,0
0,2025-04-07 09:11:39,104.61,entertainment,online,0.0498,0
0,2025-04-08 07:13:43,104.76,entertainment,mobile,0.0652,0
0,2025-04-08 07:48:45,14.96,jewelry,pos,0.0119,0
0,2025-04-08 18:15:31,91.93,restaurant,pos,0.0003,0
0,2025-04-09 07:41:21,53.01,travel,mobile,0.0895,0
0,2025-04-09 16:16:33,33.7,fuel,online,0.0327,0
0,2025-04-09 17:38:16,22.62,jewelry,mobile,0.0405,0
0,2025-04-10 08:44:15,62.26,fuel,online,0.0965,0
0,2025-04-10 16:05:43,44.48,fuel,pos,0.0692,0
0,2025-04-10 16:21:53,110.65,online_retail,pos,0.0302,0
0,2025-04-10 21:19:28,48.7,jewelry,mobile,0.0067,0
0,2025-04-11 10:11:17,45.53,jewelry,pos,0.0062,0
0,2025-04-12 06:38:59,88.44,entertainment,online,0.0297,0
0,2025-04-12 18:32:56,16.17,electronics,pos,0.0326,0
0,2025-04-12 20:01:22,170.7,jewelry,online,0.057,0
0,2025-04-13 17:02:57,86.54,utilities,pos,0.0063,0
0,2025-04-13 18:45:18,41.62,entertainment,pos,0.037,0
0,2025-04-14 13:20:41,195.13,jewelry,pos,0.0569,0
0,2025-04-14 14:59:42,27.74,travel,online,0.0261,0
0,2025-04-14 16:21:47,39.92,fuel,mobile,0.0088,0
0,2025-04-15 11:26:58,20.83,cash_advance,pos,0.0236,0
0,2025-04-15 11:32:48,111.23,restaurant,online,0.0646,0
0,2025-04-15 16:54:57,70.74,entertainment,online,0.0166,0
0,2025-04-16 09:28:12,81.03,jewelry,mobile,0.0684,0
0,2025-04-16 13:00:32,102.19,fuel,pos,0.0522,0
0,2025-04-17 06:24:46,32.0,fuel,mobile,0.0303,0
0,2025-04-17 16:54:45,68.99,grocery,mobile,0.0016,0
0,2025-04-18 07:37:31,72.97,entertainment,online,0.0163,0
0,2025-04-18 10:18:36,45.18,entertainment,online,0.0459,0
0,2025-04-19 02:23:33,254.31,cash_advance,atm,0.7551,1
0,2025-04-19 12:27:29,18.75,fuel,mobile,0.1079,0
0,2025-04-19 14:24:30,58.5,fuel,online,0.0427,0
0,2025-04-19 14:53:06,37.57,fuel,mobile,0.0007,0
0,2025-04-19 15:58:12,23.14,fuel,atm,0.0715,0
0,2025-04-21 08:14:12,72.52,fuel,mobile,0.055,0
0,2025-04-21 12:14:09,41.97,restaurant,online,0.0378,0
0,2025-04-21 12:30:56,59.95,jewelry,pos,0.1021,0
0,2025-04-22 14:01:40,145.5,jewelry,pos,0.0633,0
0,2025-04-22 15:39:55,36.82,fuel,pos,0.0594,0
0,2025-04-22 16:12:33,64.11,entertainment,mobile,0.0111,0
0,2025-04-22 17:20:25,114.7,entertainment,pos,0.0701,0
0,2025-04-23 10:08:05,53.91,fuel,online,0.0038,0
0,2025-04-23 11:20:18,29.22,jewelry,pos,0.0612,0
0,2025-04-23 11:51:25,45.19,entertainment,online,0.0613,0
0,2025-04-23 12:02:05,9.31,jewelry,pos,0.0025,0
0,2025-04-23 17:41:00,25.58,jewelry,online,0.0292,0
0,2025-04-24 08:57:41,55.57,fuel,pos,0.0505,0
0,2025-04-24 12:07:22,85.55,entertainment,pos,0.0327,0
0,2025-04-24 21:47:01,22.49,fuel,mobile,0.0182,0
0,2025-04-25 15:49:43,81.85,jewelry,mobile,0.0096,0
0,2025-04-26 11:16:19,44.24,grocery,pos,0.0434,0
0,2025-04-27 09:38:05,37.61,entertainment,pos,0.0813,0
0,2025-04-27 10:27:29,57.71,jewelry,online,0.0045,0
0,2025-04-27 12:00:48,18.46,entertainment,atm,0.0014,0
0,2025-04-27 15:13:21,61.41,fuel,atm,0.0155,0
0,2025-04-27 16:30:09,29.2,jewelry,pos,0.0247,0
0,2025-04-27 18:16:40,23.66,fuel,mobile,0.0499,0
0,2025-04-28 09:16:24,52.16,jewelry,mobile,0.014,0
0,2025-04-28 13:10:00,92.37,jewelry,online,0.0982,0
0,2025-04-28 14:13:26,12.82,jewelry,pos,0.01,0
0,2025-04-28 16:27:38,35.17,fuel,pos,0.0285,0
0,2025-04-28 18:49:10,63.35,cash_advance,pos,0.0273,0
0,2025-04-29 15:01:37,265.04,fuel,mobile,0.0856,0
0,2025-04-29 19:49:35,113.05,fuel,online,0.0301,0
0,2025-04-30 11:12:39,31.24,fuel,online,0.0582,0
0,2025-04-30 12:00:03,64.43,cash_advance,online,0.0857,0
0,2025-05-01 13:45:56,131.21,fuel,mobile,0.0128,0
0,2025-05-01 20:24:58,25.66,fuel,online,0.0408,0
0,2025-05-02 06:37:29,61.31,fuel,pos,0.0162,0
0,2025-05-02 07:43:56,67.05,entertainment,pos,0.0386,0
0,2025-05-02 12:12:05,68.23,travel,mobile,0.0042,0
0,2025-05-02 12:26:17,80.78,electronics,pos,0.026,0
0,2025-05-02 13:03:35,25.26,fuel,online,0.1012,0
0,2025-05-02 14:05:10,137.26,grocery,pos,0.0054,0
0,2025-05-03 07:57:23,241.59,jewelry,mobile,0.0838,0
0,2025-05-03 12:01:32,77.26,entertainment,online,0.0774,0
0,2025-05-03 13:35:31,41.39,fuel,mobile,0.036,0
0,2025-05-03 15:18:48,59.66,entertainment,online,0.003,0
0,2025-05-03 16:31:31,35.84,entertainment,online,0.088,0
0,2025-05-04 11:28:07,36.81,fuel,pos,0.0255,0
0,2025-05-04 17:01:18,45.62,jewelry,mobile,0.0522,0
0,2025-05-05 21:32:41,146.91,fuel,online,0.004,0
0,2025-05-06 12:58:08,41.97,entertainment,pos,0.0097,0
0,2025-05-07 08:09:04,100.14,jewelry,mobile,0.0101,0
0,2025-05-07 15:48:12,196.28,fuel,online,0.0358,0
0,2025-05-08 09:10:44,37.06,entertainment,atm,0.0899,0
0,2025-05-08 10:41:36,167.13,jewelry,pos,0.0985,0
0,2025-05-08 11:22:09,98.83,entertainment,mobile,0.0422,0
0,2025-05-08 13:10:31,33.97,fuel,online,0.0001,0
0,2025-05-08 17:39:32,50.74,entertainment,pos,0.0048,0
0,2025-05-09 14:56:50,10.7,fuel,online,0.0476,0
0,2025-05-09 17:32:27,27.69,entertainment,mobile,0.0087,0
0,2025-05-09 23:03:46,110.98,entertainment,mobile,0.0515,0
0,2025-05-10 11:20:35,18.98,fuel,mobile,0.0536,0
0,2025-05-10 16:49:54,70.17,jewelry,pos,0.0257,0
0,2025-05-10 19:51:55,37.69,entertainment,online,0.1004,0
0,2025-05-10 23:51:55,36.26,entertainment,pos,0.0348,0
0,2025-05-11 07:52:54,39.49,jewelry,pos,0.0697,0
0,2025-05-12 04:06:07,49.07,entertainment,pos,0.067,0
0,2025-05-12 14:13:25,54.29,fuel,pos,0.0887,0
0,2025-05-12 19:02:51,62.97,electronics,online,0.019,0
0,2025-05-13 01:23:28,145.92,jewelry,online,0.0366,0
0,2025-05-13 07:03:58,5.97,fuel,pos,0.0006,0
0,2025-05-13 11:54:05,37.55,fuel,pos,0.0132,0
0,2025-05-14 06:00:05,79.77,fuel,pos,0.0773,0
0,2025-05-15 14:28:41,43.78,grocery,pos,0.015,0
0,2025-05-15 18:38:54,49.31,jewelry,mobile,0.0983,0
0,2025-05-16 06:44:49,101.07,restaurant,online,0.0031,0
0,2025-05-16 10:40:23,38.61,fuel,online,0.0681,0
0,2025-05-16 15:09:12,85.65,utilities,online,0.1423,0
0,2025-05-17 12:11:35,18.83,entertainment,pos,0.0392,0
0,2025-05-18 12:43:37,30.21,entertainment,mobile,0.0189,0
0,2025-05-18 12:55:22,38.17,entertainment,pos,0.0701,0
0,2025-05-18 16:22:44,30.39,fuel,pos,0.0627,0
0,2025-05-18 18:14:33,17.35,entertainment,pos,0.0563,0
0,2025-05-19 10:01:17,21.36,fuel,online,0.0115,0
0,2025-05-19 15:48:53,153.24,fuel,pos,0.0624,0
0,2025-05-19 18:08:49,98.28,online_retail,online,0.0004,0
0,2025-05-21 00:08:55,37.53,cash_advance,atm,0.0545,0
0,2025-05-21 09:42:35,88.51,fuel,pos,0.0746,0
0,2025-05-22 11:59:50,99.28,fuel,online,0.0445,0
0,2025-05-22 12:03:57,47.57,jewelry,online,0.016,0
0,2025-05-22 21:45:56,61.51,fuel,atm,0.0861,0
0,2025-05-23 11:01:45,76.88,fuel,online,0.0151,0
0,2025-05-23 12:19:08,99.81,fuel,online,0.0102,0
0,2025-05-23 16:21:43,197.64,fuel,mobile,0.0533,0
0,2025-05-23 23:29:16,51.55,restaurant,online,0.017,0
0,2025-05-24 07:36:24,69.84,fuel,mobile,0.0282,0
0,2025-05-24 09:31:59,8.12,fuel,online,0.0313,0
0,2025-05-24 19:51:17,73.48,entertainment,mobile,0.0767,0
0,2025-05-25 06:49:39,17.88,jewelry,online,0.0971,0
0,2025-05-25 16:26:50,53.58,entertainment,online,0.006,0
0,2025-05-26 15:11:51,108.15,entertainment,pos,0.0052,0
0,2025-05-27 09:31:37,64.73,jewelry,pos,0.0266,0
0,2025-05-27 12:13:22,115.0,jewelry,pos,0.0766,0
0,2025-05-27 19:31:13,77.1,jewelry,mobile,0.0267,0
0,2025-05-28 04:38:56,138.86,entertainment,online,0.0047,0
0,2025-05-28 12:05:11,145.58,entertainment,online,0.0947,0
0,2025-05-28 16:53:04,93.72,entertainment,mobile,0.0121,0
0,2025-05-28 19:57:45,85.16,entertainment,pos,0.0437,0
0,2025-05-29 15:26:37,42.93,entertainment,pos,0.0164,0
0,2025-05-30 10:14:04,34.85,jewelry,online,0.0313,0
0,2025-05-30 10:52:41,126.75,entertainment,online,0.0469,0
0,2025-05-30 11:35:24,64.17,jewelry,pos,0.0375,0
0,2025-05-30 12:11:48,86.52,entertainment,pos,0.0252,0
0,2025-05-30 17:15:19,94.35,entertainment,pos,0.0127,0
0,2025-05-30 18:36:52,139.8,entertainment,mobile,0.0472,0
0,2025-06-01 18:47:17,36.06,fuel,pos,0.0185,0
0,2025-06-02 14:29:18,61.33,restaurant,mobile,0.0367,0
0,2025-06-02 19:45:08,98.57,cash_advance,pos,0.0033,0
0,2025-06-03 10:41:11,15.36,jewelry,pos,0.0939,0
0,2025-06-03 13:00:26,74.21,utilities,online,0.0751,0
0,2025-06-04 16:06:02,38.89,jewelry,pos,0.0166,0
0,2025-06-05 08:01:34,25.39,cash_advance,online,0.0395,0
0,2025-06-05 09:44:49,13.02,online_retail,pos,0.0493,0
0,2025-06-05 10:01:15,49.83,jewelry,pos,0.0118,0
0,2025-06-05 21:54:48,86.82,cash_advance,pos,0.0392,0
0,2025-06-06 11:33:12,88.27,entertainment,online,0.0629,0
0,2025-06-06 11:52:40,126.67,entertainment,online,0.0684,0
0,2025-06-06 17:34:38,207.97,fuel,mobile,0.0475,0
0,2025-06-07 12:13:30,105.31,entertainment,mobile,0.0264,0
0,2025-06-07 13:43:28,349.3,fuel,pos,0.0501,0
0,2025-06-08 06:30:24,233.8,fuel,pos,0.0659,0
0,2025-06-08 06:53:25,62.76,entertainment,mobile,0.0122,0
0,2025-06-08 14:30:24,85.2,entertainment,online,0.0386,0
0,2025-06-10 12:00:58,46.69,fuel,online,0.0423,0
0,2025-06-10 14:53:10,22.8,utilities,online,0.0016,0
0,2025-06-11 08:19:27,48.4,fuel,online,0.0675,0
0,2025-06-11 09:59:44,27.55,entertainment,online,0.007,0
0,2025-06-11 12:14:29,92.56,utilities,pos,0.0614,0
0,2025-06-11 22:58:09,71.56,online_retail,pos,0.1321,0
0,2025-06-12 06:18:18,53.39,fuel,mobile,0.0004,0
0,2025-06-12 12:28:11,124.25,jewelry,pos,0.1327,0
0,2025-06-12 19:47:32,140.16,fuel,pos,0.0484,0
0,2025-06-13 06:25:42,18.7,grocery,online,0.0938,0
0,2025-06-13 06:42:43,63.58,jewelry,online,0.0049,0
0,2025-06-13 20:16:00,17.2,entertainment,pos,0.0651,0
0,2025-06-14 09:19:37,309.05,entertainment,pos,0.0665,0
0,2025-06-16 13:24:59,24.84,restaurant,online,0.0159,0
0,2025-06-16 20:06:49,96.85,cash_advance,pos,0.0298,0
0,2025-06-17 08:07:48,65.2,jewelry,pos,0.0167,0
0,2025-06-17 13:41:20,32.26,entertainment,online,0.0287,0
0,2025-06-17 16:00:14,57.96,jewelry,online,0.0238,0
0,2025-06-18 21:47:15,20.49,entertainment,pos,0.0376,0
0,2025-06-19 11:59:31,84.35,jewelry,mobile,0.0255,0
0,2025-06-19 21:38:00,30.71,fuel,mobile,0.0388,0
0,2025-06-20 04:31:30,40.8,entertainment,pos,0.035,0
0,2025-06-21 00:09:57,31.16,fuel,mobile,0.0433,0
0,2025-06-22 11:54:18,106.16,utilities,mobile,0.0128,0
0,2025-06-22 14:04:09,253.22,entertainment,pos,0.0116,0
0,2025-06-22 19:25:33,25.87,jewelry,online,0.0387,0
0,2025-06-22 21:49:20,42.6,entertainment,mobile,0.0741,0
0,2025-06-23 09:39:30,94.98,fuel,pos,0.0665,0
0,2025-06-23 12:29:12,65.85,utilities,online,0.0042,0
0,2025-06-23 22:59:06,32.85,entertainment,pos,0.0094,0
0,2025-06-23 23:17:31,81.73,jewelry,pos,0.0037,0
0,2025-06-24 17:28:48,15.74,entertainment,pos,0.0503,0
0,2025-06-25 08:06:59,58.64,jewelry,pos,0.0232,0
0,2025-06-25 13:32:33,25.59,jewelry,online,0.033,0
0,2025-06-25 14:03:18,150.47,entertainment,pos,0.0242,0
0,2025-06-26 16:33:28,42.66,jewelry,pos,0.0822,0
0,2025-06-27 10:58:02,39.95,fuel,online,0.0549,0
0,2025-06-27 13:15:52,24.72,fuel,pos,0.0064,0
0,2025-06-28 15:12:35,43.86,entertainment,atm,0.0079,0
0,2025-06-28 19:42:53,55.44,entertainment,online,0.0004,0
0,2025-06-29 02:39:24,20.3,entertainment,mobile,0.025,0
0,2025-06-29 18:38:43,36.79,fuel,mobile,0.0208,0
1,2025-01-01 05:21:48,159.64,jewelry,pos,0.091,0
1,2025-01-02 12:49:00,96.45,utilities,atm,0.0122,0
1,2025-01-02 15:14:50,14.01,jewelry,pos,0.0648,0
1,2025-01-02 15:22:39,30.55,utilities,mobile,0.0138,0
1,2025-01-03 05:56:46,78.89,entertainment,mobile,0.0388,0
1,2025-01-03 10:01:08,60.33,jewelry,pos,0.0097,0
1,2025-01-03 11:53:32,36.31,restaurant,mobile,0.0268,0
1,2025-01-03 16:49:52,228.11,cash_advance,online,0.0095,0
1,2025-01-04 08:04:30,66.83,restaurant,online,0.0255,0
1,2025-01-05 22:58:24,27.8,jewelry,pos,0.0331,0
1,2025-01-06 16:59:44,184.69,restaurant,pos,0.0351,0
1,2025-01-06 22:07:02,82.31,restaurant,pos,0.0188,0
1,2025-01-07 08:16:05,184.14,jewelry,online,0.0385,0
1,2025-01-07 18:19:32,28.81,utilities,pos,0.0913,0
1,2025-01-08 12:41:40,87.38,jewelry,pos,0.007,0
1,2025-01-08 20:35:14,99.72,jewelry,pos,0.0177,0
1,2025-01-09 19:50:30,28.44,utilities,online,0.067,0
1,2025-01-09 21:08:10,37.49,restaurant,mobile,0.0116,0
1,2025-01-10 20:48:51,70.49,utilities,mobile,0.0151,0
1,2025-01-11 21:11:24,38.07,utilities,online,0.0513,0
1,2025-01-12 10:37:23,82.08,utilities,pos,0.0176,0
1,2025-01-12 15:30:21,154.85,jewelry,pos,0.0113,0
1,2025-01-13 05:52:50,30.16,jewelry,pos,0.0413,0
1,2025-01-13 06:43:09,136.4,jewelry,atm,0.0564,0
1,2025-01-13 10:12:14,45.07,restaurant,pos,0.0324,0
1,2025-01-13 13:50:18,115.64,jewelry,pos,0.0443,0
1,2025-01-13 14:28:22,63.38,jewelry,online,0.0298,0
1,2025-01-13 17:01:46,52.09,jewelry,pos,0.0534,0
1,2025-01-14 10:45:42,101.12,jewelry,online,0.032,0
1,2025-01-14 17:55:15,64.74,jewelry,atm,0.0104,0
1,2025-01-15 04:01:04,68.2,utilities,online,0.0056,0
1,2025-01-15 10:06:24,73.49,restaurant,mobile,0.0359,0
1,2025-01-15 12:29:22,70.24,utilities,pos,0.0319,0
1,2025-01-16 09:35:21,101.49,utilities,atm,0.0135,0
1,2025-01-16 11:57:24,27.69,cash_advance,pos,0.0501,0
1,2025-01-17 08:05:03,28.12,utilities,online,0.0306,0
1,2025-01-17 08:11:45,17.47,restaurant,online,0.0557,0
1,2025-01-17 10:32:02,82.13,restaurant,mobile,0.0697,0
1,2025-01-18 07:14:00,172.39,jewelry,online,0.0656,0
1,2025-01-18 10:20:20,21.89,utilities,pos,0.0038,0
1,2025-01-18 11:11:47,150.54,restaurant,mobile,0.0543,0
1,2025-01-19 01:17:03,27.09,restaurant,pos,0.0291,0
1,2025-01-19 05:58:18,117.82,restaurant,mobile,0.027,0
1,2025-01-19 09:35:07,28.17,jewelry,pos,0.016,0
1,2025-01-19 10:19:23,124.73,electronics,online,0.0403,0
1,2025-01-19 11:00:53,84.02,utilities,pos,0.0571,0
1,2025-01-19 11:01:59,33.11,utilities,online,0.005,0
1,2025-01-19 17:47:47,109.88,restaurant,pos,0.1189,0
1,2025-01-20 09:54:13,101.28,utilities,mobile,0.0096,0
1,2025-01-20 15:29:01,34.56,utilities,pos,0.1204,0
1,2025-01-21 17:58:46,62.84,utilities,online,0.0059,0
1,2025-01-22 18:15:12,67.47,grocery,pos,0.0006,0
1,2025-01-22 18:26:30,42.69,utilities,pos,0.0269,0
1,2025-01-23 06:36:40,89.5,restaurant,mobile,0.0191,0
1,2025-01-24 14:40:30,32.97,jewelry,online,0.0422,0
1,2025-01-24 19:19:42,6.09,jewelry,online,0.0383,0
1,2025-01-25 11:44:26,40.27,utilities,pos,0.06,0
1,2025-01-25 13:41:54,49.15,restaurant,mobile,0.0707,0
1,2025-01-26 15:06:46,125.39,utilities,mobile,0.0121,0
1,2025-01-26 17:21:55,65.87,entertainment,online,0.0241,0
1,2025-01-28 14:52:31,29.91,utilities,atm,0.006,0
1,2025-01-29 14:40:46,30.8,grocery,online,0.034,0
1,2025-01-30 10:31:29,60.67,entertainment,pos,0.0236,0
1,2025-01-31 23:54:06,77.11,online_retail,pos,0.0693,0
1,2025-02-01 08:34:32,57.23,restaurant,mobile,0.0457,0
1,2025-02-01 12:59:40,73.76,grocery,mobile,0.0939,0
1,2025-02-01 13:16:49,19.42,restaurant,pos,0.0088,0
1,2025-02-01 14:33:08,18.76,utilities,online,0.098,0
1,2025-02-02 13:16:15,98.83,utilities,pos,0.011,0
1,2025-02-02 20:41:37,152.01,jewelry,pos,0.0765,0
1,2025-02-03 11:58:46,13.93,fuel,pos,0.1162,0
1,2025-02-03 19:27:01,76.82,jewelry,mobile,0.1248,0
1,2025-02-04 02:22:39,8.48,jewelry,online,0.0266,0
1,2025-02-04 14:25:39,17.34,jewelry,pos,0.0094,0
1,2025-02-06 05:13:51,192.53,utilities,pos,0.0435,0
1,2025-02-06 11:24:25,196.17,jewelry,online,0.0918,0
1,2025-02-06 18:52:01,45.55,utilities,pos,0.0167,0
1,2025-02-08 14:25:37,179.8,jewelry,mobile,0.0254,0
1,2025-02-09 13:26:40,75.49,jewelry,pos,0.0513,0
1,2025-02-09 14:35:21,51.81,restaurant,mobile,0.0026,0
1,2025-02-09 16:07:02,40.94,jewelry,online,0.0755,0
1,2025-02-10 08:35:29,136.43,restaurant,pos,0.0469,0
1,2025-02-10 10:37:30,43.67,jewelry,atm,0.0009,0
1,2025-02-10 13:28:44,333.0,jewelry,mobile,0.0423,0
1,2025-02-10 15:12:20,47.02,restaurant,online,0.0342,0
1,2025-02-12 04:40:50,61.29,grocery,mobile,0.0369,0
1,2025-02-12 12:47:56,67.86,utilities,pos,0.0209,0
1,2025-02-12 19:30:03,27.81,restaurant,mobile,0.0211,0
1,2025-02-13 14:21:40,60.49,restaurant,online,0.0069,0
1,2025-02-14 12:03:14,43.37,utilities,pos,0.0251,0
1,2025-02-14 15:17:37,95.26,restaurant,pos,0.0078,0
1,2025-02-14 16:02:15,45.27,restaurant,online,0.004,0
1,2025-02-15 15:44:10,70.51,jewelry,pos,0.036,0
1,2025-02-15 16:49:29,36.79,restaurant,pos,0.006,0
1,2025-02-16 07:03:37,102.9,utilities,mobile,0.014,0
1,2025-02-16 13:39:13,73.92,restaurant,pos,0.0836,0
1,2025-02-16 14:56:16,47.2,restaurant,mobile,0.0378,0
1,2025-02-17 07:09:39,64.48,online_retail,online,0.0599,0
1,2025-02-17 17:39:22,87.76,utilities,mobile,0.0114,0
1,2025-02-18 12:57:38,17.02,travel,atm,0.0414,0
1,2025-02-19 10:11:21,71.13,restaurant,atm,0.072,0
1,2025-02-19 13:25:18,104.79,restaurant,pos,0.0038,0
1,2025-02-19 16:02:46,12.59,jewelry,online,0.0752,0
1,2025-02-20 11:08:16,47.68,jewelry,online,0.1201,0
1,2025-02-21 04:49:15,160.44,online_retail,online,0.5416,1
1,2025-02-21 11:56:53,26.36,jewelry,pos,0.0525,0
1,2025-02-21 12:16:47,64.96,restaurant,pos,0.2156,0
1,2025-02-21 14:10:40,11.47,restaurant,atm,0.0566,0
1,2025-02-22 07:56:21,59.08,utilities,online,0.0446,0
1,2025-02-23 19:15:40,39.51,utilities,pos,0.0764,0
1,2025-02-23 23:46:28,123.07,utilities,mobile,0.0679,0
1,2025-02-24 07:44:46,26.13,utilities,pos,0.0354,0
1,2025-02-24 11:29:50,64.39,cash_advance,pos,0.0687,0
1,2025-02-24 16:42:41,24.75,grocery,online,0.0247,0
1,2025-02-24 18:09:51,126.94,utilities,online,0.0915,0
1,2025-02-24 21:25:16,38.88,jewelry,pos,0.0331,0
1,2025-02-25 16:05:34,20.96,jewelry,online,0.1301,0
1,2025-02-25 22:48:03,48.93,utilities,pos,0.0183,0
1,2025-02-26 14:03:47,59.75,restaurant,online,0.0222,0
1,2025-02-26 18:05:57,21.09,utilities,mobile,0.0016,0
1,2025-02-27 14:57:00,35.58,jewelry,mobile,0.0502,0
1,2025-03-01 09:07:45,70.18,fuel,mobile,0.0364,0
1,2025-03-01 09:25:35,55.45,jewelry,atm,0.0753,0
1,2025-03-02 09:58:08,42.48,restaurant,mobile,0.0011,0
1,2025-03-03 16:30:16,150.69,jewelry,online,0.0333,0
1,2025-03-03 16:41:49,14.74,cash_advance,pos,0.012,0
1,2025-03-04 07:59:57,166.18,utilities,pos,0.0091,0
1,2025-03-05 16:13:11,56.38,jewelry,online,0.0592,0
1,2025-03-05 16:56:21,26.06,fuel,mobile,0.0092,0
1,2025-03-06 06:08:23,49.33,restaurant,pos,0.0014,0
1,2025-03-06 09:59:33,46.69,fuel,atm,0.0452,0
1,2025-03-06 12:26:36,29.19,utilities,pos,0.0348,0
1,2025-03-06 14:15:40,133.29,restaurant,pos,0.0369,0
1,2025-03-06 14:21:30,72.99,restaurant,mobile,0.013,0
1,2025-03-07 10:33:21,24.19,restaurant,mobile,0.0289,0
1,2025-03-07 12:58:04,23.64,utilities,mobile,0.0269,0
1,2025-03-08 10:58:19,28.91,jewelry,pos,0.0227,0
1,2025-03-08 19:00:32,57.47,utilities,online,0.1218,0
1,2025-03-10 06:31:27,89.57,restaurant,pos,0.0022,0
1,2025-03-10 09:09:41,155.39,restaurant,mobile,0.0112,0
1,2025-03-10 13:59:25,179.03,jewelry,mobile,0.0413,0
1,2025-03-10 20:56:19,35.89,entertainment,pos,0.0047,0
1,2025-03-11 16:36:02,57.79,restaurant,mobile,0.0109,0
1,2025-03-11 18:36:20,37.91,jewelry,online,0.057,0
1,2025-03-13 10:47:30,26.97,utilities,pos,0.065,0
1,2025-03-13 11:42:22,91.55,restaurant,pos,0.0103,0
1,2025-03-13 14:49:02,56.0,restaurant,online,0.0078,0
1,2025-03-14 08:36:57,185.35,restaurant,online,0.0464,0
1,2025-03-14 17:46:56,70.65,restaurant,pos,0.0014,0
1,2025-03-16 09:54:03,91.28,jewelry,mobile,0.0881,0
1,2025-03-18 17:28:55,125.79,utilities,online,0.0634,0
1,2025-03-20 01:07:16,30.52,jewelry,pos,0.0172,0
1,2025-03-20 10:31:49,73.88,fuel,online,0.025,0
1,2025-03-20 13:09:13,30.47,jewelry,mobile,0.0638,0
1,2025-03-20 13:37:17,36.73,restaurant,pos,0.0079,0
1,2025-03-20 16:53:04,69.58,restaurant,pos,0.0697,0
1,2025-03-20 20:25:56,76.85,restaurant,mobile,0.0009,0
1,2025-03-21 11:04:20,138.82,jewelry,mobile,0.0043,0
1,2025-03-21 16:11:47,52.55,online_retail,pos,0.009,0
1,2025-03-22 05:05:44,93.65,jewelry,mobile,0.0622,0
1,2025-03-22 12:15:28,115.67,online_retail,pos,0.0275,0
1,2025-03-22 12:21:01,48.22,fuel,online,0.0388,0
1,2025-03-22 13:05:50,83.26,utilities,online,0.0286,0
1,2025-03-24 16:38:53,26.38,utilities,online,0.0096,0
1,2025-03-25 06:52:32,43.09,jewelry,mobile,0.0483,0
1,2025-03-25 16:07:37,42.51,jewelry,pos,0.0374,0
1,2025-03-26 16:48:59,50.04,restaurant,mobile,0.0335,0
1,2025-03-27 10:53:47,175.62,jewelry,online,0.0288,0
1,2025-03-27 18:59:33,44.92,restaurant,pos,0.0083,0
1,2025-03-28 14:53:10,17.2,utilities,mobile,0.0458,0
1,2025-03-29 17:41:10,40.87,restaurant,atm,0.0237,0
1,2025-03-29 23:39:32,31.64,restaurant,pos,0.0252,0
1,2025-03-30 18:32:19,29.55,jewelry,mobile,0.0306,0
1,2025-03-31 13:39:39,119.67,utilities,pos,0.0063,0
1,2025-04-01 17:32:50,67.13,jewelry,pos,0.043,0
1,2025-04-01 18:44:42,13.27,utilities,online,0.0074,0
1,2025-04-01 23:26:40,31.49,jewelry,atm,0.0761,0
1,2025-04-02 12:05:40,43.96,restaurant,online,0.1422,0
1,2025-04-02 12:27:34,79.51,utilities,mobile,0.0067,0
1,2025-04-03 13:22:30,51.7,travel,online,0.003,0
1,2025-04-04 07:05:44,19.78,restaurant,online,0.0171,0
1,2025-04-04 13:37:03,60.87,online_retail,online,0.0036,0
1,2025-04-04 16:58:18,28.43,utilities,mobile,0.0707,0
1,2025-04-05 11:07:31,216.36,jewelry,online,0.0968,0
1,2025-04-06 16:07:24,23.64,jewelry,mobile,0.0064,0
1,2025-04-06 17:21:01,46.91,fuel,online,0.0347,0
1,2025-04-06 19:04:57,70.1,utilities,mobile,0.0349,0
1,2025-04-07 07:09:16,35.36,restaurant,online,0.0046,0
1,2025-04-07 12:19:58,90.48,online_retail,pos,0.0026,0
1,2025-04-07 22:48:20,95.42,utilities,online,0.0112,0
1,2025-04-10 10:42:49,85.67,restaurant,mobile,0.0208,0
1,2025-04-10 10:47:24,82.66,utilities,online,0.0045,0
1,2025-04-10 17:19:45,101.18,utilities,online,0.045,0
1,2025-04-11 08:52:55,46.15,utilities,pos,0.0064,0
1,2025-04-12 08:58:49,115.31,restaurant,pos,0.0452,0
1,2025-04-12 12:04:59,60.35,jewelry,online,0.0408,0
1,2025-04-12 14:07:55,80.86,jewelry,online,0.0234,0
1,2025-04-12 17:36:18,166.19,jewelry,online,0.0534,0
1,2025-04-13 10:45:01,58.68,jewelry,pos,0.1267,0
1,2025-04-13 19:41:36,67.1,jewelry,online,0.0908,0
1,2025-04-14 09:59:03,75.49,online_retail,online,0.0068,0
1,2025-04-14 18:33:00,41.34,jewelry,pos,0.1067,0
1,2025-04-16 17:36:50,33.26,electronics,online,0.003,0
1,2025-04-18 15:39:00,104.29,restaurant,online,0.0168,0
1,2025-04-18 18:00:28,26.61,electronics,online,0.0858,0
1,2025-04-18 22:01:08,62.59,utilities,mobile,0.0455,0
1,2025-04-19 09:38:28,67.53,utilities,pos,0.0445,0
1,2025-04-19 16:50:30,35.7,electronics,pos,0.0644,0
1,2025-04-19 19:12:15,11.92,restaurant,mobile,0.0139,0
1,2025-04-20 14:10:39,23.24,restaurant,pos,0.022,0
1,2025-04-21 09:39:45,181.71,jewelry,mobile,0.0274,0
1,2025-04-21 13:45:23,24.22,utilities,online,0.1488,0
1,2025-04-21 13:49:37,33.3,restaurant,online,0.0225,0
1,2025-04-21 14:25:53,44.51,jewelry,pos,0.0212,0
1,2025-04-22 10:51:04,128.64,restaurant,pos,0.0765,0
1,2025-04-22 11:31:05,38.13,jewelry,mobile,0.014,0
1,2025-04-22 18:20:24,174.04,jewelry,online,0.0576,0
1,2025-04-25 10:35:05,48.17,utilities,pos,0.0232,0
1,2025-04-26 08:05:43,107.18,jewelry,pos,0.0127,0
1,2025-04-26 11:59:31,29.44,restaurant,online,0.0222,0
1,2025-04-27 07:56:15,57.09,jewelry,pos,0.0314,0
1,2025-04-27 09:46:22,19.75,jewelry,mobile,0.0053,0
1,2025-04-27 13:44:03,42.69,utilities,pos,0.0168,0
1,2025-04-27 14:35:09,87.54,entertainment,atm,0.0631,0
1,2025-04-27 16:13:37,46.05,utilities,online,0.0041,0
1,2025-04-28 07:09:24,14.69,utilities,pos,0.0767,0
1,2025-04-29 11:44:41,37.12,jewelry,online,0.0518,0
1,2025-04-29 16:07:56,39.93,restaurant,online,0.046,0
1,2025-04-29 23:54:43,113.23,fuel,pos,0.0706,0
1,2025-04-30 11:23:18,48.47,restaurant,atm,0.1163,0
1,2025-04-30 15:24:33,26.97,restaurant,online,0.0051,0
1,2025-04-30 16:10:47,16.04,jewelry,mobile,0.0275,0
1,2025-05-01 10:40:02,34.98,restaurant,online,0.0119,0
1,2025-05-01 12:43:48,62.62,utilities,mobile,0.0376,0
1,2025-05-01 16:19:34,14.49,jewelry,online,0.0117,0
1,2025-05-03 06:44:20,119.24,restaurant,pos,0.1115,0
1,2025-05-03 13:20:25,50.49,jewelry,mobile,0.0045,0
1,2025-05-05 18:00:31,167.62,cash_advance,mobile,0.0373,0
1,2025-05-05 18:44:01,37.61,restaurant,online,0.0013,0
1,2025-05-06 09:21:34,93.78,online_retail,online,0.0306,0
1,2025-05-06 11:09:08,241.2,travel,online,0.0267,0
1,2025-05-06 14:21:21,60.54,restaurant,pos,0.0237,0
1,2025-05-07 10:30:02,122.1,utilities,online,0.0092,0
1,2025-05-07 16:30:21,70.49,utilities,pos,0.0049,0
1,2025-05-07 17:06:31,91.86,restaurant,pos,0.0336,0
1,2025-05-08 04:15:32,130.52,jewelry,pos,0.0666,0
1,2025-05-09 14:21:02,47.58,travel,pos,0.0347,0
1,2025-05-09 18:27:51,237.46,cash_advance,online,0.0024,0
1,2025-05-10 09:03:15,32.92,jewelry,pos,0.1052,0
1,2025-05-10 14:55:29,15.81,jewelry,mobile,0.0579,0
1,2025-05-10 18:38:12,18.61,cash_advance,pos,0.0238,0
1,2025-05-10 20:06:45,25.42,jewelry,online,0.0028,0
1,2025-05-10 20:54:04,160.21,fuel,pos,0.0348,0
1,2025-05-11 13:35:21,150.62,online_retail,mobile,0.0781,0
1,2025-05-12 07:48:46,88.33,restaurant,atm,0.0943,0
1,2025-05-12 13:19:04,37.63,utilities,online,0.041,0
1,2025-05-12 21:40:07,101.75,restaurant,online,0.0036,0
1,2025-05-13 13:45:42,19.98,restaurant,online,0.0234,0
1,2025-05-15 17:33:26,30.32,restaurant,online,0.0185,0
1,2025-05-17 10:17:04,27.51,restaurant,mobile,0.0399,0
1,2025-05-17 15:15:59,96.98,restaurant,atm,0.0044,0
1,2025-05-17 16:33:01,60.69,restaurant,pos,0.0291,0
1,2025-05-18 05:49:51,24.32,jewelry,atm,0.0152,0
1,2025-05-18 14:36:47,40.89,jewelry,pos,0.0357,0
1,2025-05-18 22:05:54,46.34,electronics,pos,0.0277,0
1,2025-05-20 04:31:21,17.34,jewelry,atm,0.0708,0
1,2025-05-20 18:24:59,45.87,utilities,pos,0.021,0
1,2025-05-20 23:41:32,83.67,restaurant,online,0.0514,0
1,2025-05-21 12:19:52,69.92,jewelry,online,0.0917,0
1,2025-05-22 09:23:30,69.75,restaurant,mobile,0.0226,0
1,2025-05-22 13:37:25,29.01,restaurant,online,0.0102,0
1,2025-05-22 16:45:50,41.87,jewelry,pos,0.0025,0
1,2025-05-22 18:57:28,51.57,utilities,online,0.0217,0
1,2025-05-23 08:14:29,38.75,online_retail,online,0.0743,0
1,2025-05-23 11:23:05,76.63,jewelry,online,0.0188,0
1,2025-05-23 17:48:09,27.45,utilities,mobile,0.0649,0
1,2025-05-25 08:03:10,71.82,restaurant,mobile,0.0844,0
1,2025-05-25 19:29:27,109.67,fuel,mobile,0.0268,0
1,2025-05-25 20:04:46,72.37,cash_advance,online,0.0002,0
1,2025-05-26 05:50:19,71.68,jewelry,pos,0.0049,0
1,2025-05-26 07:34:42,21.05,jewelry,mobile,0.008,0
1,2025-05-26 11:28:24,48.91,restaurant,pos,0.0831,0
1,2025-05-26 13:35:07,51.06,jewelry,pos,0.0001,0
1,2025-05-27 09:17:36,35.83,jewelry,mobile,0.076,0
1,2025-05-28 07:16:36,50.99,jewelry,mobile,0.1135,0
1,2025-05-28 07:37:03,52.04,fuel,online,0.0317,0
1,2025-05-28 09:23:47,43.84,utilities,online,0.0458,0
1,2025-05-28 12:37:06,93.87,utilities,mobile,0.0907,0
1,2025-05-28 20:28:29,22.94,online_retail,mobile,0.022,0
1,2025-05-28 23:45:47,35.46,utilities,mobile,0.0033,0
1,2025-05-28 23:56:28,18.89,jewelry,online,0.0189,0
1,2025-05-29 02:30:11,166.11,restaurant,online,0.0038,0
1,2025-05-29 19:35:29,231.84,restaurant,mobile,0.0545,0
1,2025-05-30 11:11:03,13.22,restaurant,pos,0.0084,0
1,2025-05-30 18:58:00,76.53,utilities,mobile,0.0513,0
1,2025-05-30 21:45:25,22.38,utilities,mobile,0.0686,0
1,2025-05-31 04:31:00,16.65,jewelry,mobile,0.0269,0
1,2025-05-31 09:28:34,92.23,jewelry,pos,0.0226,0
1,2025-05-31 10:29:46,142.55,jewelry,online,0.0311,0
1,2025-05-31 12:18:50,75.9,jewelry,mobile,0.0725,0
1,2025-06-01 12:05:50,37.92,entertainment,pos,0.0138,0
1,2025-06-02 10:52:39,99.65,restaurant,online,0.0195,0
1,2025-06-02 12:04:36,31.32,jewelry,pos,0.0241,0
1,2025-06-02 13:43:43,81.95,grocery,online,0.0595,0
1,2025-06-02 15:56:46,27.1,jewelry,pos,0.0106,0
1,2025-06-02 23:25:51,37.41,restaurant,mobile,0.0393,0
1,2025-06-03 08:38:04,39.75,jewelry,atm,0.0125,0
1,2025-06-03 10:11:04,106.37,jewelry,online,0.0381,0
1,2025-06-04 09:30:21,61.1,cash_advance,pos,0.0762,0
1,2025-06-06 02:24:40,95.17,utilities,online,0.0504,0
1,2025-06-06 08:52:06,19.23,restaurant,pos,0.0238,0
1,2025-06-06 13:00:42,143.51,restaurant,online,0.0203,0
1,2025-06-06 16:52:03,59.96,utilities,pos,0.0546,0
1,2025-06-07 16:53:33,147.73,utilities,online,0.0063,0
1,2025-06-09 08:25:30,27.83,jewelry,mobile,0.0755,0
1,2025-06-10 09:57:10,66.53,utilities,online,0.01,0
1,2025-06-10 12:24:20,66.61,restaurant,mobile,0.0455,0
1,2025-06-10 13:03:40,22.58,jewelry,pos,0.053,0
1,2025-06-10 13:19:43,80.9,jewelry,mobile,0.0029,0
1,2025-06-10 16:51:32,95.37,jewelry,atm,0.0269,0
1,2025-06-11 14:55:23,51.98,grocery,online,0.0603,0
1,2025-06-12 02:55:33,62.9,jewelry,online,0.0539,0
1,2025-06-12 10:47:54,139.59,jewelry,online,0.0204,0
1,2025-06-12 22:11:38,44.35,utilities,pos,0.0132,0
1,2025-06-13 18:23:33,50.61,restaurant,pos,0.0136,0
1,2025-06-14 16:48:13,96.28,restaurant,pos,0.0337,0
1,2025-06-15 07:42:26,43.86,utilities,pos,0.0171,0
1,2025-06-15 22:22:40,34.25,utilities,mobile,0.0025,0
1,2025-06-16 12:24:00,68.0,restaurant,online,0.0835,0
1,2025-06-16 18:25:44,61.31,cash_advance,pos,0.0165,0
1,2025-06-17 17:22:08,165.68,utilities,online,0.0526,0
1,2025-06-18 14:28:53,228.42,jewelry,online,0.1402,0
1,2025-06-18 14:47:55,35.01,jewelry,mobile,0.0131,0
1,2025-06-19 11:44:54,146.63,utilities,online,0.0845,0
1,2025-06-19 17:42:45,47.44,fuel,online,0.0044,0
1,2025-06-21 06:31:30,52.41,utilities,mobile,0.011,0
1,2025-06-21 09:04:05,44.31,jewelry,pos,0.031,0
1,2025-06-21 10:22:46,37.36,grocery,mobile,0.0383,0
1,2025-06-22 12:07:39,116.75,jewelry,pos,0.0356,0
1,2025-06-23 00:57:24,86.75,jewelry,online,0.0342,0
1,2025-06-23 21:28:10,125.56,restaurant,pos,0.0189,0
1,2025-06-24 13:58:48,28.62,jewelry,mobile,0.0134,0
1,2025-06-25 08:26:47,75.49,jewelry,pos,0.0325,0
1,2025-06-25 15:36:29,97.89,jewelry,online,0.0724,0
1,2025-06-25 20:10:49,54.08,utilities,pos,0.0205,0
1,2025-06-26 09:01:16,93.35,utilities,mobile,0.0695,0
1,2025-06-26 09:10:40,39.07,restaurant,mobile,0.0159,0
1,2025-06-27 11:42:20,137.41,jewelry,atm,0.0099,0
1,2025-06-27 16:08:06,28.73,restaurant,atm,0.0023,0
1,2025-06-28 17:56:59,36.99,restaurant,pos,0.0436,0
1,2025-06-29 10:00:19,93.79,jewelry,mobile,0.0334,0
2,2025-01-01 17:01:13,13.45,entertainment,online,0.0163,0
2,2025-01-02 05:35:56,19.27,utilities,online,0.0199,0
2,2025-01-02 13:48:27,22.4,entertainment,online,0.0169,0
2,2025-01-03 08:32:51,16.78,entertainment,online,0.0731,0
2,2025-01-06 09:07:40,15.83,travel,mobile,0.0497,0
2,2025-01-06 09:44:33,17.4,restaurant,pos,0.0857,0
2,2025-01-07 13:51:34,29.78,entertainment,atm,0.0272,0
2,2025-01-11 04:05:53,9.91,utilities,online,0.0038,0
2,2025-01-11 12:05:42,19.07,electronics,online,0.0475,0
2,2025-01-12 20:43:26,31.69,travel,atm,0.0491,0
2,2025-01-15 20:16:29,37.88,electronics,online,0.0179,0
2,2025-01-17 11:26:04,33.37,electronics,online,0.0172,0
2,2025-01-20 14:58:00,14.09,jewelry,mobile,0.0458,0
2,2025-01-23 04:49:32,14.57,fuel,online,0.1049,0
2,2025-01-23 11:18:37,9.98,entertainment,online,0.0143,0
2,2025-01-26 18:47:35,23.0,jewelry,pos,0.0037,0
2,2025-01-29 15:00:05,7.28,utilities,pos,0.0013,0
2,2025-01-29 15:18:12,5.8,utilities,mobile,0.018,0
2,2025-01-29 18:51:48,52.55,entertainment,mobile,0.1359,0
2,2025-01-30 23:21:35,20.15,utilities,online,0.0078,0
2,2025-01-31 10:30:43,54.44,utilities,mobile,0.0554,0
2,2025-02-01 12:50:19,9.89,electronics,pos,0.0417,0
2,2025-02-02 14:00:44,34.12,jewelry,pos,0.0591,0
2,2025-02-04 13:47:29,13.86,cash_advance,pos,0.0363,0
2,2025-02-04 16:15:36,9.68,entertainment,online,0.0308,0
2,2025-02-05 08:15:49,25.8,utilities,mobile,0.006,0
2,2025-02-06 14:36:03,10.63,utilities,online,0.0337,0
2,2025-02-06 21:01:36,5.74,entertainment,online,0.0103,0
2,2025-02-08 16:09:29,16.93,online_retail,online,0.0282,0
2,2025-02-10 09:24:58,7.34,electronics,online,0.0027,0
2,2025-02-10 20:19:09,61.09,utilities,pos,0.0624,0
2,2025-02-11 06:11:34,7.83,electronics,online,0.1088,0
2,2025-02-11 14:19:34,8.92,utilities,online,0.0263,0
2,2025-02-11 15:09:47,28.34,electronics,online,0.0559,0
2,2025-02-12 08:34:50,9.89,utilities,pos,0.0902,0
2,2025-02-15 15:38:19,25.41,entertainment,online,0.1002,0
2,2025-02-17 13:31:03,99.74,electronics,mobile,0.0111,0
2,2025-02-17 13:58:35,5.27,entertainment,online,0.085,0
2,2025-02-18 11:39:07,24.52,entertainment,mobile,0.0111,0
2,2025-02-18 18:27:02,10.68,entertainment,pos,0.0093,0
2,2025-02-20 05:31:19,14.76,electronics,mobile,0.0406,0
2,2025-02-20 10:38:12,13.08,entertainment,online,0.0375,0
2,2025-02-21 14:32:24,64.18,electronics,atm,0.0255,0
2,2025-02-22 10:54:00,22.43,restaurant,pos,0.0849,0
2,2025-02-22 18:50:18,12.75,utilities,pos,0.0855,0
2,2025-02-23 10:53:59,6.51,electronics,pos,0.0065,0
2,2025-02-23 13:10:50,41.88,entertainment,pos,0.0628,0
2,2025-02-23 14:25:57,15.59,electronics,online,0.0555,0
2,2025-02-23 17:04:54,7.14,utilities,pos,0.006,0
2,2025-02-24 10:51:23,19.0,jewelry,pos,0.0204,0
2,2025-02-25 10:56:48,14.99,utilities,pos,0.0123,0
2,2025-02-26 08:51:00,18.78,electronics,pos,0.0132,0
2,2025-02-26 17:43:21,23.77,utilities,mobile,0.09,0
2,2025-03-01 08:49:25,21.61,utilities,atm,0.0663,0
2,2025-03-01 18:28:11,20.47,jewelry,pos,0.0097,0
2,2025-03-02 15:02:26,25.4,utilities,pos,0.0212,0
2,2025-03-02 18:17:27,25.86,utilities,pos,0.0145,0
2,2025-03-03 20:18:57,25.71,utilities,pos,0.0635,0
2,2025-03-04 18:53:27,8.66,utilities,atm,0.0013,0
2,2025-03-05 23:21:50,18.77,entertainment,pos,0.0457,0
2,2025-03-06 23:20:42,24.85,entertainment,pos,0.033,0
2,2025-03-09 11:35:39,37.89,electronics,online,0.0252,0
2,2025-03-09 12:40:16,8.28,utilities,online,0.0165,0
2,2025-03-10 16:36:33,52.99,entertainment,online,0.0279,0
2,2025-03-10 18:16:31,32.25,electronics,atm,0.0113,0
2,2025-03-11 14:38:07,33.86,jewelry,online,0.0539,0
2,2025-03-12 06:46:20,15.93,cash_advance,pos,0.008,0
2,2025-03-15 04:31:14,88.04,travel,pos,0.0652,0
2,2025-03-16 12:17:36,10.98,utilities,pos,0.0043,0
2,2025-03-19 06:24:51,9.59,entertainment,mobile,0.0351,0
2,2025-03-19 15:40:33,14.21,utilities,mobile,0.0441,0
2,2025-03-20 18:06:30,8.55,utilities,pos,0.0407,0
2,2025-03-20 19:29:53,7.24,entertainment,online,0.0084,0
2,2025-03-21 11:58:01,27.48,utilities,online,0.0177,0
2,2025-03-21 14:18:06,5.82,electronics,pos,0.0341,0
2,2025-03-21 23:58:03,26.24,utilities,online,0.0787,0
2,2025-03-22 14:52:15,11.99,electronics,online,0.0222,0
2,2025-03-22 16:34:24,16.08,electronics,online,0.0152,0
2,2025-03-22 17:04:58,7.04,electronics,pos,0.0756,0
2,2025-03-22 19:19:03,12.9,utilities,online,0.0085,0
2,2025-03-23 19:03:38,23.9,entertainment,online,0.0153,0
2,2025-03-25 12:30:18,4.81,utilities,pos,0.0159,0
2,2025-03-26 11:04:12,7.07,entertainment,pos,0.0417,0
2,2025-03-26 14:38:15,17.25,fuel,online,0.0426,0
2,2025-03-26 17:18:32,30.67,entertainment,online,0.0056,0
2,2025-03-26 20:02:30,19.37,travel,pos,0.0077,0
2,2025-03-26 23:09:43,6.14,electronics,mobile,0.0204,0
2,2025-03-27 11:21:12,34.57,utilities,pos,0.026,0
2,2025-03-28 07:19:17,5.34,cash_advance,pos,0.0396,0
2,2025-04-02 21:24:27,30.88,electronics,mobile,0.0617,0
2,2025-04-08 04:50:00,70.07,electronics,online,0.0267,0
2,2025-04-08 07:36:12,25.5,electronics,online,0.0348,0
2,2025-04-08 15:42:59,30.67,restaurant,online,0.0541,0
2,2025-04-08 19:01:42,13.37,cash_advance,mobile,0.1066,0
2,2025-04-08 21:28:02,35.98,entertainment,mobile,0.0103,0
2,2025-04-10 12:05:48,68.81,electronics,online,0.0251,0
2,2025-04-11 07:48:31,9.15,restaurant,online,0.0818,0
2,2025-04-11 10:13:47,18.96,restaurant,online,0.0216,0
2,2025-04-11 14:41:48,16.5,jewelry,pos,0.0282,0
2,2025-04-11 20:35:47,59.5,electronics,mobile,0.0502,0
2,2025-04-12 12:38:29,26.48,entertainment,mobile,0.0476,0
2,2025-04-12 19:45:44,23.65,entertainment,mobile,0.0325,0
2,2025-04-16 11:20:28,15.53,entertainment,atm,0.0627,0
2,2025-04-16 13:15:45,4.57,travel,pos,0.0191,0
2,2025-04-20 15:52:30,8.42,electronics,online,0.028,0
2,2025-04-25 13:45:12,34.28,electronics,atm,0.0244,0
2,2025-05-01 13:28:38,23.78,utilities,online,0.0212,0
2,2025-05-01 14:05:41,46.15,entertainment,pos,0.0135,0
2,2025-05-01 14:32:26,20.1,entertainment,online,0.0017,0
2,2025-05-02 07:09:49,4.34,electronics,atm,0.0139,0
2,2025-05-02 10:08:15,49.46,restaurant,pos,0.022,0
2,2025-05-04 15:35:51,20.5,entertainment,pos,0.1597,0
2,2025-05-05 12:57:09,30.15,electronics,mobile,0.1193,0
2,2025-05-05 14:27:02,25.75,electronics,pos,0.0155,0
2,2025-05-06 06:59:39,17.79,electronics,mobile,0.0027,0
2,2025-05-06 10:27:43,47.2,electronics,pos,0.0323,0
2,2025-05-08 13:13:58,20.25,fuel,pos,0.0245,0
2,2025-05-09 12:14:30,29.79,entertainment,mobile,0.0114,0
2,2025-05-09 15:11:21,31.19,grocery,mobile,0.0019,0
2,2025-05-10 12:45:46,25.46,electronics,online,0.0549,0
2,2025-05-11 22:48:55,16.86,utilities,atm,0.0423,0
2,2025-05-11 23:36:34,16.09,entertainment,online,0.0854,0
2,2025-05-13 18:53:57,28.23,entertainment,online,0.0147,0
2,2025-05-15 14:52:03,54.4,electronics,online,0.006,0
2,2025-05-18 12:32:58,50.38,utilities,pos,0.051,0
2,2025-05-18 18:19:23,45.87,online_retail,online,0.0028,0
2,2025-05-18 21:43:32,3.65,cash_advance,pos,0.0416,0
2,2025-05-19 10:38:35,21.84,utilities,mobile,0.0364,0
2,2025-05-20 14:23:34,5.13,restaurant,mobile,0.0316,0
2,2025-05-20 15:27:08,25.21,entertainment,online,0.0563,0
2,2025-05-23 12:27:46,3.66,fuel,pos,0.0202,0
2,2025-05-25 03:06:07,13.48,entertainment,mobile,0.0496,0
2,2025-05-25 10:39:04,39.41,electronics,online,0.1065,0
2,2025-05-27 13:20:39,33.55,utilities,mobile,0.0305,0
2,2025-05-28 08:54:39,24.65,utilities,pos,0.0975,0
2,2025-06-01 00:25:49,15.99,entertainment,mobile,0.0242,0
2,2025-06-01 09:41:39,12.44,online_retail,pos,0.0051,0
2,2025-06-01 16:04:31,12.68,cash_advance,online,0.0093,0
2,2025-06-01 18:53:42,13.38,electronics,online,0.0166,0
2,2025-06-02 18:32:36,37.2,electronics,online,0.0543,0
2,2025-06-04 12:39:21,12.84,entertainment,mobile,0.0624,0
2,2025-06-04 21:16:16,21.13,entertainment,mobile,0.0287,0
2,2025-06-05 09:07:19,50.23,grocery,online,0.0948,0
2,2025-06-05 13:41:36,31.82,utilities,online,0.0226,0
2,2025-06-08 10:59:05,45.36,electronics,online,0.0444,0
2,2025-06-08 17:00:17,13.41,utilities,online,0.0778,0
2,2025-06-09 11:44:30,22.54,online_retail,pos,0.0649,0
2,2025-06-10 19:10:31,5.64,utilities,online,0.0123,0
2,2025-06-11 09:04:00,8.2,utilities,mobile,0.0752,0
2,2025-06-11 12:13:37,19.2,utilities,pos,0.1088,0
2,2025-06-11 15:13:41,48.32,utilities,mobile,0.0251,0
2,2025-06-11 17:34:38,19.35,entertainment,online,0.0074,0
2,2025-06-12 12:10:40,12.82,electronics,online,0.0565,0
2,2025-06-12 23:52:39,33.32,electronics,online,0.0046,0
2,2025-06-17 11:09:23,25.39,utilities,mobile,0.0124,0
2,2025-06-17 11:13:17,20.9,electronics,pos,0.0704,0
2,2025-06-19 18:32:44,13.98,electronics,mobile,0.0136,0
2,2025-06-20 08:13:57,98.86,travel,pos,0.006,0
2,2025-06-21 03:23:01,26.4,entertainment,pos,0.0334,0
2,2025-06-21 15:43:41,24.35,utilities,pos,0.0149,0
2,2025-06-21 19:05:20,22.35,restaurant,online,0.0433,0
2,2025-06-23 09:08:10,11.4,entertainment,online,0.046,0
2,2025-06-24 10:52:05,24.83,grocery,online,0.0553,0
2,2025-06-25 09:02:22,72.22,electronics,pos,0.0064,0
2,2025-06-25 14:20:43,8.13,utilities,mobile,0.0192,0
2,2025-06-25 14:35:18,17.81,utilities,mobile,0.0277,0
2,2025-06-27 06:21:59,7.77,entertainment,pos,0.0167,0
2,2025-06-28 06:40:23,36.63,entertainment,online,0.0511,0
2,2025-06-29 15:06:49,19.74,electronics,online,0.0063,0
2,2025-06-29 23:22:21,25.1,entertainment,pos,0.0151,0
3,2025-01-01 21:19:07,15.51,electronics,online,0.0496,0
3,2025-01-01 22:52:44,19.02,fuel,online,0.0172,0
3,2025-01-02 12:15:36,11.84,online_retail,online,0.0901,0
3,2025-01-02 18:14:33,38.73,online_retail,atm,0.074,0
3,2025-01-02 20:46:27,39.58,electronics,pos,0.0898,0
3,2025-01-03 12:42:08,29.49,electronics,pos,0.0063,0
3,2025-01-03 16:26:58,29.18,restaurant,atm,0.0315,0
3,2025-01-03 16:48:00,30.9,electronics,online,0.0023,0
3,2025-01-03 19:40:52,26.48,cash_advance,atm,0.0452,0
3,2025-01-04 15:08:41,28.53,utilities,mobile,0.0482,0
3,2025-01-04 22:03:37,21.07,online_retail,online,0.0023,0
3,2025-01-05 09:11:51,56.88,fuel,atm,0.0481,0
3,2025-01-05 15:57:38,12.57,fuel,pos,0.061,0
3,2025-01-05 17:55:32,30.0,online_retail,mobile,0.0829,0
3,2025-01-05 19:02:24,22.04,fuel,online,0.0799,0
3,2025-01-06 07:12:25,8.49,electronics,online,0.0499,0
3,2025-01-06 15:19:39,67.84,utilities,mobile,0.0276,0
3,2025-01-07 11:24:24,37.3,utilities,pos,0.0461,0
3,2025-01-08 07:33:12,45.01,entertainment,mobile,0.0609,0
3,2025-01-08 11:37:32,34.34,fuel,mobile,0.0185,0
3,2025-01-08 16:54:28,11.24,fuel,online,0.0129,0
3,2025-01-08 20:56:11,23.03,electronics,pos,0.0199,0
3,2025-01-09 11:33:46,7.25,entertainment,pos,0.0673,0
3,2025-01-10 12:20:25,29.69,jewelry,online,0.0073,0
3,2025-01-10 17:38:20,75.82,entertainment,online,0.0316,0
3,2025-01-11 15:20:27,46.88,electronics,online,0.0079,0
3,2025-01-11 21:31:10,31.85,fuel,online,0.1101,0
3,2025-01-12 04:38:36,30.61,fuel,mobile,0.0329,0
3,2025-01-12 13:10:32,18.47,fuel,online,0.0198,0
3,2025-01-13 11:45:32,29.43,online_retail,mobile,0.0071,0
3,2025-01-15 13:01:43,48.03,fuel,mobile,0.0491,0
3,2025-01-15 18:48:24,13.13,entertainment,online,0.0277,0
3,2025-01-15 18:55:00,69.83,electronics,online,0.0101,0
3,2025-01-16 10:09:03,59.55,fuel,mobile,0.0332,0
3,2025-01-16 12:50:13,9.96,entertainment,pos,0.0696,0
3,2025-01-16 19:56:50,13.77,fuel,online,0.0281,0
3,2025-01-16 20:08:36,18.87,entertainment,pos,0.0449,0
3,2025-01-17 15:03:24,73.31,entertainment,pos,0.0116,0
3,2025-01-20 09:48:10,21.63,fuel,pos,0.0849,0
3,2025-01-21 10:43:04,20.75,electronics,mobile,0.0392,0
3,2025-01-21 12:46:16,24.84,electronics,online,0.0919,0
3,2025-01-21 12:47:29,28.26,electronics,online,0.0409,0
3,2025-01-22 06:42:46,45.93,electronics,pos,0.0509,0
3,2025-01-22 14:16:10,23.91,electronics,mobile,0.0298,0
3,2025-01-22 20:51:03,76.31,restaurant,mobile,0.0209,0
3,2025-01-23 15:41:21,26.18,restaurant,online,0.0496,0
3,2025-01-23 19:35:28,31.58,online_retail,mobile,0.1767,0
3,2025-01-24 12:30:26,16.63,grocery,pos,0.0857,0
3,2025-01-24 20:17:14,11.02,fuel,online,0.0295,0
3,2025-01-25 09:39:06,88.23,entertainment,mobile,0.0062,0
3,2025-01-26 00:44:37,13.84,travel,online,0.066,0
3,2025-01-26 10:25:05,7.25,entertainment,mobile,0.0368,0
3,2025-01-27 17:58:56,8.67,entertainment,mobile,0.0418,0
3,2025-01-27 21:24:48,49.94,fuel,online,0.0517,0
3,2025-01-28 07:43:59,36.65,electronics,online,0.0,0
3,2025-01-29 07:00:26,13.3,restaurant,pos,0.0337,0
3,2025-01-29 18:17:20,99.63,entertainment,mobile,0.0681,0
3,2025-01-31 10:19:57,51.16,fuel,online,0.0814,0
3,2025-01-31 11:21:51,16.87,entertainment,online,0.0231,0
3,2025-01-31 17:44:24,13.18,fuel,online,0.0944,0
3,2025-02-01 14:18:46,21.03,grocery,online,0.0025,0
3,2025-02-02 07:43:32,17.63,fuel,online,0.02,0
3,2025-02-04 07:11:16,26.88,fuel,online,0.0273,0
3,2025-02-04 20:41:54,43.65,fuel,pos,0.0525,0
3,2025-02-05 11:28:32,8.22,fuel,pos,0.0482,0
3,2025-02-08 11:58:47,22.52,entertainment,online,0.0198,0
3,2025-02-08 17:35:25,8.79,restaurant,online,0.1132,0
3,2025-02-09 23:23:56,43.54,entertainment,pos,0.086,0
3,2025-02-10 10:59:56,66.39,utilities,pos,0.0952,0
3,2025-02-11 17:07:11,51.16,entertainment,mobile,0.0027,0
3,2025-02-12 22:58:42,25.49,fuel,mobile,0.1001,0
3,2025-02-13 10:22:34,55.47,electronics,atm,0.1052,0
3,2025-02-13 13:25:23,18.16,entertainment,atm,0.099,0
3,2025-02-13 15:22:20,27.81,electronics,pos,0.0531,0
3,2025-02-13 18:54:44,13.24,fuel,mobile,0.0004,0
3,2025-02-14 10:30:10,22.67,travel,mobile,0.0311,0
3,2025-02-14 12:31:48,37.31,entertainment,mobile,0.0258,0
3,2025-02-15 14:58:23,16.9,electronics,online,0.0355,0
3,2025-02-16 15:03:30,33.7,restaurant,pos,0.0951,0
3,2025-02-17 14:08:31,24.94,fuel,atm,0.0655,0
3,2025-02-17 17:49:56,37.52,entertainment,pos,0.0525,0
3,2025-02-18 06:55:24,98.7,fuel,online,0.0676,0
3,2025-02-19 14:42:17,26.89,entertainment,pos,0.0378,0
3,2025-02-19 15:12:31,22.98,electronics,atm,0.0023,0
3,2025-02-19 18:17:20,26.84,entertainment,atm,0.0308,0
3,2025-02-20 20:51:53,10.96,entertainment,mobile,0.0237,0
3,2025-02-21 16:19:32,17.03,fuel,pos,0.0209,0
3,2025-02-23 14:12:00,4.18,fuel,pos,0.0983,0
3,2025-02-23 16:52:23,67.62,electronics,mobile,0.0318,0
3,2025-02-25 08:46:00,11.94,electronics,pos,0.0382,0
3,2025-02-25 18:39:56,24.23,electronics,mobile,0.0936,0
3,2025-02-26 12:08:55,69.48,utilities,pos,0.0092,0
3,2025-02-27 09:36:45,22.04,restaurant,pos,0.0169,0
3,2025-02-28 13:16:01,59.28,entertainment,mobile,0.0061,0
3,2025-03-01 19:26:08,31.02,fuel,online,0.0023,0
3,2025-03-02 06:40:22,14.04,fuel,mobile,0.066,0
3,2025-03-02 17:13:12,12.66,entertainment,online,0.0234,0
3,2025-03-03 12:01:27,78.93,fuel,pos,0.0503,0
3,2025-03-03 12:16:48,20.43,entertainment,mobile,0.0472,0
3,2025-03-03 15:50:47,48.65,entertainment,mobile,0.0511,0
3,2025-03-04 14:55:58,34.31,fuel,online,0.0656,0
3,2025-03-05 08:35:16,20.1,grocery,online,0.1195,0
3,2025-03-05 18:52:45,27.66,fuel,online,0.0996,0
3,2025-03-07 12:28:29,13.04,travel,pos,0.1068,0
3,2025-03-09 07:33:02,33.75,fuel,mobile,0.0363,0
3,2025-03-09 08:32:25,46.14,cash_advance,online,0.0112,0
3,2025-03-12 23:41:35,38.58,electronics,mobile,0.0057,0
3,2025-03-13 14:22:09,9.81,entertainment,mobile,0.0164,0
3,2025-03-15 11:46:21,15.21,electronics,online,0.0141,0
3,2025-03-16 11:20:27,9.05,electronics,pos,0.0599,0
3,2025-03-17 11:45:55,31.09,restaurant,pos,0.0377,0
3,2025-03-17 15:38:36,43.86,fuel,atm,0.0073,0
3,2025-03-18 06:52:10,21.47,fuel,online,0.0488,0
3,2025-03-18 07:14:40,10.18,fuel,online,0.0218,0
3,2025-03-18 16:47:45,11.62,entertainment,atm,0.0841,0
3,2025-03-18 17:45:47,13.67,online_retail,mobile,0.0379,0
3,2025-03-21 14:42:22,24.87,fuel,online,0.0825,0
3,2025-03-21 15:29:51,61.59,entertainment,pos,0.0098,0
3,2025-03-21 16:55:37,33.21,fuel,atm,0.0259,0
3,2025-03-21 18:21:50,39.81,electronics,pos,0.0275,0
3,2025-03-21 18:36:34,44.89,fuel,mobile,0.0058,0
3,2025-03-21 23:07:50,54.56,grocery,mobile,0.0442,0
3,2025-03-22 23:08:01,24.29,entertainment,pos,0.0344,0
3,2025-03-23 13:07:30,15.49,electronics,pos,0.0342,0
3,2025-03-25 03:42:39,63.23,electronics,online,0.0021,0
3,2025-03-25 08:35:28,53.59,online_retail,mobile,0.0116,0
3,2025-03-25 09:13:05,58.92,entertainment,mobile,0.0024,0
3,2025-03-25 14:28:16,22.57,fuel,pos,0.0475,0
3,2025-03-26 15:50:41,26.79,electronics,pos,0.05,0
3,2025-03-27 20:59:07,26.99,electronics,pos,0.0467,0
3,2025-03-27 23:53:21,16.14,entertainment,pos,0.0503,0
3,2025-03-29 12:12:26,20.66,fuel,pos,0.0534,0
3,2025-03-30 19:52:52,43.14,electronics,pos,0.0379,0
3,2025-03-30 21:30:34,18.17,electronics,online,0.0881,0
3,2025-03-31 04:21:25,108.93,fuel,pos,0.0485,0
3,2025-03-31 13:22:10,16.68,electronics,mobile,0.0469,0
3,2025-04-01 13:32:10,16.04,electronics,pos,0.0114,0
3,2025-04-01 17:48:24,25.14,electronics,pos,0.0325,0
3,2025-04-01 20:36:11,10.6,electronics,mobile,0.0378,0
3,2025-04-02 12:16:33,21.16,fuel,mobile,0.0153,0
3,2025-04-03 17:12:26,9.95,fuel,pos,0.0426,0
3,2025-04-03 19:33:15,14.21,cash_advance,pos,0.0158,0
3,2025-04-04 16:15:17,9.81,fuel,pos,0.0197,0
3,2025-04-05 07:35:39,9.85,fuel,pos,0.0164,0
3,2025-04-06 07:30:42,47.64,fuel,online,0.0242,0
3,2025-04-06 14:50:20,31.84,entertainment,pos,0.0987,0
3,2025-04-07 09:20:51,48.52,entertainment,online,0.0012,0
3,2025-04-07 16:35:01,11.99,fuel,mobile,0.0,0
3,2025-04-08 11:13:25,21.11,fuel,pos,0.0691,0
3,2025-04-08 23:56:56,31.01,fuel,mobile,0.0928,0
3,2025-04-09 09:01:01,14.62,electronics,pos,0.0685,0
3,2025-04-09 20:51:24,17.41,electronics,mobile,0.0372,0
3,2025-04-10 10:51:30,160.11,travel,mobile,0.0049,0
3,2025-04-12 02:52:34,19.11,entertainment,online,0.001,0
3,2025-04-12 06:23:28,45.63,electronics,mobile,0.0121,0
3,2025-04-12 16:51:33,38.34,entertainment,mobile,0.0058,0
3,2025-04-14 09:59:02,11.83,electronics,pos,0.0011,0
3,2025-04-14 15:29:56,101.33,fuel,mobile,0.002,0
3,2025-04-14 19:22:03,28.66,entertainment,online,0.0353,0
3,2025-04-14 20:54:48,19.67,fuel,mobile,0.0227,0
3,2025-04-15 08:53:15,18.65,fuel,mobile,0.1056,0
3,2025-04-15 10:07:51,35.41,fuel,online,0.0031,0
3,2025-04-15 15:10:04,16.26,entertainment,mobile,0.0548,0
3,2025-04-16 11:38:45,17.98,entertainment,mobile,0.1079,0
3,2025-04-18 09:51:24,52.6,entertainment,atm,0.0545,0
3,2025-04-18 11:35:03,10.85,entertainment,online,0.0493,0
3,2025-04-18 14:22:42,76.81,electronics,pos,0.0425,0
3,2025-04-19 08:03:09,52.28,electronics,online,0.0658,0
3,2025-04-20 14:34:21,81.27,fuel,mobile,0.0465,0
3,2025-04-20 15:29:16,24.82,fuel,online,0.0034,0
3,2025-04-21 07:16:07,49.29,travel,online,0.0279,0
3,2025-04-21 17:54:16,74.02,cash_advance,mobile,0.0062,0
3,2025-04-23 01:24:54,87.28,entertainment,atm,0.0093,0
3,2025-04-23 10:00:33,9.93,entertainment,online,0.026,0
3,2025-04-23 13:44:41,12.62,grocery,pos,0.0695,0
3,2025-04-23 18:15:38,44.9,entertainment,online,0.0381,0
3,2025-04-24 05:17:26,16.0,fuel,pos,0.0811,0
3,2025-04-25 08:34:17,56.69,electronics,pos,0.0252,0
3,2025-04-25 22:47:46,64.38,fuel,mobile,0.0563,0
3,2025-04-26 15:51:27,15.43,entertainment,mobile,0.037,0
3,2025-04-27 02:07:03,78.94,utilities,pos,0.1005,0
3,2025-04-27 15:10:18,71.69,entertainment,mobile,0.0465,0
3,2025-04-27 18:59:44,24.15,entertainment,pos,0.0027,0
3,2025-04-28 06:41:17,36.21,entertainment,pos,0.0256,0
3,2025-04-28 08:08:33,56.29,electronics,mobile,0.0058,0
3,2025-04-28 18:52:05,102.41,fuel,online,0.0373,0
3,2025-04-29 07:00:09,20.28,electronics,online,0.0359,0
3,2025-04-29 10:29:45,76.45,fuel,pos,0.0148,0
3,2025-04-29 19:51:47,54.39,fuel,online,0.0185,0
3,2025-04-29 20:00:33,88.45,fuel,pos,0.0693,0
3,2025-04-30 11:28:53,40.8,cash_advance,pos,0.0246,0
3,2025-05-04 17:08:38,16.49,entertainment,pos,0.019,0
3,2025-05-06 19:19:59,46.77,electronics,online,0.0128,0
3,2025-05-07 19:40:43,32.02,entertainment,pos,0.0068,0
3,2025-05-08 15:45:32,11.94,entertainment,online,0.0063,0
3,2025-05-09 06:37:32,35.54,fuel,pos,0.0044,0
3,2025-05-09 19:16:07,14.23,entertainment,atm,0.0035,0
3,2025-05-10 12:37:45,75.96,fuel,online,0.0272,0
3,2025-05-10 15:20:33,16.29,restaurant,online,0.0733,0
3,2025-05-11 23:47:06,34.75,electronics,pos,0.0367,0
3,2025-05-14 05:12:03,74.08,fuel,online,0.0253,0
3,2025-05-14 14:43:50,30.48,electronics,online,0.0136,0
3,2025-05-14 21:29:50,29.74,fuel,mobile,0.0263,0
3,2025-05-15 09:26:58,37.65,entertainment,online,0.0122,0
3,2025-05-16 16:25:35,19.48,entertainment,online,0.0546,0
3,2025-05-18 07:47:50,76.39,entertainment,mobile,0.0543,0
3,2025-05-18 13:04:40,25.38,electronics,online,0.0452,0
3,2025-05-18 13:20:40,18.33,entertainment,pos,0.0111,0
3,2025-05-19 10:43:19,23.18,electronics,pos,0.0241,0
3,2025-05-19 14:13:03,11.15,fuel,online,0.0513,0
3,2025-05-19 14:50:09,27.6,fuel,pos,0.0635,0
3,2025-05-20 13:12:57,73.42,fuel,mobile,0.0287,0
3,2025-05-20 13:42:42,5.63,electronics,online,0.0115,0
3,2025-05-20 18:50:56,48.5,entertainment,pos,0.0552,0
3,2025-05-21 20:16:35,25.11,travel,online,0.0266,0
3,2025-05-22 12:30:49,19.41,fuel,mobile,0.0501,0
3,2025-05-23 15:06:00,27.87,online_retail,mobile,0.0942,0
3,2025-05-23 23:08:29,42.17,entertainment,pos,0.0443,0
3,2025-05-24 02:48:44,20.72,electronics,online,0.0621,0
3,2025-05-24 04:01:13,15.91,fuel,mobile,0.0519,0
3,2025-05-24 12:12:20,56.71,fuel,pos,0.0418,0
3,2025-05-24 14:51:24,36.53,electronics,pos,0.0106,0
3,2025-05-25 20:19:28,21.49,electronics,mobile,0.0725,0
3,2025-05-26 12:17:10,20.96,fuel,pos,0.1426,0
3,2025-05-26 18:27:09,33.55,fuel,pos,0.0162,0
3,2025-05-27 19:29:57,30.13,travel,pos,0.0399,0
3,2025-05-28 13:35:04,14.72,electronics,online,0.071,0
3,2025-05-28 14:25:29,12.51,electronics,mobile,0.0682,0
3,2025-05-29 11:40:05,29.6,fuel,pos,0.0676,0
3,2025-05-29 12:14:06,47.95,electronics,pos,0.0295,0
3,2025-05-30 09:40:36,52.79,travel,atm,0.0306,0
3,2025-05-31 04:37:16,58.27,restaurant,mobile,0.0004,0
3,2025-06-02 06:22:44,17.24,entertainment,pos,0.084,0
3,2025-06-02 17:04:09,21.13,online_retail,pos,0.0612,0
3,2025-06-03 14:30:29,46.02,restaurant,online,0.0283,0
3,2025-06-03 18:54:10,9.66,fuel,online,0.0986,0
3,2025-06-06 13:18:17,45.59,fuel,mobile,0.0308,0
3,2025-06-07 14:34:13,166.19,fuel,mobile,0.1071,0
3,2025-06-08 02:24:52,77.0,fuel,mobile,0.0065,0
3,2025-06-08 12:32:24,10.29,entertainment,mobile,0.0183,0
3,2025-06-08 15:13:41,12.59,fuel,pos,0.0974,0
3,2025-06-09 04:00:48,20.62,fuel,online,0.02,0
3,2025-06-09 10:49:10,18.34,entertainment,pos,0.0286,0
3,2025-06-10 09:30:42,20.54,entertainment,pos,0.0979,0
3,2025-06-11 11:16:46,18.46,entertainment,pos,0.0855,0
3,2025-06-11 17:35:10,41.72,fuel,pos,0.0974,0
3,2025-06-11 23:53:09,28.34,electronics,online,0.1172,0
3,2025-06-12 05:28:35,12.81,electronics,online,0.0268,0
3,2025-06-12 07:27:07,31.1,fuel,pos,0.0146,0
3,2025-06-12 12:46:40,46.01,entertainment,atm,0.0294,0
3,2025-06-12 15:45:25,16.97,online_retail,mobile,0.0168,0
3,2025-06-13 09:01:19,67.64,jewelry,online,0.032,0
3,2025-06-14 13:16:46,19.07,utilities,pos,0.063,0
3,2025-06-14 13:57:00,25.5,entertainment,pos,0.0344,0
3,2025-06-15 14:04:50,14.72,electronics,mobile,0.0573,0
3,2025-06-15 20:00:38,31.46,electronics,online,0.0562,0
3,2025-06-16 11:15:00,41.87,grocery,online,0.0307,0
3,2025-06-16 13:03:51,40.29,electronics,pos,0.0011,0
3,2025-06-16 18:11:45,27.5,fuel,online,0.0732,0
3,2025-06-16 18:34:57,15.19,electronics,online,0.0413,0
3,2025-06-17 16:57:40,31.16,travel,mobile,0.0162,0
3,2025-06-18 11:23:44,19.13,electronics,online,0.0235,0
3,2025-06-18 12:50:33,11.62,fuel,online,0.0251,0
3,2025-06-19 13:00:20,42.6,utilities,online,0.0409,0
3,2025-06-19 16:26:10,9.63,entertainment,online,0.021,0
3,2025-06-20 02:17:44,40.31,fuel,pos,0.0345,0
3,2025-06-21 14:37:05,45.62,fuel,mobile,0.0139,0
3,2025-06-21 16:29:51,17.78,electronics,online,0.0044,0
3,2025-06-22 08:14:14,24.42,electronics,pos,0.0705,0
3,2025-06-22 08:48:51,9.26,fuel,mobile,0.0103,0
3,2025-06-23 14:58:14,13.2,entertainment,pos,0.0498,0
3,2025-06-23 20:50:04,45.56,fuel,mobile,0.0232,0
3,2025-06-25 13:34:34,47.9,fuel,mobile,0.0307,0
3,2025-06-25 14:46:38,12.17,electronics,online,0.0408,0
3,2025-06-26 13:20:42,36.23,electronics,atm,0.0131,0
3,2025-06-26 17:39:57,26.38,travel,pos,0.0114,0
3,2025-06-27 09:29:27,37.47,entertainment,pos,0.0152,0
3,2025-06-27 12:39:14,41.42,electronics,mobile,0.0531,0
3,2025-06-27 16:31:17,60.85,electronics,online,0.0707,0
3,2025-06-28 12:45:23,14.48,fuel,online,0.0498,0
3,2025-06-28 19:47:45,30.01,fuel,pos,0.0304,0
4,2025-01-01 04:48:37,105.1,fuel,online,0.0293,0
4,2025-01-04 05:21:21,116.65,online_retail,online,0.0586,0
4,2025-01-04 15:05:30,17.53,fuel,mobile,0.0736,0
4,2025-01-04 15:39:01,125.26,restaurant,mobile,0.0912,0
4,2025-01-05 17:00:55,29.89,online_retail,online,0.0132,0
4,2025-01-06 13:17:48,15.64,jewelry,pos,0.0062,0
4,2025-01-07 10:23:45,65.95,jewelry,pos,0.0527,0
4,2025-01-07 12:23:38,24.1,restaurant,mobile,0.0575,0
4,2025-01-08 04:44:15,86.5,online_retail,pos,0.0386,0
4,2025-01-08 09:43:10,41.68,fuel,mobile,0.0197,0
4,2025-01-08 22:25:46,4.4,restaurant,mobile,0.0084,0
4,2025-01-09 19:38:07,116.37,online_retail,pos,0.0421,0
4,2025-01-10 17:30:20,73.12,restaurant,pos,0.0302,0
4,2025-01-11 19:38:31,33.07,online_retail,pos,0.0324,0
4,2025-01-12 15:54:12,48.72,online_retail,pos,0.0458,0
4,2025-01-13 16:42:40,59.16,cash_advance,mobile,0.0141,0
4,2025-01-14 12:44:20,47.16,fuel,online,0.0426,0
4,2025-01-14 15:34:48,62.1,cash_advance,online,0.0376,0
4,2025-01-15 04:03:58,74.79,online_retail,online,0.0159,0
4,2025-01-16 07:11:20,20.99,utilities,pos,0.0037,0
4,2025-01-16 12:44:43,53.02,online_retail,online,0.0872,0
4,2025-01-16 14:34:21,117.3,online_retail,online,0.0033,0
4,2025-01-16 23:50:09,23.21,grocery,pos,0.0421,0
4,2025-01-18 15:17:33,56.19,online_retail,online,0.0096,0
4,2025-01-19 17:35:47,18.07,restaurant,online,0.0216,0
4,2025-01-20 14:09:04,37.97,online_retail,online,0.0327,0
4,2025-01-20 15:30:51,160.36,restaurant,online,0.0743,0
4,2025-01-20 20:41:19,32.88,fuel,mobile,0.0279,0
4,2025-01-21 12:18:09,15.63,jewelry,mobile,0.0343,0
4,2025-01-22 18:07:22,39.66,fuel,online,0.0601,0
4,2025-01-23 09:34:30,50.48,online_retail,mobile,0.0118,0
4,2025-01-24 14:28:21,141.65,restaurant,pos,0.0345,0
4,2025-01-25 18:02:14,33.99,fuel,mobile,0.0393,0
4,2025-01-27 06:17:50,16.37,online_retail,pos,0.0917,0
4,2025-01-27 17:28:16,23.54,restaurant,online,0.0062,0
4,2025-01-27 18:24:25,50.49,restaurant,online,0.0395,0
4,2025-01-28 14:29:27,38.13,online_retail,online,0.0822,0
4,2025-01-29 06:44:12,86.45,fuel,online,0.057,0
4,2025-01-29 19:47:37,52.93,jewelry,online,0.0008,0
4,2025-01-30 12:30:49,79.85,restaurant,mobile,0.0363,0
4,2025-01-31 00:04:50,40.97,fuel,online,0.0296,0
4,2025-01-31 12:36:17,17.75,online_retail,online,0.045,0
4,2025-02-01 09:51:43,101.61,fuel,pos,0.0219,0
4,2025-02-01 13:17:54,19.03,entertainment,pos,0.0265,0
4,2025-02-02 14:02:43,35.12,jewelry,pos,0.0688,0
4,2025-02-02 17:37:00,17.94,fuel,pos,0.066,0
4,2025-02-03 08:01:32,47.29,restaurant,online,0.0666,0
4,2025-02-03 09:19:44,7.79,online_retail,online,0.0985,0
4,2025-02-03 15:39:15,58.31,restaurant,online,0.0158,0
4,2025-02-04 19:24:57,260.62,restaurant,online,0.0246,0
4,2025-02-05 13:58:26,51.4,fuel,pos,0.1332,0
4,2025-02-05 17:05:05,122.62,restaurant,mobile,0.0483,0
4,2025-02-06 09:46:42,18.28,online_retail,pos,0.0279,0
4,2025-02-06 14:05:29,43.97,fuel,pos,0.0469,0
4,2025-02-07 15:53:35,25.54,jewelry,online,0.0362,0
4,2025-02-07 20:23:52,28.84,online_retail,pos,0.0027,0
4,2025-02-08 19:28:02,55.71,fuel,online,0.0778,0
4,2025-02-08 22:10:54,27.9,electronics,pos,0.0169,0
4,2025-02-10 04:17:05,54.15,online_retail,online,0.0082,0
4,2025-02-11 09:59:22,56.41,utilities,pos,0.0138,0
4,2025-02-11 14:12:51,50.13,fuel,atm,0.0873,0
4,2025-02-14 15:17:25,35.86,fuel,pos,0.0071,0
4,2025-02-14 17:27:40,56.99,restaurant,online,0.0758,0
4,2025-02-15 12:39:39,43.91,entertainment,pos,0.0607,0
4,2025-02-16 14:57:23,37.37,restaurant,online,0.0273,0
4,2025-02-18 16:57:22,109.44,fuel,online,0.0402,0
4,2025-02-19 18:26:15,81.86,fuel,online,0.0218,0
4,2025-02-20 19:53:05,188.51,fuel,online,0.0695,0
4,2025-02-21 11:32:33,45.95,travel,mobile,0.0743,0
4,2025-02-21 14:36:52,18.58,restaurant,pos,0.0278,0
4,2025-02-22 07:03:57,23.58,fuel,mobile,0.0011,0
4,2025-02-22 08:21:43,54.97,online_retail,online,0.0384,0
4,2025-02-24 03:46:21,23.38,restaurant,pos,0.0419,0
4,2025-02-24 13:10:56,63.77,fuel,pos,0.0239,0
4,2025-02-25 13:47:34,131.08,online_retail,pos,0.0715,0
4,2025-02-26 19:13:52,121.97,entertainment,online,0.0597,0
4,2025-03-03 12:39:20,34.92,restaurant,atm,0.1028,0
4,2025-03-04 01:39:29,45.02,fuel,mobile,0.05,0
4,2025-03-05 13:47:55,356.55,restaurant,pos,0.005,0
4,2025-03-07 14:00:29,15.46,online_retail,pos,0.0476,0
4,2025-03-08 23:08:40,88.31,online_retail,online,0.0633,0
4,2025-03-09 12:14:02,205.44,restaurant,pos,0.0341,0
4,2025-03-10 19:33:13,21.89,online_retail,pos,0.0059,0
4,2025-03-11 08:18:44,17.63,online_retail,pos,0.0101,0
4,2025-03-12 12:20:14,46.61,online_retail,pos,0.0181,0
4,2025-03-13 15:05:57,21.5,jewelry,online,0.0328,0
4,2025-03-14 10:08:39,15.48,fuel,pos,0.0069,0
4,2025-03-14 13:01:17,27.91,jewelry,mobile,0.0688,0
4,2025-03-15 09:24:19,54.15,online_retail,mobile,0.0206,0
4,2025-03-15 12:13:37,68.94,electronics,pos,0.0288,0
4,2025-03-15 13:54:19,87.34,cash_advance,pos,0.1144,0
4,2025-03-16 19:19:46,39.53,fuel,online,0.0106,0
4,2025-03-16 23:14:13,19.41,online_retail,pos,0.0337,0
4,2025-03-17 21:39:07,129.55,entertainment,pos,0.0564,0
4,2025-03-20 16:26:13,95.75,fuel,mobile,0.038,0
4,2025-03-21 12:13:10,26.19,online_retail,pos,0.0533,0
4,2025-03-21 18:17:02,56.81,entertainment,pos,0.048,0
4,2025-03-23 00:33:28,19.87,online_retail,online,0.0421,0
4,2025-03-24 05:38:41,26.52,travel,online,0.0093,0
4,2025-03-24 17:59:56,34.61,utilities,mobile,0.0021,0
4,2025-03-26 17:26:37,47.43,online_retail,mobile,0.024,0
4,2025-03-27 14:18:04,87.24,online_retail,online,0.0254,0
4,2025-03-28 00:48:31,88.68,fuel,mobile,0.0419,0
4,2025-03-28 12:15:42,66.01,travel,mobile,0.0231,0
4,2025-03-28 17:46:17,73.37,restaurant,online,0.0087,0
4,2025-03-28 21:48:53,59.03,fuel,pos,0.0212,0
4,2025-03-29 23:07:55,109.13,entertainment,pos,0.018,0
4,2025-03-30 16:01:20,105.58,online_retail,mobile,0.038,0
4,2025-03-30 18:31:42,74.57,restaurant,pos,0.0186,0
4,2025-03-31 09:12:00,33.37,online_retail,online,0.0246,0
4,2025-03-31 10:16:37,82.18,restaurant,online,0.0558,0
4,2025-03-31 10:48:38,90.21,electronics,pos,0.0081,0
4,2025-03-31 12:05:21,71.8,restaurant,pos,0.0382,0
4,2025-04-02 01:41:14,48.66,restaurant,pos,0.022,0
4,2025-04-02 15:59:49,51.49,online_retail,online,0.0278,0
4,2025-04-02 17:03:17,220.69,restaurant,online,0.0159,0
4,2025-04-05 21:56:22,72.93,grocery,pos,0.0442,0
4,2025-04-07 11:50:39,43.44,utilities,online,0.0512,0
4,2025-04-09 10:42:47,41.23,fuel,online,0.0786,0
4,2025-04-09 12:10:14,28.7,travel,mobile,0.0366,0
4,2025-04-10 17:14:05,86.15,restaurant,online,0.0217,0
4,2025-04-10 17:21:03,69.65,fuel,pos,0.0294,0
4,2025-04-12 21:51:59,130.0,utilities,mobile,0.0267,0
4,2025-04-13 15:51:16,40.69,restaurant,atm,0.0648,0
4,2025-04-13 18:24:17,33.08,online_retail,online,0.0254,0
4,2025-04-13 18:57:27,188.51,online_retail,mobile,0.0263,0
4,2025-04-14 09:53:02,104.32,online_retail,mobile,0.0068,0
4,2025-04-14 13:37:40,96.57,fuel,atm,0.0293,0
4,2025-04-14 18:44:36,69.7,fuel,mobile,0.0277,0
4,2025-04-15 23:09:22,91.25,restaurant,online,0.0081,0
4,2025-04-19 17:20:33,38.04,fuel,pos,0.0608,0
4,2025-04-19 19:57:53,74.28,online_retail,pos,0.0292,0
4,2025-04-19 20:43:50,68.06,cash_advance,mobile,0.0205,0
4,2025-04-20 15:20:46,139.37,restaurant,online,0.0004,0
4,2025-04-21 07:53:36,110.26,fuel,pos,0.0151,0
4,2025-04-21 11:54:39,40.19,fuel,online,0.0276,0
4,2025-04-22 16:46:47,110.91,fuel,mobile,0.0613,0
4,2025-04-22 21:44:01,51.19,fuel,mobile,0.0296,0
4,2025-04-23 21:12:53,8.06,restaurant,pos,0.0104,0
4,2025-04-24 23:20:59,76.68,restaurant,pos,0.0446,0
4,2025-04-25 09:27:31,93.38,restaurant,pos,0.0979,0
4,2025-04-25 17:29:08,76.31,restaurant,mobile,0.0257,0
4,2025-04-25 18:06:45,107.1,fuel,mobile,0.0489,0
4,2025-04-28 09:22:39,57.08,online_retail,mobile,0.0082,0
4,2025-04-28 18:58:17,108.59,fuel,online,0.0339,0
4,2025-04-29 23:42:20,56.08,restaurant,online,0.0048,0
4,2025-04-30 07:19:36,80.62,fuel,online,0.0247,0
4,2025-04-30 10:03:09,25.14,online_retail,online,0.0016,0
4,2025-05-01 19:27:59,128.83,cash_advance,pos,0.0654,0
4,2025-05-02 13:16:23,83.26,electronics,pos,0.0063,0
4,2025-05-03 12:03:41,43.39,jewelry,online,0.0299,0
4,2025-05-03 18:09:16,25.69,restaurant,pos,0.1102,0
4,2025-05-03 18:24:19,111.92,restaurant,online,0.018,0
4,2025-05-06 10:26:50,6.78,online_retail,pos,0.0367,0
4,2025-05-06 18:31:49,34.2,restaurant,atm,0.0127,0
4,2025-05-06 22:33:57,22.92,online_retail,pos,0.076,0
4,2025-05-07 22:18:17,112.92,restaurant,mobile,0.0573,0
4,2025-05-08 13:43:05,15.68,fuel,online,0.0386,0
4,2025-05-08 19:23:34,84.24,grocery,pos,0.0959,0
4,2025-05-09 09:49:01,21.95,restaurant,online,0.0011,0
4,2025-05-09 13:48:35,52.64,restaurant,online,0.0254,0
4,2025-05-09 18:43:49,52.3,fuel,online,0.0309,0
4,2025-05-11 10:27:25,28.32,restaurant,online,0.0505,0
4,2025-05-11 14:29:13,56.09,online_retail,online,0.0313,0
4,2025-05-13 16:56:41,53.02,online_retail,online,0.0435,0
4,2025-05-13 21:09:37,136.72,online_retail,pos,0.0891,0
4,2025-05-15 17:41:53,54.21,online_retail,online,0.0078,0
4,2025-05-16 10:08:29,56.93,online_retail,mobile,0.0661,0
4,2025-05-16 11:19:42,17.35,jewelry,online,0.1052,0
4,2025-05-16 13:45:23,6.75,fuel,pos,0.0461,0
4,2025-05-16 14:33:36,53.35,online_retail,online,0.0347,0
4,2025-05-16 18:53:34,69.37,online_retail,online,0.0462,0
4,2025-05-17 21:13:08,49.38,online_retail,pos,0.0095,0
4,2025-05-17 22:42:26,67.09,online_retail,mobile,0.0572,0
4,2025-05-18 02:56:14,35.17,online_retail,mobile,0.041,0
4,2025-05-18 19:20:45,41.89,restaurant,mobile,0.0415,0
4,2025-05-18 21:02:05,91.86,online_retail,pos,0.0356,0
4,2025-05-19 07:51:35,35.53,online_retail,pos,0.0117,0
4,2025-05-19 13:08:44,70.41,fuel,online,0.1143,0
4,2025-05-19 14:29:36,129.28,fuel,online,0.0305,0
4,2025-05-19 19:16:23,21.2,restaurant,online,0.0831,0
4,2025-05-19 21:13:26,68.06,online_retail,online,0.0222,0
4,2025-05-20 15:32:59,39.52,travel,pos,0.0266,0
4,2025-05-20 18:11:57,28.88,online_retail,pos,0.006,0
4,2025-05-21 14:01:25,36.11,jewelry,online,0.0165,0
4,2025-05-21 15:29:57,145.19,online_retail,pos,0.0489,0
4,2025-05-22 10:56:06,37.18,jewelry,online,0.0421,0
4,2025-05-23 03:51:45,21.92,fuel,pos,0.0854,0
4,2025-05-23 17:21:21,50.11,online_retail,pos,0.048,0
4,2025-05-23 17:59:42,62.4,online_retail,mobile,0.0609,0
4,2025-05-24 11:32:49,21.83,restaurant,mobile,0.0911,0
4,2025-05-24 16:52:22,22.14,cash_advance,pos,0.034,0
4,2025-05-25 13:55:37,51.0,fuel,online,0.0515,0
4,2025-05-25 17:16:23,64.1,travel,pos,0.0338,0
4,2025-05-26 21:49:03,252.64,online_retail,pos,0.0333,0
4,2025-05-27 18:50:37,181.53,online_retail,pos,0.0543,0
4,2025-05-28 10:44:30,79.95,jewelry,mobile,0.0254,0
4,2025-05-29 11:09:49,60.76,entertainment,mobile,0.0069,0
4,2025-05-30 00:24:15,166.1,grocery,online,0.0478,0
4,2025-05-30 21:46:25,40.7,fuel,pos,0.0155,0
4,2025-05-30 21:57:38,25.49,fuel,pos,0.0088,0
4,2025-05-31 11:56:14,48.44,online_retail,pos,0.0385,0
4,2025-05-31 19:51:42,23.26,electronics,mobile,0.0557,0
4,2025-06-02 11:50:57,111.43,restaurant,online,0.0603,0
4,2025-06-03 11:38:21,13.46,online_retail,online,0.0041,0
4,2025-06-04 06:38:44,92.13,travel,online,0.0002,0
4,2025-06-09 15:42:52,35.75,fuel,atm,0.0191,0
4,2025-06-09 16:03:30,124.8,fuel,mobile,0.0379,0
4,2025-06-10 18:04:01,59.65,online_retail,pos,0.0139,0
4,2025-06-10 20:47:27,14.83,online_retail,online,0.0011,0
4,2025-06-11 05:53:42,93.35,fuel,online,0.0579,0
4,2025-06-12 05:40:51,24.36,fuel,online,0.0175,0
4,2025-06-12 07:07:01,31.74,fuel,pos,0.0665,0
4,2025-06-12 19:03:20,35.51,fuel,online,0.0872,0
4,2025-06-14 09:27:49,24.77,restaurant,pos,0.0582,0
4,2025-06-14 13:05:17,39.93,restaurant,online,0.0165,0
4,2025-06-14 15:12:10,215.19,fuel,atm,0.0034,0
4,2025-06-15 11:42:12,65.96,fuel,pos,0.0169,0
4,2025-06-16 09:24:03,9.92,online_retail,pos,0.0264,0
4,2025-06-17 11:41:55,61.69,fuel,mobile,0.0252,0
4,2025-06-17 15:51:32,70.19,online_retail,pos,0.0214,0
4,2025-06-17 17:34:30,134.55,online_retail,mobile,0.0401,0
4,2025-06-18 15:08:51,34.86,restaurant,online,0.0943,0
4,2025-06-19 17:37:47,78.03,restaurant,mobile,0.0125,0
4,2025-06-19 23:34:33,50.7,online_retail,atm,0.0735,0
4,2025-06-21 23:37:41,38.57,online_retail,mobile,0.0718,0
4,2025-06-22 10:00:38,19.96,online_retail,online,0.0829,0
4,2025-06-22 11:50:58,27.65,restaurant,online,0.0431,0
4,2025-06-22 18:13:19,79.0,jewelry,online,0.0102,0
4,2025-06-22 21:06:38,71.55,fuel,pos,0.0052,0
4,2025-06-22 23:22:20,40.5,online_retail,online,0.1105,0
4,2025-06-23 10:54:28,62.52,restaurant,online,0.0398,0
4,2025-06-24 15:47:08,162.57,jewelry,mobile,0.0668,0
4,2025-06-26 12:28:56,28.2,restaurant,pos,0.0348,0
4,2025-06-26 19:12:53,64.24,online_retail,pos,0.0213,0
4,2025-06-26 22:36:32,68.67,cash_advance,online,0.048,0
4,2025-06-27 16:22:23,113.22,restaurant,mobile,0.019,0
4,2025-06-28 02:32:22,99.49,cash_advance,mobile,0.0446,0
4,2025-06-29 10:46:25,163.15,restaurant,mobile,0.0576,0
5,2025-01-01 19:45:37,31.19,jewelry,mobile,0.005,0
5,2025-01-02 16:32:45,36.42,utilities,mobile,0.0082,0
5,2025-01-03 09:01:26,11.54,jewelry,mobile,0.0399,0
5,2025-01-04 16:07:29,53.48,restaurant,pos,0.0409,0
5,2025-01-05 05:27:31,16.89,fuel,mobile,0.0213,0
5,2025-01-05 09:44:34,12.44,restaurant,online,0.0169,0
5,2025-01-05 13:48:12,5.2,restaurant,mobile,0.0426,0
5,2025-01-06 09:40:06,14.06,restaurant,pos,0.0325,0
5,2025-01-06 13:46:11,9.26,online_retail,mobile,0.002,0
5,2025-01-07 08:13:55,20.38,jewelry,pos,0.0988,0
5,2025-01-07 09:43:31,10.3,restaurant,pos,0.0328,0
5,2025-01-07 11:11:58,16.18,restaurant,online,0.0183,0
5,2025-01-07 20:35:59,18.2,restaurant,atm,0.0972,0
5,2025-01-07 23:00:38,25.39,jewelry,mobile,0.0536,0
5,2025-01-08 10:43:24,13.98,online_retail,online,0.0203,0
5,2025-01-08 13:16:48,19.21,restaurant,online,0.0574,0
5,2025-01-08 13:23:24,13.93,online_retail,mobile,0.0815,0
5,2025-01-08 14:31:51,28.79,entertainment,online,0.02,0
5,2025-01-08 14:50:23,26.0,online_retail,online,0.0155,0
5,2025-01-08 16:09:48,39.32,restaurant,pos,0.03,0
5,2025-01-09 04:36:29,11.69,grocery,mobile,0.016,0
5,2025-01-09 05:10:03,12.55,online_retail,online,0.0043,0
5,2025-01-09 12:24:03,23.67,jewelry,pos,0.038,0
5,2025-01-09 21:37:07,44.3,grocery,mobile,0.0354,0
5,2025-01-10 07:59:31,18.21,entertainment,online,0.0109,0
5,2025-01-10 12:52:20,30.24,jewelry,pos,0.0647,0
5,2025-01-10 15:24:58,112.01,fuel,online,0.0554,0
5,2025-01-10 17:22:34,20.23,restaurant,mobile,0.0687,0
5,2025-01-10 18:34:32,35.35,restaurant,online,0.1016,0
5,2025-01-11 02:02:16,25.5,entertainment,pos,0.0175,0
5,2025-01-11 11:14:40,132.32,online_retail,pos,0.0797,0
5,2025-01-11 17:49:28,35.51,online_retail,online,0.0221,0
5,2025-01-11 18:44:28,9.21,fuel,pos,0.0289,0
5,2025-01-12 09:21:25,6.62,restaurant,mobile,0.0111,0
5,2025-01-12 09:39:24,44.7,jewelry,mobile,0.0176,0
5,2025-01-12 12:27:25,55.53,restaurant,mobile,0.0855,0
5,2025-01-12 13:37:42,15.44,entertainment,online,0.0104,0
5,2025-01-12 18:11:32,11.75,online_retail,online,0.0153,0
5,2025-01-13 16:41:55,44.35,jewelry,online,0.1131,0
5,2025-01-14 11:06:11,11.89,cash_advance,pos,0.0028,0
5,2025-01-15 07:43:16,42.09,online_retail,mobile,0.0166,0
5,2025-01-15 12:53:52,15.32,online_retail,pos,0.0269,0
5,2025-01-15 13:16:56,22.98,restaurant,online,0.1145,0
5,2025-01-15 14:47:41,22.5,online_retail,pos,0.0417,0
5,2025-01-15 16:55:58,26.72,online_retail,online,0.0945,0
5,2025-01-15 19:10:50,32.88,jewelry,online,0.0979,0
5,2025-01-16 10:04:24,11.87,online_retail,online,0.1157,0
5,2025-01-16 13:06:24,24.97,jewelry,online,0.0433,0
5,2025-01-16 13:34:27,31.55,jewelry,atm,0.0152,0
5,2025-01-17 12:33:35,71.6,restaurant,online,0.0695,0
5,2025-01-17 18:11:20,46.08,restaurant,pos,0.0026,0
5,2025-01-18 05:44:53,40.65,jewelry,online,0.0099,0
5,2025-01-18 10:26:44,31.01,jewelry,online,0.0168,0
5,2025-01-18 11:35:02,19.3,online_retail,pos,0.0133,0
5,2025-01-18 15:06:56,11.25,online_retail,mobile,0.0415,0
5,2025-01-19 01:55:18,3.83,jewelry,mobile,0.0231,0
5,2025-01-19 06:47:50,16.16,online_retail,pos,0.1081,0
5,2025-01-19 11:27:54,20.12,online_retail,online,0.0203,0
5,2025-01-19 12:48:23,28.41,online_retail,mobile,0.0095,0
5,2025-01-19 13:21:08,4.31,restaurant,online,0.0732,0
5,2025-01-19 15:29:29,60.14,grocery,pos,0.0274,0
5,2025-01-19 16:03:16,15.61,jewelry,pos,0.066,0
5,2025-01-19 18:37:07,28.42,entertainment,online,0.0579,0
5,2025-01-20 11:55:25,7.46,restaurant,online,0.063,0
5,2025-01-20 16:05:59,17.51,online_retail,mobile,0.0909,0
5,2025-01-21 12:48:46,32.2,electronics,atm,0.0751,0
5,2025-01-21 13:41:56,185.98,online_retail,online,0.1648,1
5,2025-01-21 13:49:37,63.24,restaurant,pos,0.0271,0
5,2025-01-21 15:12:17,9.69,restaurant,mobile,0.0091,0
5,2025-01-21 19:48:27,7.9,electronics,pos,0.0417,0
5,2025-01-22 06:53:17,14.45,jewelry,mobile,0.0718,0
5,2025-01-22 13:46:04,32.78,jewelry,pos,0.0422,0
5,2025-01-22 16:49:42,12.14,restaurant,pos,0.0425,0
5,2025-01-22 18:56:52,24.6,online_retail,atm,0.0212,0
5,2025-01-22 23:02:27,12.2,jewelry,online,0.0219,0
5,2025-01-23 14:02:25,20.54,online_retail,online,0.0099,0
5,2025-01-24 08:12:16,17.63,online_retail,mobile,0.0779,0
5,2025-01-24 09:27:56,5.33,online_retail,online,0.0208,0
5,2025-01-24 11:45:50,38.89,restaurant,online,0.0174,0
5,2025-01-24 13:46:41,9.63,online_retail,online,0.0346,0
5,2025-01-24 17:27:29,14.9,jewelry,pos,0.0214,0
5,2025-01-25 18:29:10,21.25,restaurant,pos,0.0127,0
5,2025-01-26 14:11:16,15.97,restaurant,pos,0.0114,0
5,2025-01-26 23:18:11,6.33,online_retail,pos,0.0348,0
5,2025-01-27 11:48:33,33.71,restaurant,pos,0.0723,0
5,2025-01-27 12:29:03,4.15,online_retail,pos,0.0459,0
5,2025-01-27 12:36:50,6.38,jewelry,atm,0.0079,0
5,2025-01-27 14:57:09,18.22,online_retail,mobile,0.0503,0
5,2025-01-27 19:32:08,29.37,fuel,online,0.008,0
5,2025-01-27 23:38:35,1.84,online_retail,pos,0.0213,0
5,2025-01-28 08:21:31,12.83,restaurant,mobile,0.0281,0
5,2025-01-28 15:29:03,1.53,online_retail,online,0.0313,0
5,2025-01-28 15:45:43,3.46,online_retail,atm,0.0517,0
5,2025-01-28 16:45:46,14.38,entertainment,pos,0.0142,0
5,2025-01-28 17:30:18,11.65,jewelry,mobile,0.0225,0
5,2025-01-29 13:43:43,13.77,restaurant,pos,0.0075,0
5,2025-01-29 15:51:02,47.84,jewelry,mobile,0.07,0
5,2025-01-30 14:24:48,5.13,online_retail,online,0.0407,0
5,2025-01-30 16:40:00,8.44,online_retail,online,0.0254,0
5,2025-01-31 11:30:28,11.99,jewelry,pos,0.0635,0
5,2025-01-31 11:39:10,13.35,restaurant,mobile,0.0136,0
5,2025-01-31 16:40:08,11.28,restaurant,pos,0.0163,0
5,2025-01-31 19:17:57,10.71,restaurant,online,0.0012,0
5,2025-01-31 22:33:55,86.82,online_retail,mobile,0.0376,0
5,2025-02-01 09:19:03,32.02,jewelry,online,0.0875,0
5,2025-02-02 16:43:50,12.8,restaurant,pos,0.0181,0
5,2025-02-02 17:38:55,8.67,restaurant,mobile,0.0023,0
5,2025-02-03 06:40:13,27.01,online_retail,mobile,0.09,0
5,2025-02-03 15:29:13,13.23,restaurant,pos,0.0155,0
5,2025-02-04 05:58:37,16.3,electronics,mobile,0.0346,0
5,2025-02-04 10:11:41,15.17,grocery,mobile,0.0793,0
5,2025-02-04 11:06:12,6.72,electronics,atm,0.0126,0
5,2025-02-04 14:00:13,31.16,restaurant,online,0.0324,0
5,2025-02-04 14:12:34,11.14,jewelry,online,0.0047,0
5,2025-02-04 14:50:14,8.36,online_retail,pos,0.0058,0
5,2025-02-05 06:11:54,6.16,restaurant,mobile,0.045,0
5,2025-02-05 10:29:54,37.82,online_retail,online,0.0957,0
5,2025-02-05 11:24:43,7.95,online_retail,atm,0.0141,0
5,2025-02-05 16:03:54,9.67,jewelry,pos,0.0743,0
5,2025-02-06 16:28:53,19.92,restaurant,pos,0.0156,0
5,2025-02-06 18:09:40,9.63,jewelry,mobile,0.0031,0
5,2025-02-07 06:46:53,30.48,online_retail,pos,0.0069,0
5,2025-02-07 12:47:03,19.64,online_retail,pos,0.0386,0
5,2025-02-07 15:11:43,26.26,restaurant,mobile,0.0959,0
5,2025-02-07 22:07:29,4.13,restaurant,online,0.0149,0
5,2025-02-08 23:25:28,14.22,restaurant,online,0.0081,0
5,2025-02-08 23:36:21,25.74,restaurant,online,0.0032,0
5,2025-02-08 23:38:46,10.83,restaurant,mobile,0.0609,0
5,2025-02-09 06:46:03,36.92,jewelry,online,0.024,0
5,2025-02-09 10:48:46,9.5,restaurant,mobile,0.0149,0
5,2025-02-09 14:17:56,30.89,fuel,mobile,0.003,0
5,2025-02-09 14:47:49,7.63,utilities,mobile,0.0447,0
5,2025-02-09 17:08:32,8.97,entertainment,online,0.0187,0
5,2025-02-09 19:50:58,21.8,electronics,mobile,0.0484,0
5,2025-02-09 19:51:18,17.02,restaurant,pos,0.0505,0
5,2025-02-11 11:46:25,23.27,restaurant,atm,0.0635,0
5,2025-02-11 13:42:40,14.06,restaurant,online,0.0508,0
5,2025-02-11 15:12:18,13.33,grocery,online,0.0254,0
5,2025-02-11 18:07:05,8.97,jewelry,online,0.0431,0
5,2025-02-11 18:35:05,17.22,restaurant,mobile,0.0513,0
5,2025-02-11 20:58:16,25.15,restaurant,mobile,0.052,0
5,2025-02-11 23:46:09,16.77,cash_advance,online,0.053,0
5,2025-02-12 02:19:05,14.91,restaurant,online,0.0232,0
5,2025-02-12 08:28:40,18.64,fuel,pos,0.0717,0
5,2025-02-13 08:00:53,8.07,online_retail,online,0.0813,0
5,2025-02-13 09:31:49,51.78,restaurant,online,0.0418,0
5,2025-02-13 10:58:47,12.37,online_retail,online,0.0497,0
5,2025-02-13 17:11:49,5.23,grocery,pos,0.0629,0
5,2025-02-13 17:23:23,56.11,entertainment,mobile,0.042,0
5,2025-02-13 18:20:29,15.51,online_retail,online,0.0116,0
5,2025-02-13 22:58:39,3.48,cash_advance,online,0.0053,0
5,2025-02-14 00:04:19,25.16,jewelry,pos,0.0293,0
5,2025-02-14 05:02:41,51.26,online_retail,pos,0.0044,0
5,2025-02-14 09:44:39,52.71,online_retail,pos,0.1142,0
5,2025-02-14 17:09:28,39.42,online_retail,mobile,0.0829,0
5,2025-02-14 17:47:23,14.88,restaurant,mobile,0.08,0
5,2025-02-14 23:23:39,45.79,travel,pos,0.021,0
5,2025-02-15 09:20:03,16.19,jewelry,online,0.014,0
5,2025-02-16 07:39:28,30.06,restaurant,pos,0.0966,0
5,2025-02-16 11:51:55,37.1,restaurant,mobile,0.0159,0
5,2025-02-16 12:34:39,13.92,online_retail,pos,0.0056,0
5,2025-02-16 12:39:12,10.16,jewelry,online,0.0291,0
5,2025-02-16 17:34:25,18.01,online_retail,online,0.0509,0
5,2025-02-17 11:37:07,28.37,jewelry,online,0.0328,0
5,2025-02-17 13:32:34,13.68,grocery,online,0.0196,0
5,2025-02-17 15:01:57,17.53,restaurant,online,0.002,0
5,2025-02-18 04:09:52,36.44,online_retail,pos,0.0214,0
5,2025-02-18 10:59:15,7.5,jewelry,atm,0.08,0
5,2025-02-18 12:30:31,25.98,jewelry,mobile,0.067,0
5,2025-02-18 12:51:25,6.7,restaurant,online,0.0299,0
5,2025-02-18 13:39:14,9.9,jewelry,mobile,0.048,0
5,2025-02-18 16:19:38,36.55,restaurant,online,0.0074,0
5,2025-02-18 17:03:08,41.91,utilities,atm,0.0152,0
5,2025-02-18 22:02:53,15.46,restaurant,pos,0.0078,0
5,2025-02-19 08:16:31,6.22,restaurant,mobile,0.0082,0
5,2025-02-19 12:55:34,10.5,online_retail,online,0.0077,0
5,2025-02-19 15:22:03,16.04,online_retail,online,0.0893,0
5,2025-02-20 06:19:56,23.2,online_retail,online,0.0404,0
5,2025-02-20 17:05:10,32.08,online_retail,mobile,0.0139,0
5,2025-02-21 08:04:55,20.16,restaurant,online,0.096,0
5,2025-02-21 15:20:16,15.94,electronics,pos,0.0073,0
5,2025-02-22 10:24:04,5.13,jewelry,pos,0.0497,0
5,2025-02-23 09:11:31,13.95,online_retail,pos,0.0358,0
5,2025-02-23 09:19:48,13.82,jewelry,mobile,0.0104,0
5,2025-02-23 12:03:18,17.22,restaurant,pos,0.0008,0
5,2025-02-23 12:15:29,56.99,online_retail,pos,0.0083,0
5,2025-02-23 14:01:47,14.25,online_retail,mobile,0.0182,0
5,2025-02-23 21:09:15,18.3,cash_advance,pos,0.0968,0
5,2025-02-24 08:36:26,6.03,restaurant,pos,0.136,0
5,2025-02-24 10:46:46,28.22,online_retail,mobile,0.0512,0
5,2025-02-24 14:26:11,21.46,online_retail,pos,0.0377,0
5,2025-02-24 15:05:10,9.75,fuel,mobile,0.0053,0
5,2025-02-24 17:53:55,18.6,online_retail,pos,0.0424,0
5,2025-02-25 12:41:31,37.12,jewelry,pos,0.0568,0
5,2025-02-25 15:04:51,34.8,jewelry,online,0.1241,0
5,2025-02-25 17:10:16,26.54,electronics,mobile,0.0272,0
5,2025-02-25 20:48:04,13.36,online_retail,pos,0.0673,0
5,2025-02-25 23:09:06,8.16,restaurant,atm,0.0535,0
5,2025-02-27 09:32:27,21.32,jewelry,mobile,0.034,0
5,2025-02-28 10:03:13,3.37,entertainment,online,0.021,0
5,2025-02-28 10:37:01,12.65,grocery,mobile,0.0171,0
5,2025-02-28 10:40:52,9.5,restaurant,online,0.0307,0
5,2025-02-28 10:42:02,18.42,utilities,online,0.0361,0
5,2025-02-28 13:29:53,29.84,online_retail,online,0.0472,0
5,2025-02-28 13:30:34,20.16,restaurant,pos,0.0116,0
5,2025-03-01 16:34:44,26.19,online_retail,online,0.0142,0
5,2025-03-01 16:59:37,19.48,online_retail,pos,0.0133,0
5,2025-03-01 17:53:15,23.06,utilities,online,0.0519,0
5,2025-03-01 18:27:01,14.03,online_retail,online,0.0199,0
5,2025-03-01 21:40:12,21.79,online_retail,pos,0.1086,0
5,2025-03-02 05:46:06,22.11,travel,pos,0.0781,0
5,2025-03-02 12:28:32,27.73,cash_advance,pos,0.0385,0
5,2025-03-02 13:54:33,9.82,online_retail,online,0.0008,0
5,2025-03-02 16:09:23,21.06,restaurant,mobile,0.0812,0
5,2025-03-02 19:50:52,10.37,jewelry,online,0.0067,0
5,2025-03-02 21:20:19,9.36,jewelry,pos,0.0846,0
5,2025-03-03 02:58:56,14.6,jewelry,atm,0.0136,1
5,2025-03-03 03:26:33,10.19,restaurant,pos,0.0732,0
5,2025-03-03 09:06:13,6.03,restaurant,online,0.0037,0
5,2025-03-03 14:16:47,10.21,jewelry,online,0.0565,0
5,2025-03-03 17:45:52,24.0,jewelry,pos,0.1098,0
5,2025-03-03 21:49:55,16.02,travel,mobile,0.0718,0
5,2025-03-03 22:42:27,16.9,online_retail,pos,0.0461,0
5,2025-03-04 07:41:40,19.82,restaurant,online,0.0107,0
5,2025-03-04 11:01:48,14.12,online_retail,pos,0.0172,0
5,2025-03-04 12:43:13,14.38,online_retail,online,0.0647,0
5,2025-03-04 17:17:26,14.12,grocery,pos,0.0049,0
5,2025-03-04 23:54:32,31.21,jewelry,pos,0.0314,0
5,2025-03-05 00:26:19,77.59,online_retail,pos,0.0195,0
5,2025-03-05 11:55:28,22.44,jewelry,pos,0.073,0
5,2025-03-05 15:54:13,6.3,fuel,online,0.018,0
5,2025-03-05 21:33:13,5.52,fuel,online,0.1228,0
5,2025-03-06 06:33:51,37.03,jewelry,online,0.002,0
5,2025-03-06 06:48:18,12.37,jewelry,online,0.0221,0
5,2025-03-07 07:01:37,16.08,jewelry,mobile,0.0094,0
5,2025-03-07 11:34:16,14.41,utilities,pos,0.1774,0
5,2025-03-08 17:36:48,15.34,restaurant,pos,0.0226,0
5,2025-03-08 17:55:23,15.17,jewelry,online,0.0061,0
5,2025-03-08 23:12:36,24.21,jewelry,pos,0.0265,0
5,2025-03-08 23:14:16,12.75,jewelry,pos,0.0987,0
5,2025-03-09 07:06:55,9.72,jewelry,online,0.0782,0
5,2025-03-09 16:20:38,53.03,online_retail,online,0.0349,0
5,2025-03-09 18:38:36,18.83,restaurant,pos,0.0498,0
5,2025-03-09 21:40:30,8.81,jewelry,atm,0.0747,0
5,2025-03-09 22:43:32,40.0,online_retail,online,0.0048,0
5,2025-03-10 17:26:28,5.72,grocery,online,0.0434,0
5,2025-03-10 17:58:59,7.03,restaurant,pos,0.1288,0
5,2025-03-10 21:42:05,10.48,restaurant,online,0.0878,0
5,2025-03-11 16:31:42,6.72,cash_advance,mobile,0.066,0
5,2025-03-12 08:55:29,16.43,restaurant,pos,0.0479,0
5,2025-03-12 19:06:31,46.28,online_retail,pos,0.0246,0
5,2025-03-13 02:20:10,9.1,jewelry,online,0.0855,0
5,2025-03-13 11:53:36,74.17,restaurant,mobile,0.015,0
5,2025-03-13 13:08:00,56.83,jewelry,pos,0.0878,0
5,2025-03-13 17:00:35,11.13,restaurant,online,0.0372,0
5,2025-03-13 18:58:07,16.2,online_retail,online,0.0438,0
5,2025-03-13 21:53:45,5.95,restaurant,pos,0.0828,0
5,2025-03-14 07:22:25,12.87,online_retail,online,0.0427,0
5,2025-03-14 16:54:54,9.93,jewelry,mobile,0.0043,0
5,2025-03-15 08:21:46,11.21,jewelry,online,0.0299,0
5,2025-03-16 09:14:31,26.79,restaurant,online,0.0114,0
5,2025-03-16 10:22:35,11.99,jewelry,online,0.03,0
5,2025-03-16 20:12:50,13.45,online_retail,online,0.0195,0
5,2025-03-17 10:02:10,12.19,jewelry,mobile,0.0161,0
5,2025-03-17 10:34:38,25.03,utilities,mobile,0.0523,0
5,2025-03-17 16:46:42,18.73,online_retail,online,0.0398,0
5,2025-03-17 16:55:39,15.14,online_retail,mobile,0.0441,0
5,2025-03-17 17:51:46,14.3,online_retail,online,0.0189,0
5,2025-03-18 08:55:09,59.09,jewelry,pos,0.0668,0
5,2025-03-19 09:12:53,19.11,jewelry,pos,0.0703,0
5,2025-03-19 10:08:22,3.91,electronics,pos,0.0118,0
5,2025-03-19 15:07:23,37.74,electronics,online,0.1231,0
5,2025-03-19 16:51:03,24.2,online_retail,online,0.0879,0
5,2025-03-20 16:40:56,7.46,online_retail,pos,0.0288,0
5,2025-03-21 11:53:46,11.16,restaurant,pos,0.0222,0
5,2025-03-21 12:36:02,10.81,travel,online,0.0012,0
5,2025-03-21 12:52:05,19.02,online_retail,mobile,0.0071,0
5,2025-03-21 22:45:32,8.43,jewelry,online,0.0205,0
5,2025-03-21 23:39:01,42.45,restaurant,online,0.0179,0
5,2025-03-22 13:03:34,39.25,restaurant,online,0.0747,0
5,2025-03-22 13:49:04,9.69,restaurant,pos,0.0942,0
5,2025-03-23 09:20:21,33.92,jewelry,pos,0.0056,0
5,2025-03-23 14:17:01,5.46,restaurant,mobile,0.0053,0
5,2025-03-23 14:40:40,31.83,jewelry,pos,0.0758,0
5,2025-03-24 06:20:48,28.29,jewelry,online,0.0831,0
5,2025-03-24 08:04:06,45.76,jewelry,online,0.0304,0
5,2025-03-24 15:46:27,23.55,online_retail,online,0.0357,0
5,2025-03-24 20:16:11,5.72,entertainment,online,0.0401,0
5,2025-03-24 21:51:13,8.79,online_retail,mobile,0.0464,0
5,2025-03-25 06:57:06,4.4,online_retail,pos,0.0072,0
5,2025-03-25 13:52:58,8.51,travel,online,0.0194,0
5,2025-03-25 17:25:29,20.61,restaurant,online,0.0436,0
5,2025-03-25 22:59:45,12.6,entertainment,online,0.006,0
5,2025-03-26 10:08:46,10.42,restaurant,online,0.015,0
5,2025-03-26 10:47:34,7.99,online_retail,online,0.0672,0
5,2025-03-26 15:19:23,31.73,online_retail,pos,0.001,0
5,2025-03-26 21:12:20,13.64,restaurant,pos,0.0685,0
5,2025-03-27 12:17:20,34.99,jewelry,mobile,0.0772,0
5,2025-03-27 13:33:33,77.75,jewelry,pos,0.0457,0
5,2025-03-27 14:34:13,16.63,restaurant,pos,0.0461,0
5,2025-03-27 15:37:18,18.24,jewelry,online,0.0733,0
5,2025-03-27 16:01:42,13.52,restaurant,atm,0.0674,0
5,2025-03-27 20:06:38,72.54,restaurant,mobile,0.0839,0
5,2025-03-28 07:54:27,23.0,jewelry,mobile,0.0027,0
5,2025-03-29 09:11:08,18.23,online_retail,pos,0.0006,0
5,2025-03-29 15:10:10,60.53,entertainment,mobile,0.0678,0
5,2025-03-30 03:22:47,9.02,restaurant,pos,0.0752,0
5,2025-03-30 07:02:24,27.56,online_retail,mobile,0.0522,0
5,2025-03-30 14:36:49,31.3,online_retail,online,0.0775,0
5,2025-03-30 16:19:05,18.67,jewelry,mobile,0.0567,0
5,2025-03-31 05:19:30,10.83,entertainment,pos,0.0646,0
5,2025-03-31 07:02:35,23.56,jewelry,online,0.0336,0
5,2025-03-31 13:36:28,6.04,jewelry,mobile,0.0309,0
5,2025-03-31 14:18:21,13.74,jewelry,online,0.004,0
5,2025-04-01 06:38:09,17.32,restaurant,pos,0.0699,0
5,2025-04-01 13:21:39,16.48,restaurant,online,0.0193,0
5,2025-04-01 14:15:49,60.5,jewelry,pos,0.0304,0
5,2025-04-03 10:57:49,12.4,jewelry,mobile,0.0577,0
5,2025-04-03 14:56:48,6.63,jewelry,mobile,0.0338,0
5,2025-04-03 15:21:26,44.7,online_retail,pos,0.0906,0
5,2025-04-03 16:04:04,35.7,jewelry,online,0.0041,0
5,2025-04-03 23:38:30,31.66,restaurant,pos,0.0486,0
5,2025-04-04 11:37:06,28.1,utilities,pos,0.0174,0
5,2025-04-04 14:55:39,38.0,jewelry,online,0.0158,0
5,2025-04-04 15:00:02,106.34,jewelry,mobile,0.0514,0
5,2025-04-04 16:03:42,40.22,cash_advance,pos,0.0822,0
5,2025-04-05 13:36:36,16.77,jewelry,pos,0.0586,0
5,2025-04-06 07:42:29,35.74,restaurant,online,0.0432,0
5,2025-04-06 09:12:32,29.04,jewelry,online,0.0062,0
5,2025-04-06 11:17:48,13.0,restaurant,pos,0.0054,0
5,2025-04-06 11:51:08,15.6,jewelry,mobile,0.0081,0
5,2025-04-06 13:16:16,28.16,jewelry,pos,0.0516,0
5,2025-04-06 20:29:43,9.45,travel,online,0.0181,0
5,2025-04-07 03:06:35,30.97,online_retail,pos,0.0314,0
5,2025-04-09 20:21:37,4.47,jewelry,pos,0.0662,0
5,2025-04-10 02:02:00,44.82,jewelry,online,0.022,0
5,2025-04-10 11:43:06,13.45,jewelry,atm,0.0466,0
5,2025-04-10 12:15:52,77.21,restaurant,mobile,0.0436,0
5,2025-04-10 14:04:26,55.96,travel,mobile,0.0503,0
5,2025-04-10 16:11:40,30.53,travel,mobile,0.038,0
5,2025-04-10 18:05:10,14.75,grocery,online,0.0461,0
5,2025-04-10 23:09:13,16.87,restaurant,pos,0.005,0
5,2025-04-11 07:32:30,27.79,jewelry,pos,0.0716,0
5,2025-04-11 15:14:21,15.9,online_retail,pos,0.0285,0
5,2025-04-11 19:57:33,26.84,grocery,online,0.0028,0
5,2025-04-13 08:00:35,15.51,online_retail,pos,0.0313,0
5,2025-04-13 09:56:58,18.49,restaurant,mobile,0.0435,0
5,2025-04-14 07:05:23,101.1,online_retail,pos,0.0093,0
5,2025-04-14 10:41:07,11.69,jewelry,mobile,0.0567,0
5,2025-04-14 12:49:04,46.95,restaurant,mobile,0.0018,0
5,2025-04-14 20:53:20,9.11,jewelry,pos,0.0115,0
5,2025-04-14 21:35:15,17.46,grocery,mobile,0.0136,0
5,2025-04-14 22:50:59,16.67,entertainment,mobile,0.0465,0
5,2025-04-15 12:31:19,23.51,online_retail,online,0.0609,0
5,2025-04-15 13:01:01,10.57,restaurant,online,0.0734,0
5,2025-04-15 13:42:19,62.37,entertainment,atm,0.0378,0
5,2025-04-15 16:29:28,34.88,online_retail,pos,0.0323,0
5,2025-04-16 15:30:15,24.4,online_retail,pos,0.0841,0
5,2025-04-17 12:51:13,22.13,online_retail,mobile,0.1254,0
5,2025-04-17 14:10:19,24.92,jewelry,pos,0.0099,0
5,2025-04-18 13:07:42,16.39,restaurant,pos,0.0326,0
5,2025-04-18 16:42:27,20.39,jewelry,online,0.0096,0
5,2025-04-19 08:29:19,10.28,jewelry,online,0.0315,0
5,2025-04-19 09:34:04,60.8,restaurant,online,0.0611,0
5,2025-04-19 10:06:00,48.85,online_retail,online,0.0421,0
5,2025-04-19 12:34:04,13.95,fuel,pos,0.0105,0
5,2025-04-19 15:26:27,20.56,restaurant,online,0.0051,0
5,2025-04-19 17:44:33,10.25,online_retail,online,0.0953,0
5,2025-04-19 19:05:27,22.96,utilities,online,0.0158,0
5,2025-04-20 08:46:24,8.9,online_retail,mobile,0.0042,0
5,2025-04-20 11:07:21,17.39,online_retail,pos,0.0079,0
5,2025-04-20 13:39:33,37.13,entertainment,pos,0.0466,0
5,2025-04-20 15:10:40,15.98,online_retail,mobile,0.0865,0
5,2025-04-20 17:26:31,6.29,jewelry,pos,0.0365,0
5,2025-04-21 13:52:44,6.53,online_retail,pos,0.0879,0
5,2025-04-21 16:56:48,16.96,restaurant,mobile,0.0447,0
5,2025-04-22 02:20:35,16.14,jewelry,online,0.0582,0
5,2025-04-22 10:44:58,8.78,jewelry,mobile,0.0962,0
5,2025-04-22 13:43:40,21.47,cash_advance,online,0.0115,0
5,2025-04-22 16:01:27,6.56,online_retail,online,0.0324,0
5,2025-04-22 16:34:43,23.84,fuel,mobile,0.0958,0
5,2025-04-22 17:59:00,9.35,jewelry,pos,0.0554,0
5,2025-04-22 20:40:39,28.23,restaurant,online,0.0091,0
5,2025-04-23 11:45:08,18.71,fuel,pos,0.0232,0
5,2025-04-23 12:10:26,50.72,restaurant,mobile,0.0814,0
5,2025-04-23 14:42:01,14.34,online_retail,online,0.0023,0
5,2025-04-23 18:20:49,62.68,restaurant,atm,0.0347,0
5,2025-04-24 13:42:12,3.98,restaurant,online,0.0208,0
5,2025-04-24 17:30:59,32.6,jewelry,online,0.0197,0
5,2025-04-24 17:32:30,56.82,jewelry,online,0.0008,0
5,2025-04-25 14:50:21,22.31,entertainment,pos,0.0102,0
5,2025-04-25 15:40:06,16.68,jewelry,pos,0.0828,0
5,2025-04-26 08:32:53,13.15,jewelry,online,0.0626,0
5,2025-04-26 13:13:10,22.81,travel,online,0.0456,0
5,2025-04-26 15:34:37,27.35,online_retail,online,0.0082,0
5,2025-04-26 18:04:14,36.86,restaurant,mobile,0.0086,0
5,2025-04-26 19:32:01,26.02,online_retail,pos,0.0318,0
5,2025-04-26 22:39:44,26.03,cash_advance,pos,0.0634,0
5,2025-04-26 23:57:48,15.92,online_retail,online,0.0289,0
5,2025-04-27 06:10:09,12.54,jewelry,pos,0.0371,0
5,2025-04-27 12:53:36,12.62,cash_advance,pos,0.0416,0
5,2025-04-27 13:58:46,9.35,online_retail,pos,0.0282,0
5,2025-04-27 18:45:47,18.63,online_retail,pos,0.0308,0
5,2025-04-27 22:09:00,9.08,electronics,atm,0.0059,0
5,2025-04-28 09:50:43,14.15,utilities,pos,0.0012,0
5,2025-04-28 12:17:37,9.62,online_retail,online,0.0338,0
5,2025-04-29 07:26:47,13.15,online_retail,mobile,0.0116,0
5,2025-04-29 12:50:31,10.34,online_retail,pos,0.0571,0
5,2025-04-29 15:47:05,31.32,jewelry,online,0.0633,0
5,2025-04-29 15:54:26,32.79,restaurant,pos,0.1113,0
5,2025-04-29 16:34:08,7.83,fuel,pos,0.0066,0
5,2025-04-29 23:45:47,27.87,jewelry,online,0.0638,0
5,2025-04-30 09:19:08,22.14,entertainment,online,0.0786,0
5,2025-04-30 10:05:09,12.18,restaurant,mobile,0.0271,0
5,2025-04-30 12:47:23,20.25,restaurant,mobile,0.0723,0
5,2025-04-30 13:23:27,5.53,entertainment,mobile,0.0349,0
5,2025-04-30 15:22:45,4.81,restaurant,online,0.0419,0
5,2025-04-30 15:51:54,15.82,online_retail,mobile,0.022,0
5,2025-04-30 17:22:58,11.98,online_retail,pos,0.0174,0
5,2025-04-30 18:51:39,38.21,grocery,pos,0.0142,0
5,2025-04-30 18:56:47,43.91,online_retail,online,0.0161,0
5,2025-05-01 06:36:22,17.59,online_retail,pos,0.0106,0
5,2025-05-01 14:33:03,47.14,restaurant,online,0.0511,0
5,2025-05-02 06:35:36,74.75,restaurant,online,0.0406,0
5,2025-05-02 11:26:19,47.98,restaurant,pos,0.0194,0
5,2025-05-02 12:14:35,49.9,jewelry,mobile,0.0124,0
5,2025-05-02 13:55:30,9.34,online_retail,atm,0.0015,0
5,2025-05-02 21:36:45,6.33,entertainment,pos,0.0839,0
5,2025-05-03 07:44:34,29.14,restaurant,pos,0.0899,0
5,2025-05-03 18:10:46,26.52,jewelry,pos,0.0506,0
5,2025-05-04 08:01:50,2.86,jewelry,mobile,0.0374,0
5,2025-05-05 04:51:44,48.21,restaurant,online,0.0193,0
5,2025-05-05 08:46:30,3.31,jewelry,online,0.003,0
5,2025-05-05 16:13:43,22.51,jewelry,pos,0.0162,0
5,2025-05-06 07:30:25,40.36,online_retail,online,0.0121,0
5,2025-05-06 10:02:42,14.66,online_retail,mobile,0.0233,0
5,2025-05-06 10:34:32,8.73,restaurant,online,0.0521,0
5,2025-05-06 12:24:37,7.69,jewelry,mobile,0.0627,0
5,2025-05-06 13:17:36,16.03,electronics,online,0.0623,0
5,2025-05-06 15:10:15,10.41,online_retail,pos,0.0274,0
5,2025-05-06 19:59:17,17.36,restaurant,pos,0.0333,0
5,2025-05-06 21:04:36,30.27,restaurant,online,0.0468,0
5,2025-05-07 04:58:41,5.06,restaurant,pos,0.0325,0
5,2025-05-07 17:34:42,8.07,jewelry,online,0.0026,0
5,2025-05-07 23:15:24,24.75,cash_advance,mobile,0.0012,0
5,2025-05-08 06:25:57,23.83,online_retail,online,0.0817,0
5,2025-05-08 06:48:09,31.01,jewelry,online,0.0317,0
5,2025-05-08 11:09:56,10.72,restaurant,pos,0.0574,0
5,2025-05-08 12:01:48,15.49,restaurant,online,0.0012,0
5,2025-05-08 16:20:10,17.2,restaurant,online,0.048,0
5,2025-05-08 18:55:08,40.93,travel,online,0.0619,0
5,2025-05-09 13:13:39,46.11,cash_advance,online,0.0005,0
5,2025-05-09 17:07:44,4.37,online_retail,online,0.0663,0
5,2025-05-10 09:34:18,25.8,online_retail,online,0.0447,0
5,2025-05-10 10:40:11,25.56,electronics,pos,0.0282,0
5,2025-05-10 11:45:25,8.36,online_retail,atm,0.0263,0
5,2025-05-10 12:07:51,14.98,cash_advance,mobile,0.0046,0
5,2025-05-10 13:59:42,16.32,online_retail,pos,0.0072,0
5,2025-05-11 14:17:44,10.62,online_retail,mobile,0.0348,0
5,2025-05-11 16:52:24,51.97,travel,atm,0.0514,0
5,2025-05-11 21:05:36,5.08,online_retail,online,0.0262,0
5,2025-05-12 14:08:45,3.79,jewelry,online,0.0078,0
5,2025-05-12 17:23:36,3.7,travel,online,0.0423,0
5,2025-05-13 10:26:28,2.84,restaurant,online,0.0853,0
5,2025-05-13 12:19:44,17.66,online_retail,online,0.0356,0
5,2025-05-13 13:41:16,6.29,travel,online,0.0016,0
5,2025-05-13 20:21:29,23.61,restaurant,atm,0.0643,0
5,2025-05-13 21:42:13,5.58,restaurant,online,0.0776,0
5,2025-05-14 16:38:16,66.94,restaurant,online,0.0171,0
5,2025-05-15 04:12:32,10.45,jewelry,pos,0.0704,0
5,2025-05-15 10:17:47,12.87,online_retail,pos,0.005,0
5,2025-05-15 13:15:49,8.49,jewelry,pos,0.0093,0
5,2025-05-15 13:51:33,14.24,online_retail,pos,0.0631,0
5,2025-05-15 15:20:56,20.1,jewelry,mobile,0.0083,0
5,2025-05-15 16:21:31,9.52,jewelry,online,0.0095,0
5,2025-05-16 06:16:37,17.57,online_retail,pos,0.0424,0
5,2025-05-16 06:45:42,67.41,cash_advance,pos,0.0452,0
5,2025-05-16 08:34:04,22.95,restaurant,online,0.0073,0
5,2025-05-16 09:01:59,19.25,restaurant,pos,0.0018,0
5,2025-05-16 10:55:48,30.73,online_retail,online,0.0018,0
5,2025-05-16 12:10:07,29.94,fuel,online,0.0369,0
5,2025-05-16 12:26:23,18.16,jewelry,online,0.0144,0
5,2025-05-16 13:00:37,26.13,cash_advance,pos,0.0137,0
5,2025-05-16 13:13:28,20.89,jewelry,online,0.0283,0
5,2025-05-16 18:45:25,58.21,utilities,mobile,0.108,0
5,2025-05-16 19:24:40,17.0,restaurant,online,0.0456,0
5,2025-05-17 03:57:25,14.29,jewelry,pos,0.0979,0
5,2025-05-17 11:22:35,22.32,jewelry,atm,0.0119,0
5,2025-05-17 19:42:35,20.22,online_retail,pos,0.0079,0
5,2025-05-17 23:15:57,26.08,online_retail,atm,0.0269,0
5,2025-05-18 08:29:21,11.29,online_retail,online,0.0167,0
5,2025-05-18 11:50:39,8.52,entertainment,mobile,0.0395,0
5,2025-05-18 19:20:13,17.15,restaurant,online,0.0212,0
5,2025-05-19 06:01:47,13.58,jewelry,mobile,0.0561,0
5,2025-05-19 09:41:09,7.14,restaurant,pos,0.0368,0
5,2025-05-19 14:25:36,10.6,restaurant,online,0.0068,0
5,2025-05-19 14:55:27,25.27,online_retail,online,0.0263,0
5,2025-05-19 23:08:02,27.2,restaurant,online,0.0202,0
5,2025-05-20 10:39:13,31.48,restaurant,pos,0.0054,0
5,2025-05-20 10:45:42,13.2,entertainment,online,0.0226,0
5,2025-05-20 12:24:07,13.24,restaurant,online,0.0369,0
5,2025-05-20 13:10:04,17.79,restaurant,pos,0.0786,0
5,2025-05-20 17:29:58,77.57,jewelry,pos,0.0816,0
5,2025-05-21 00:18:19,24.06,online_retail,online,0.0571,0
5,2025-05-21 13:09:18,19.79,fuel,pos,0.0043,0
5,2025-05-21 14:33:05,16.35,restaurant,online,0.0558,0
5,2025-05-21 23:29:32,16.43,jewelry,pos,0.0605,0
5,2025-05-22 09:54:21,28.47,online_retail,mobile,0.0376,0
5,2025-05-22 13:26:53,37.07,entertainment,pos,0.0395,0
5,2025-05-22 16:53:39,24.37,jewelry,online,0.0348,0
5,2025-05-22 21:11:07,13.85,jewelry,pos,0.0295,0
5,2025-05-22 21:55:33,45.78,restaurant,online,0.0624,0
5,2025-05-23 15:13:45,7.43,jewelry,atm,0.07,0
5,2025-05-24 06:20:39,38.6,utilities,mobile,0.0338,0
5,2025-05-24 06:44:46,9.64,restaurant,atm,0.0736,0
5,2025-05-24 07:56:46,18.11,restaurant,mobile,0.018,0
5,2025-05-25 07:31:26,17.89,restaurant,pos,0.0543,0
5,2025-05-25 13:50:09,12.36,jewelry,mobile,0.0523,0
5,2025-05-25 16:15:15,56.24,restaurant,pos,0.0579,0
5,2025-05-26 09:32:39,7.8,utilities,pos,0.0031,0
5,2025-05-26 10:17:24,14.46,jewelry,pos,0.0023,0
5,2025-05-26 14:34:57,10.72,travel,pos,0.0874,0
5,2025-05-27 11:12:50,65.22,fuel,online,0.0514,0
5,2025-05-27 12:33:12,2.65,restaurant,mobile,0.019,0
5,2025-05-27 13:44:06,36.92,online_retail,mobile,0.0575,0
5,2025-05-27 18:13:25,5.87,online_retail,online,0.0093,0
5,2025-05-28 15:17:02,31.38,jewelry,mobile,0.0286,0
5,2025-05-28 16:56:04,55.94,utilities,atm,0.0646,0
5,2025-05-28 17:10:48,19.05,restaurant,pos,0.0369,0
5,2025-05-29 09:14:19,50.76,restaurant,pos,0.0662,0
5,2025-05-30 14:41:51,10.95,jewelry,pos,0.0306,0
5,2025-05-30 15:58:57,20.51,online_retail,online,0.0059,0
5,2025-05-31 08:28:41,19.25,fuel,online,0.0339,0
5,2025-05-31 12:43:04,13.29,restaurant,online,0.0713,0
5,2025-06-01 08:34:12,16.31,online_retail,mobile,0.016,0
5,2025-06-01 14:04:33,8.12,cash_advance,online,0.0607,0
5,2025-06-01 22:48:42,51.19,utilities,pos,0.0959,0
5,2025-06-02 09:56:20,24.32,jewelry,online,0.0159,0
5,2025-06-02 11:20:09,16.86,jewelry,mobile,0.0544,0
5,2025-06-02 13:27:13,62.92,utilities,online,0.0766,0
5,2025-06-02 14:15:39,8.21,restaurant,mobile,0.0228,0
5,2025-06-02 18:13:05,20.78,online_retail,pos,0.0405,0
5,2025-06-03 08:18:13,15.95,online_retail,online,0.0307,0
5,2025-06-03 13:14:48,9.08,jewelry,atm,0.028,0
5,2025-06-03 13:35:52,7.0,electronics,pos,0.0259,0
5,2025-06-03 17:30:00,6.34,restaurant,pos,0.0155,0
5,2025-06-03 18:05:17,19.59,online_retail,pos,0.0329,0
5,2025-06-04 05:49:03,29.91,cash_advance,online,0.0053,0
5,2025-06-04 16:11:12,22.82,online_retail,online,0.0196,0
5,2025-06-04 23:37:11,33.27,online_retail,online,0.0398,0
5,2025-06-05 14:58:10,12.36,jewelry,mobile,0.0367,0
5,2025-06-05 16:55:12,19.73,jewelry,pos,0.0365,0
5,2025-06-05 17:18:05,13.5,jewelry,mobile,0.0086,0
5,2025-06-05 20:27:23,16.49,online_retail,pos,0.0204,0
5,2025-06-06 09:56:04,18.61,online_retail,online,0.007,0
5,2025-06-06 18:08:25,14.0,online_retail,pos,0.0296,0
5,2025-06-07 06:19:05,9.67,restaurant,pos,0.0298,0
5,2025-06-07 09:49:09,5.82,jewelry,online,0.0573,0
5,2025-06-07 10:28:31,42.88,jewelry,mobile,0.0403,0
5,2025-06-07 13:57:37,6.66,grocery,mobile,0.0636,0
5,2025-06-07 15:21:05,8.17,online_retail,online,0.0293,0
5,2025-06-07 16:23:24,17.11,restaurant,pos,0.042,0
5,2025-06-07 20:05:12,10.26,online_retail,pos,0.0566,0
5,2025-06-08 13:44:29,20.69,jewelry,mobile,0.0271,0
5,2025-06-08 15:17:15,14.6,restaurant,online,0.0512,0
5,2025-06-08 15:53:02,13.64,restaurant,pos,0.0377,0
5,2025-06-08 16:50:19,16.97,jewelry,mobile,0.0675,0
5,2025-06-08 20:00:27,60.5,restaurant,mobile,0.0288,0
5,2025-06-09 04:56:34,42.11,restaurant,online,0.0694,0
5,2025-06-09 10:45:04,10.31,electronics,mobile,0.036,0
5,2025-06-09 13:42:13,13.62,restaurant,pos,0.0681,0
5,2025-06-09 19:53:53,19.48,jewelry,mobile,0.1115,0
5,2025-06-10 15:15:51,17.76,restaurant,pos,0.007,0
5,2025-06-10 17:04:50,44.7,electronics,pos,0.0126,0
5,2025-06-10 21:12:46,21.71,restaurant,pos,0.0637,0
5,2025-06-10 21:19:37,56.88,restaurant,pos,0.085,0
5,2025-06-11 11:17:29,6.24,online_retail,online,0.0622,0
5,2025-06-11 13:44:34,29.16,fuel,pos,0.0648,0
5,2025-06-11 14:19:38,9.34,fuel,mobile,0.0137,0
5,2025-06-11 15:53:27,39.38,utilities,online,0.0873,0
5,2025-06-11 19:12:41,2.2,fuel,online,0.0939,0
5,2025-06-12 10:17:41,15.85,jewelry,pos,0.0518,0
5,2025-06-12 16:12:08,36.39,jewelry,mobile,0.0437,0
5,2025-06-13 16:28:48,25.89,jewelry,mobile,0.0096,0
5,2025-06-13 20:35:15,12.42,jewelry,online,0.0351,0
5,2025-06-14 13:31:13,44.51,online_retail,pos,0.0487,0
5,2025-06-14 14:41:00,10.17,jewelry,mobile,0.1164,0
5,2025-06-15 08:28:13,3.52,online_retail,pos,0.0339,0
5,2025-06-16 17:15:36,18.24,jewelry,online,0.0475,0
5,2025-06-17 08:40:33,6.74,online_retail,pos,0.0567,0
5,2025-06-17 10:15:54,24.9,online_retail,online,0.07,0
5,2025-06-17 10:41:44,6.93,restaurant,mobile,0.026,0
5,2025-06-17 12:25:05,42.44,jewelry,pos,0.047,0
5,2025-06-17 14:51:14,2.53,jewelry,pos,0.0034,0
5,2025-06-17 17:06:22,10.6,jewelry,pos,0.0256,0
5,2025-06-17 18:37:33,69.01,online_retail,pos,0.0132,0
5,2025-06-19 15:01:50,29.56,online_retail,mobile,0.0621,0
5,2025-06-19 16:02:05,17.67,online_retail,online,0.078,0
5,2025-06-19 17:26:38,23.29,grocery,pos,0.0186,0
5,2025-06-19 17:31:08,7.45,jewelry,pos,0.003,0
5,2025-06-20 12:47:28,3.61,jewelry,mobile,0.1009,0
5,2025-06-20 13:01:30,6.09,online_retail,online,0.064,0
5,2025-06-20 15:27:28,11.08,online_retail,pos,0.0049,0
5,2025-06-21 13:46:00,20.28,restaurant,mobile,0.0086,0
5,2025-06-21 15:11:33,35.1,restaurant,online,0.0565,0
5,2025-06-22 12:59:06,7.03,online_retail,pos,0.0073,0
5,2025-06-22 14:02:05,41.0,online_retail,pos,0.0742,0
5,2025-06-22 16:00:53,13.21,jewelry,mobile,0.0293,0
5,2025-06-22 19:59:09,79.96,jewelry,mobile,0.0179,0
5,2025-06-23 12:41:06,18.79,fuel,mobile,0.0192,0
5,2025-06-23 20:57:08,15.03,entertainment,online,0.0588,0
5,2025-06-24 07:07:00,33.51,restaurant,online,0.0305,0
5,2025-06-24 07:39:44,3.63,online_retail,online,0.0423,0
5,2025-06-24 13:51:15,53.63,fuel,atm,0.0554,0
5,2025-06-24 16:27:18,37.37,restaurant,mobile,0.0084,0
5,2025-06-24 21:19:07,11.91,jewelry,pos,0.0072,0
5,2025-06-25 09:01:19,47.96,jewelry,pos,0.047,0
5,2025-06-25 09:51:46,4.63,restaurant,mobile,0.0963,0
5,2025-06-25 11:08:24,10.89,online_retail,atm,0.0353,0
5,2025-06-25 13:40:55,15.63,restaurant,online,0.0521,0
5,2025-06-25 16:25:47,8.57,online_retail,mobile,0.0383,0
5,2025-06-25 17:13:54,36.93,online_retail,online,0.0253,0
5,2025-06-26 06:52:18,17.62,jewelry,pos,0.0696,0
5,2025-06-26 15:32:11,12.42,online_retail,mobile,0.0941,0
5,2025-06-26 16:33:39,12.86,entertainment,mobile,0.0145,0
5,2025-06-27 08:39:11,9.4,online_retail,online,0.0149,0
5,2025-06-27 09:33:34,7.2,jewelry,mobile,0.0158,0
5,2025-06-27 10:10:00,12.05,online_retail,pos,0.0008,0
5,2025-06-27 14:38:33,21.73,utilities,pos,0.0243,0
5,2025-06-28 13:04:44,29.88,restaurant,mobile,0.014,0
5,2025-06-28 14:43:12,18.48,jewelry,pos,0.0253,0
5,2025-06-29 04:20:54,6.55,jewelry,pos,0.0253,0
5,2025-06-29 12:50:38,25.21,jewelry,online,0.0776,0
6,2025-01-01 13:04:22,34.24,jewelry,online,0.0399,0
6,2025-01-01 19:25:08,14.53,utilities,online,0.0737,0
6,2025-01-01 21:52:54,47.71,entertainment,pos,0.0153,0
6,2025-01-02 10:17:23,29.83,online_retail,online,0.0186,0
6,2025-01-02 13:10:52,42.11,utilities,atm,0.0139,0
6,2025-01-02 16:19:40,34.79,utilities,mobile,0.0047,0
6,2025-01-03 14:39:55,17.27,utilities,mobile,0.0397,0
6,2025-01-03 15:13:58,19.88,entertainment,pos,0.0035,0
6,2025-01-05 12:19:14,8.86,entertainment,online,0.0791,0
6,2025-01-05 18:10:26,9.83,entertainment,mobile,0.0387,0
6,2025-01-06 09:11:43,17.06,entertainment,pos,0.0306,0
6,2025-01-06 10:42:16,53.35,cash_advance,online,0.0406,0
6,2025-01-06 10:59:27,35.2,travel,online,0.0466,0
6,2025-01-06 15:37:03,28.94,utilities,mobile,0.0716,0
6,2025-01-07 21:07:09,72.74,utilities,online,0.0233,0
6,2025-01-08 10:42:58,34.78,utilities,online,0.0434,0
6,2025-01-09 17:12:44,52.26,restaurant,pos,0.0056,0
6,2025-01-10 14:47:49,35.48,utilities,pos,0.0088,0
6,2025-01-10 15:28:54,50.65,utilities,mobile,0.0316,0
6,2025-01-10 16:25:36,7.09,utilities,pos,0.0217,0
6,2025-01-11 04:03:30,89.41,entertainment,online,0.0364,0
6,2025-01-12 17:40:39,53.06,electronics,online,0.0036,0
6,2025-01-12 19:58:36,25.29,cash_advance,online,0.0634,0
6,2025-01-12 20:53:00,103.76,cash_advance,mobile,0.0679,0
6,2025-01-12 22:01:38,25.08,utilities,mobile,0.0301,0
6,2025-01-13 13:41:58,66.86,entertainment,mobile,0.0258,0
6,2025-01-13 14:16:10,32.87,utilities,mobile,0.0015,0
6,2025-01-15 14:00:57,60.67,utilities,online,0.0238,0
6,2025-01-15 17:53:14,60.77,cash_advance,pos,0.0135,0
6,2025-01-15 18:10:06,56.31,cash_advance,online,0.0139,0
6,2025-01-16 10:08:39,121.46,utilities,online,0.0308,0
6,2025-01-16 14:28:58,28.97,cash_advance,online,0.0601,0
6,2025-01-17 12:50:48,36.63,utilities,online,0.0444,0
6,2025-01-17 19:44:22,30.09,electronics,pos,0.0109,0
6,2025-01-17 22:06:59,81.95,electronics,pos,0.0057,0
6,2025-01-18 11:09:52,29.88,cash_advance,mobile,0.0485,0
6,2025-01-19 04:20:37,20.76,entertainment,pos,0.052,0
6,2025-01-19 09:04:36,21.78,utilities,mobile,0.0487,0
6,2025-01-19 13:02:31,45.22,utilities,pos,0.0275,0
6,2025-01-21 10:59:04,54.95,utilities,mobile,0.0155,0
6,2025-01-21 11:46:49,61.46,entertainment,mobile,0.0459,0
6,2025-01-21 23:23:36,36.91,restaurant,mobile,0.0716,0
6,2025-01-22 14:56:02,72.81,cash_advance,pos,0.0765,0
6,2025-01-23 09:11:50,24.45,cash_advance,mobile,0.122,0
6,2025-01-23 15:01:10,39.83,entertainment,mobile,0.0813,0
6,2025-01-23 18:04:48,40.32,utilities,atm,0.0538,0
6,2025-01-23 23:57:30,47.27,utilities,online,0.0636,0
6,2025-01-24 07:30:48,40.71,cash_advance,atm,0.0678,0
6,2025-01-24 15:27:39,14.13,utilities,online,0.0032,0
6,2025-01-24 19:58:59,27.14,utilities,mobile,0.0008,0
6,2025-01-25 12:21:53,37.25,restaurant,pos,0.0011,0
6,2025-01-26 22:28:51,259.07,utilities,pos,0.0951,0
6,2025-01-27 13:44:28,31.88,cash_advance,online,0.0435,0
6,2025-01-27 21:56:35,42.69,entertainment,online,0.026,0
6,2025-01-28 14:57:31,66.75,cash_advance,online,0.0629,0
6,2025-01-29 14:46:04,48.54,cash_advance,pos,0.0727,0
6,2025-01-29 16:56:34,8.08,utilities,pos,0.0182,0
6,2025-01-30 09:18:38,32.87,cash_advance,online,0.0003,0
6,2025-01-30 11:57:41,48.73,utilities,pos,0.0319,0
6,2025-01-30 13:33:08,27.08,cash_advance,online,0.0123,0
6,2025-01-31 11:43:46,39.88,entertainment,mobile,0.1629,0
6,2025-01-31 13:57:11,123.15,entertainment,pos,0.0273,0
6,2025-01-31 21:29:53,23.59,utilities,pos,0.0345,0
6,2025-01-31 22:27:52,47.82,utilities,online,0.0187,0
6,2025-02-01 11:42:51,75.97,entertainment,online,0.0525,0
6,2025-02-01 14:09:44,26.3,travel,mobile,0.0055,0
6,2025-02-02 18:00:24,45.3,restaurant,mobile,0.0317,0
6,2025-02-02 21:19:58,53.25,electronics,online,0.0369,0
6,2025-02-03 10:35:49,18.84,cash_advance,online,0.0068,0
6,2025-02-03 11:41:23,24.38,utilities,mobile,0.0533,0
6,2025-02-04 10:15:50,90.53,entertainment,pos,0.0442,0
6,2025-02-04 17:11:51,30.47,entertainment,mobile,0.11,0
6,2025-02-05 13:50:43,34.03,cash_advance,online,0.0168,0
6,2025-02-06 12:26:09,13.81,cash_advance,pos,0.0378,0
6,2025-02-07 13:46:43,35.1,utilities,pos,0.045,0
6,2025-02-08 09:00:16,8.52,cash_advance,pos,0.0031,0
6,2025-02-08 12:43:45,15.19,cash_advance,online,0.0059,0
6,2025-02-08 12:58:48,94.64,utilities,online,0.0111,0
6,2025-02-08 18:23:35,15.35,utilities,mobile,0.0061,0
6,2025-02-09 13:37:14,88.81,utilities,pos,0.0117,0
6,2025-02-09 14:35:40,7.49,entertainment,online,0.0424,0
6,2025-02-09 21:48:55,14.18,cash_advance,online,0.0567,0
6,2025-02-10 13:19:53,51.45,cash_advance,online,0.0025,0
6,2025-02-10 14:44:43,34.56,restaurant,mobile,0.0874,0
6,2025-02-11 11:41:24,19.79,cash_advance,online,0.0463,0
6,2025-02-11 11:55:22,293.19,utilities,pos,0.053,0
6,2025-02-11 18:10:21,53.5,cash_advance,mobile,0.0851,0
6,2025-02-12 12:17:10,46.65,entertainment,online,0.0526,0
6,2025-02-12 20:54:07,24.65,cash_advance,mobile,0.0062,0
6,2025-02-13 09:19:02,12.29,cash_advance,online,0.0711,0
6,2025-02-13 09:28:30,27.84,utilities,online,0.0088,0
6,2025-02-13 12:33:22,26.51,entertainment,online,0.0321,0
6,2025-02-13 18:13:17,14.64,utilities,online,0.0818,0
6,2025-02-13 19:00:26,34.57,utilities,pos,0.1084,0
6,2025-02-14 18:37:05,117.27,utilities,pos,0.0126,0
6,2025-02-14 23:48:22,68.56,cash_advance,pos,0.0044,0
6,2025-02-16 11:21:05,25.65,cash_advance,pos,0.0246,0
6,2025-02-16 18:37:55,56.77,cash_advance,online,0.0657,0
6,2025-02-17 09:50:28,7.9,utilities,pos,0.0504,0
6,2025-02-17 11:11:40,36.22,entertainment,online,0.0244,0
6,2025-02-17 16:27:39,79.54,cash_advance,online,0.0039,0
6,2025-02-17 17:28:28,35.86,cash_advance,online,0.0445,0
6,2025-02-18 06:46:34,23.49,travel,online,0.0091,0
6,2025-02-18 23:04:41,71.45,entertainment,mobile,0.038,0
6,2025-02-19 12:23:55,32.21,utilities,online,0.0889,0
6,2025-02-20 10:59:07,20.02,online_retail,pos,0.0073,0
6,2025-02-20 16:32:52,13.94,utilities,pos,0.0077,0
6,2025-02-21 03:52:46,47.5,utilities,pos,0.1035,0
6,2025-02-21 08:48:18,128.48,utilities,pos,0.0254,0
6,2025-02-22 12:04:26,36.09,entertainment,pos,0.0154,0
6,2025-02-22 15:08:46,36.12,entertainment,pos,0.0361,0
6,2025-02-22 15:43:23,15.49,utilities,online,0.0663,0
6,2025-02-22 19:14:54,46.89,cash_advance,online,0.0114,0
6,2025-02-23 05:25:34,22.26,grocery,pos,0.0114,0
6,2025-02-23 09:36:43,25.24,utilities,pos,0.0202,0
6,2025-02-23 10:29:08,42.04,entertainment,mobile,0.0087,0
6,2025-02-23 18:57:03,18.72,utilities,mobile,0.0345,0
6,2025-02-24 06:17:13,45.49,online_retail,pos,0.0029,0
6,2025-02-24 16:05:38,55.14,entertainment,mobile,0.0176,0
6,2025-02-24 16:06:33,36.36,utilities,online,0.013,0
6,2025-02-25 02:33:25,56.23,cash_advance,mobile,0.0281,0
6,2025-02-25 10:51:37,182.59,utilities,online,0.0158,0
6,2025-02-26 13:36:28,33.19,utilities,pos,0.0397,0
6,2025-02-26 13:57:13,108.42,cash_advance,mobile,0.0639,0
6,2025-02-26 19:08:38,27.83,entertainment,pos,0.017,0
6,2025-02-26 23:46:57,19.08,fuel,mobile,0.0176,0
6,2025-02-27 09:00:19,29.65,cash_advance,pos,0.0311,0
6,2025-02-28 08:14:08,200.57,utilities,pos,0.0523,0
6,2025-02-28 18:21:01,16.44,cash_advance,online,0.0327,0
6,2025-03-01 13:03:47,15.3,utilities,mobile,0.0163,0
6,2025-03-01 17:31:23,15.37,utilities,mobile,0.0229,0
6,2025-03-01 23:36:58,22.77,cash_advance,online,0.0717,0
6,2025-03-02 10:40:14,13.24,utilities,mobile,0.0281,0
6,2025-03-03 09:15:19,34.07,utilities,pos,0.025,0
6,2025-03-03 09:49:25,35.54,cash_advance,pos,0.0004,0
6,2025-03-03 15:06:54,35.08,utilities,pos,0.0639,0
6,2025-03-03 17:15:18,165.63,cash_advance,pos,0.0543,0
6,2025-03-04 02:39:55,38.28,utilities,online,0.014,0
6,2025-03-04 10:52:16,16.08,entertainment,mobile,0.0154,0
6,2025-03-04 11:55:40,25.91,restaurant,pos,0.0681,0
6,2025-03-06 05:37:50,29.85,cash_advance,mobile,0.0235,0
6,2025-03-06 07:00:08,33.27,utilities,mobile,0.0327,0
6,2025-03-06 09:27:09,19.7,utilities,mobile,0.0452,0
6,2025-03-06 12:58:43,43.9,cash_advance,pos,0.062,0
6,2025-03-06 13:24:57,63.38,cash_advance,online,0.0421,0
6,2025-03-06 19:59:47,18.01,utilities,online,0.0006,0
6,2025-03-06 22:06:54,58.6,restaurant,online,0.038,0
6,2025-03-07 09:53:32,19.67,cash_advance,online,0.0369,0
6,2025-03-08 07:53:08,44.77,entertainment,pos,0.0074,0
6,2025-03-08 09:08:38,59.34,utilities,online,0.1083,0
6,2025-03-08 15:01:44,32.82,cash_advance,mobile,0.0042,0
6,2025-03-08 19:21:57,26.84,jewelry,online,0.0366,0
6,2025-03-09 08:20:04,115.27,cash_advance,mobile,0.1419,0
6,2025-03-09 09:28:57,29.08,cash_advance,mobile,0.0307,0
6,2025-03-09 20:19:50,18.77,electronics,mobile,0.0667,0
6,2025-03-10 14:49:35,70.69,utilities,pos,0.0072,0
6,2025-03-10 19:17:27,44.52,cash_advance,online,0.0007,0
6,2025-03-11 10:43:46,39.19,utilities,pos,0.0241,0
6,2025-03-11 14:34:46,120.44,cash_advance,pos,0.0323,0
6,2025-03-12 12:37:16,22.6,entertainment,online,0.0561,0
6,2025-03-12 13:43:45,42.61,travel,online,0.0635,0
6,2025-03-13 13:15:20,47.98,entertainment,online,0.0369,0
6,2025-03-14 17:40:01,26.4,jewelry,online,0.0487,0
6,2025-03-15 17:58:27,40.46,utilities,online,0.0171,0
6,2025-03-17 09:00:42,36.71,cash_advance,pos,0.0206,0
6,2025-03-17 15:39:45,69.32,cash_advance,online,0.0444,0
6,2025-03-17 18:16:20,22.43,cash_advance,atm,0.0902,0
6,2025-03-18 22:54:20,56.95,cash_advance,pos,0.0297,0
6,2025-03-20 09:40:43,87.83,entertainment,pos,0.0256,0
6,2025-03-20 13:24:07,14.18,cash_advance,mobile,0.0015,0
6,2025-03-20 15:55:50,33.25,utilities,online,0.0209,0
6,2025-03-21 15:28:52,17.81,utilities,pos,0.0073,0
6,2025-03-22 14:09:20,35.13,utilities,pos,0.0374,0
6,2025-03-23 10:25:53,12.41,entertainment,mobile,0.0095,0
6,2025-03-24 08:50:00,37.89,utilities,online,0.0331,0
6,2025-03-24 09:08:19,23.38,entertainment,mobile,0.0201,0
6,2025-03-24 15:35:10,39.87,grocery,mobile,0.0138,0
6,2025-03-24 18:57:49,32.14,cash_advance,pos,0.0007,0
6,2025-03-24 19:07:35,39.89,utilities,online,0.0117,0
6,2025-03-25 15:29:20,83.95,utilities,mobile,0.0028,0
6,2025-03-26 02:26:27,17.66,cash_advance,pos,0.03,0
6,2025-03-26 06:54:41,35.45,entertainment,pos,0.0762,0
6,2025-03-26 07:41:33,87.11,utilities,mobile,0.0007,0
6,2025-03-26 11:05:58,42.79,utilities,online,0.0159,0
6,2025-03-26 14:32:18,76.79,entertainment,mobile,0.0105,0
6,2025-03-26 15:15:15,20.34,entertainment,pos,0.0915,0
6,2025-03-26 21:10:16,42.48,cash_advance,pos,0.0223,0
6,2025-03-28 14:50:23,37.57,entertainment,pos,0.1495,0
6,2025-03-28 14:57:45,36.49,restaurant,mobile,0.085,0
6,2025-03-28 15:38:11,26.99,utilities,atm,0.0368,0
6,2025-03-28 22:28:43,23.87,entertainment,pos,0.0723,0
6,2025-03-29 10:51:21,131.82,utilities,online,0.0626,0
6,2025-03-29 12:06:52,9.71,utilities,mobile,0.1099,0
6,2025-03-30 15:29:55,26.22,utilities,pos,0.009,0
6,2025-03-31 15:58:32,19.09,entertainment,pos,0.0086,0
6,2025-03-31 16:54:36,5.17,entertainment,online,0.0308,0
6,2025-03-31 22:29:39,7.19,entertainment,mobile,0.0485,0
6,2025-04-01 13:00:51,36.76,utilities,online,0.015,0
6,2025-04-02 10:13:41,29.48,jewelry,mobile,0.0203,0
6,2025-04-02 12:14:14,53.68,utilities,atm,0.0392,0
6,2025-04-02 16:38:11,52.07,cash_advance,pos,0.0257,0
6,2025-04-03 20:39:01,37.36,entertainment,pos,0.0128,0
6,2025-04-05 06:25:22,58.77,cash_advance,pos,0.0337,0
6,2025-04-05 13:23:27,53.81,utilities,mobile,0.0394,0
6,2025-04-05 23:41:17,11.95,utilities,pos,0.0009,0
6,2025-04-06 11:38:29,87.85,restaurant,pos,0.0058,0
6,2025-04-06 20:44:55,35.97,fuel,pos,0.0332,0
6,2025-04-07 10:29:07,34.36,entertainment,online,0.0531,0
6,2025-04-07 11:43:21,63.8,entertainment,mobile,0.0684,0
6,2025-04-08 08:16:47,38.17,entertainment,mobile,0.0096,0
6,2025-04-08 08:58:58,44.93,cash_advance,online,0.0822,0
6,2025-04-08 12:38:53,50.19,entertainment,online,0.0414,0
6,2025-04-08 14:44:02,10.92,jewelry,mobile,0.0356,0
6,2025-04-09 06:46:24,12.34,cash_advance,online,0.0132,0
6,2025-04-09 19:18:11,117.12,entertainment,pos,0.0205,0
6,2025-04-10 11:47:00,31.7,restaurant,mobile,0.0469,0
6,2025-04-10 19:08:07,27.28,utilities,pos,0.0287,0
6,2025-04-11 04:37:56,38.38,cash_advance,pos,0.0277,0
6,2025-04-12 11:56:40,68.46,cash_advance,atm,0.0666,0
6,2025-04-12 16:53:52,32.51,utilities,pos,0.0114,0
6,2025-04-13 08:20:43,48.51,entertainment,atm,0.0423,0
6,2025-04-13 09:16:38,54.63,entertainment,mobile,0.0513,0
6,2025-04-13 17:14:05,56.49,utilities,pos,0.0511,0
6,2025-04-14 10:32:22,47.09,cash_advance,pos,0.0781,0
6,2025-04-14 12:44:08,38.38,utilities,online,0.0263,0
6,2025-04-14 13:11:35,28.87,restaurant,online,0.0393,0
6,2025-04-14 15:43:42,58.16,cash_advance,mobile,0.0159,0
6,2025-04-15 08:41:18,23.61,entertainment,mobile,0.0383,0
6,2025-04-15 14:21:25,80.68,utilities,pos,0.0998,0
6,2025-04-15 19:34:37,85.73,utilities,pos,0.0345,0
6,2025-04-16 14:55:05,44.34,jewelry,pos,0.1047,0
6,2025-04-16 15:05:49,22.84,cash_advance,pos,0.0061,0
6,2025-04-16 15:42:04,147.54,cash_advance,online,0.0095,0
6,2025-04-17 10:10:40,128.45,utilities,pos,0.0297,0
6,2025-04-17 20:17:16,29.86,entertainment,mobile,0.0662,0
6,2025-04-18 23:21:59,12.51,jewelry,pos,0.0428,0
6,2025-04-19 15:21:09,62.76,travel,online,0.0123,0
6,2025-04-20 09:00:09,12.82,entertainment,mobile,0.0664,0
6,2025-04-20 14:09:59,80.41,entertainment,online,0.057,0
6,2025-04-20 18:39:47,33.08,cash_advance,mobile,0.008,0
6,2025-04-20 21:04:17,24.64,cash_advance,mobile,0.0598,0
6,2025-04-21 18:49:39,107.65,cash_advance,online,0.0365,0
6,2025-04-22 08:53:26,51.99,entertainment,pos,0.0622,0
6,2025-04-22 11:51:36,28.39,utilities,online,0.0953,0
6,2025-04-22 18:23:53,19.48,entertainment,online,0.0529,0
6,2025-04-23 12:18:42,33.76,utilities,mobile,0.0384,0
6,2025-04-23 16:15:33,26.77,entertainment,mobile,0.0426,0
6,2025-04-24 08:19:41,24.37,restaurant,pos,0.0094,0
6,2025-04-24 19:10:38,65.9,jewelry,pos,0.0382,0
6,2025-04-25 10:15:10,29.03,cash_advance,mobile,0.033,0
6,2025-04-27 09:48:34,33.55,entertainment,online,0.0654,0
6,2025-04-27 13:36:43,37.89,cash_advance,online,0.176,0
6,2025-04-27 15:43:46,36.42,fuel,online,0.005,0
6,2025-04-27 23:14:12,18.46,restaurant,mobile,0.0413,0
6,2025-04-28 16:15:38,41.93,utilities,mobile,0.0163,0
6,2025-04-29 06:43:48,39.98,utilities,pos,0.0657,0
6,2025-04-29 17:12:02,42.77,entertainment,mobile,0.0455,0
6,2025-04-30 12:02:07,81.43,entertainment,online,0.0541,0
6,2025-04-30 13:24:12,16.3,utilities,atm,0.0179,0
6,2025-04-30 13:52:23,51.46,utilities,atm,0.0032,0
6,2025-04-30 14:29:37,104.98,utilities,online,0.0417,0
6,2025-04-30 15:38:34,46.26,utilities,online,0.0167,0
6,2025-05-01 08:50:34,40.97,entertainment,pos,0.0215,0
6,2025-05-01 09:21:24,25.76,utilities,online,0.1105,0
6,2025-05-01 09:43:21,21.1,entertainment,online,0.0339,0
6,2025-05-01 13:44:25,24.76,entertainment,online,0.0477,0
6,2025-05-01 13:44:43,28.71,utilities,mobile,0.0366,0
6,2025-05-01 14:19:27,67.73,cash_advance,online,0.0499,0
6,2025-05-02 08:07:02,27.04,entertainment,pos,0.0326,0
6,2025-05-02 16:24:12,8.33,cash_advance,pos,0.0489,0
6,2025-05-02 17:08:57,56.17,entertainment,pos,0.0222,0
6,2025-05-03 09:06:04,29.11,entertainment,pos,0.0098,0
6,2025-05-03 10:27:00,61.77,entertainment,pos,0.0097,0
6,2025-05-03 14:33:26,89.77,jewelry,mobile,0.0017,0
6,2025-05-04 22:01:45,52.22,utilities,online,0.0317,0
6,2025-05-05 14:39:27,22.39,fuel,online,0.0158,0
6,2025-05-05 17:46:53,40.44,entertainment,pos,0.0289,0
6,2025-05-05 23:52:15,17.15,utilities,mobile,0.0132,0
6,2025-05-06 13:14:43,20.88,cash_advance,online,0.0006,0
6,2025-05-06 17:36:10,38.44,entertainment,online,0.0642,0
6,2025-05-07 03:28:02,20.96,utilities,pos,0.0998,0
6,2025-05-07 17:11:48,13.73,jewelry,pos,0.0478,0
6,2025-05-08 03:38:00,27.7,utilities,pos,0.0173,0
6,2025-05-09 11:27:16,40.53,travel,mobile,0.0187,0
6,2025-05-10 13:42:34,16.52,cash_advance,online,0.0392,0
6,2025-05-10 14:03:06,29.6,cash_advance,mobile,0.0477,0
6,2025-05-10 17:48:09,17.18,fuel,pos,0.0532,0
6,2025-05-10 19:47:39,33.63,entertainment,mobile,0.0133,0
6,2025-05-10 20:07:47,60.36,entertainment,mobile,0.0559,0
6,2025-05-11 13:49:35,17.68,cash_advance,online,0.0608,0
6,2025-05-11 14:49:13,8.54,utilities,online,0.03,0
6,2025-05-11 14:51:08,10.43,entertainment,online,0.0466,0
6,2025-05-12 16:55:46,57.26,cash_advance,mobile,0.0126,0
6,2025-05-13 06:12:33,21.2,cash_advance,online,0.0581,0
6,2025-05-13 08:20:51,44.45,utilities,online,0.0545,0
6,2025-05-13 09:59:34,43.28,utilities,online,0.0069,0
6,2025-05-13 15:38:07,29.59,utilities,pos,0.0775,0
6,2025-05-13 15:55:08,48.59,utilities,pos,0.0636,0
6,2025-05-13 23:52:37,20.11,cash_advance,mobile,0.0152,0
6,2025-05-14 07:11:52,97.71,restaurant,online,0.0083,0
6,2025-05-14 13:11:43,34.01,restaurant,online,0.0377,0
6,2025-05-14 14:10:51,58.49,utilities,pos,0.0836,0
6,2025-05-14 18:52:02,29.39,online_retail,pos,0.0377,0
6,2025-05-15 16:35:57,32.81,entertainment,mobile,0.0056,0
6,2025-05-15 19:04:42,44.0,entertainment,pos,0.067,0
6,2025-05-16 08:58:40,70.17,cash_advance,online,0.0329,0
6,2025-05-16 09:13:56,58.08,entertainment,mobile,0.0633,0
6,2025-05-16 13:27:22,19.76,restaurant,mobile,0.0287,0
6,2025-05-16 18:09:34,47.17,utilities,online,0.1297,0
6,2025-05-16 20:55:41,50.35,entertainment,pos,0.0642,0
6,2025-05-17 04:59:32,219.41,utilities,mobile,0.0739,0
6,2025-05-17 13:06:55,9.13,entertainment,mobile,0.0248,0
6,2025-05-19 18:17:55,85.39,cash_advance,online,0.0612,0
6,2025-05-20 07:46:33,83.57,entertainment,mobile,0.0225,0
6,2025-05-20 12:27:35,35.37,entertainment,online,0.0115,0
6,2025-05-20 19:13:25,45.56,jewelry,mobile,0.0897,0
6,2025-05-21 09:34:07,106.46,cash_advance,mobile,0.0909,0
6,2025-05-21 09:46:46,31.1,cash_advance,mobile,0.058,0
6,2025-05-21 22:35:26,16.75,utilities,online,0.0737,0
6,2025-05-22 04:36:50,30.27,utilities,online,0.0487,0
6,2025-05-22 09:27:56,14.42,utilities,online,0.1214,0
6,2025-05-22 13:04:04,29.95,cash_advance,mobile,0.0478,0
6,2025-05-23 16:38:45,17.55,utilities,online,0.0723,0
6,2025-05-23 17:29:25,25.84,cash_advance,online,0.0333,0
6,2025-05-24 06:45:48,15.49,entertainment,pos,0.045,0
6,2025-05-24 16:07:07,42.88,entertainment,online,0.0308,0
6,2025-05-24 16:30:19,118.85,cash_advance,mobile,0.0359,0
6,2025-05-25 17:33:14,85.39,utilities,online,0.1224,0
6,2025-05-25 19:16:46,81.93,cash_advance,mobile,0.0564,0
6,2025-05-26 10:21:12,32.77,electronics,online,0.0724,0
6,2025-05-26 10:34:00,89.48,entertainment,mobile,0.086,0
6,2025-05-26 12:50:52,93.24,restaurant,online,0.0128,0
6,2025-05-27 15:25:27,50.49,utilities,pos,0.0282,0
6,2025-05-27 17:46:40,58.71,cash_advance,pos,0.0722,0
6,2025-05-28 08:25:36,64.04,utilities,online,0.0667,0
6,2025-05-29 09:42:20,26.4,utilities,online,0.0764,0
6,2025-05-29 12:17:45,17.01,utilities,mobile,0.0113,0
6,2025-05-29 12:18:41,73.29,cash_advance,pos,0.073,0
6,2025-05-30 15:04:45,24.73,entertainment,online,0.067,0
6,2025-05-31 16:41:49,69.35,cash_advance,mobile,0.0249,0
6,2025-06-01 11:32:14,83.45,cash_advance,pos,0.0024,0
6,2025-06-01 16:36:52,69.43,entertainment,online,0.0588,0
6,2025-06-02 06:00:25,25.73,entertainment,online,0.0614,0
6,2025-06-03 10:22:35,32.14,entertainment,online,0.0038,0
6,2025-06-03 13:41:08,27.52,cash_advance,online,0.0635,0
6,2025-06-03 14:06:30,33.95,entertainment,pos,0.0456,0
6,2025-06-03 16:04:28,16.78,entertainment,mobile,0.0681,0
6,2025-06-04 11:48:45,38.29,cash_advance,online,0.0347,0
6,2025-06-05 13:07:52,58.86,jewelry,online,0.0732,0
6,2025-06-05 13:26:48,21.2,travel,online,0.0242,0
6,2025-06-06 09:47:23,65.98,cash_advance,online,0.0443,0
6,2025-06-06 11:33:11,26.13,grocery,mobile,0.0404,0
6,2025-06-06 13:44:47,40.36,utilities,mobile,0.0237,0
6,2025-06-06 15:06:58,43.78,entertainment,pos,0.0347,0
6,2025-06-06 16:36:59,51.44,electronics,online,0.0637,0
6,2025-06-07 03:24:56,30.68,utilities,mobile,0.0108,0
6,2025-06-07 09:23:52,57.22,entertainment,mobile,0.0014,0
6,2025-06-07 12:12:26,64.83,cash_advance,online,0.0199,0
6,2025-06-07 16:26:26,44.04,cash_advance,atm,0.1005,0
6,2025-06-08 11:41:57,159.21,cash_advance,mobile,0.0148,0
6,2025-06-09 06:41:09,31.26,cash_advance,mobile,0.0017,0
6,2025-06-09 12:05:45,22.88,fuel,pos,0.0443,0
6,2025-06-10 23:40:15,68.72,cash_advance,pos,0.0549,0
6,2025-06-11 08:52:41,34.13,entertainment,mobile,0.0225,0
6,2025-06-11 15:19:27,36.12,utilities,mobile,0.0334,0
6,2025-06-11 16:15:13,13.89,entertainment,mobile,0.0303,0
6,2025-06-12 10:19:43,61.96,utilities,mobile,0.0539,0
6,2025-06-12 16:50:04,32.36,grocery,mobile,0.0014,0
6,2025-06-12 23:17:47,28.54,electronics,mobile,0.0257,0
6,2025-06-13 14:22:34,29.4,cash_advance,pos,0.0738,0
6,2025-06-13 17:23:55,73.62,cash_advance,pos,0.0112,0
6,2025-06-13 21:52:08,13.83,cash_advance,mobile,0.0241,0
6,2025-06-14 10:04:19,47.26,cash_advance,online,0.0089,0
6,2025-06-15 12:41:07,39.41,utilities,online,0.0022,0
6,2025-06-15 17:23:13,35.4,utilities,online,0.0162,0
6,2025-06-16 11:57:54,95.93,fuel,online,0.0279,0
6,2025-06-16 12:08:49,52.82,cash_advance,mobile,0.0812,0
6,2025-06-16 15:57:49,54.42,cash_advance,mobile,0.0355,0
6,2025-06-16 23:18:12,8.68,entertainment,pos,0.007,0
6,2025-06-17 04:10:31,49.34,cash_advance,online,0.0732,0
6,2025-06-18 16:36:32,189.76,fuel,pos,0.0631,0
6,2025-06-18 17:54:08,11.44,electronics,pos,0.0092,0
6,2025-06-19 15:27:17,21.96,entertainment,online,0.0011,0
6,2025-06-20 12:47:36,19.31,fuel,pos,0.0354,0
6,2025-06-21 16:23:56,23.63,entertainment,mobile,0.0016,0
6,2025-06-22 05:22:31,12.91,cash_advance,pos,0.029,0
6,2025-06-22 10:42:27,30.93,entertainment,online,0.0363,0
6,2025-06-23 13:25:47,147.35,utilities,online,0.0304,0
6,2025-06-23 18:15:57,36.72,entertainment,pos,0.0566,0
6,2025-06-24 05:24:41,21.67,cash_advance,pos,0.0381,0
6,2025-06-24 17:24:06,53.87,cash_advance,pos,0.0179,0
6,2025-06-24 22:01:29,88.53,entertainment,pos,0.0477,0
6,2025-06-25 15:09:00,9.66,cash_advance,mobile,0.0056,0
6,2025-06-25 20:29:52,41.91,cash_advance,online,0.0663,0
6,2025-06-26 12:14:44,40.25,entertainment,online,0.0053,0
6,2025-06-27 12:11:13,7.89,utilities,mobile,0.0312,0
6,2025-06-27 14:37:35,23.25,utilities,mobile,0.0492,0
6,2025-06-27 15:28:02,15.88,cash_advance,online,0.0496,0
6,2025-06-29 12:37:55,182.87,utilities,atm,0.0463,0
6,2025-06-29 14:24:31,31.93,entertainment,mobile,0.0319,0
6,2025-06-29 15:12:39,82.5,utilities,online,0.0536,0
6,2025-06-29 17:49:58,9.26,cash_advance,pos,0.0387,0
6,2025-06-29 18:33:49,35.66,restaurant,pos,0.0467,0
6,2025-06-29 19:33:27,67.66,utilities,online,0.0215,0
6,2025-06-29 19:47:45,75.1,grocery,pos,0.0654,0
6,2025-06-29 19:50:33,119.88,entertainment,pos,0.0378,0
6,2025-06-29 22:50:55,41.53,grocery,online,0.0223,0
7,2025-01-01 07:29:28,17.21,online_retail,online,0.015,0
7,2025-01-01 12:50:42,21.83,restaurant,pos,0.0884,0
7,2025-01-02 12:30:54,9.46,online_retail,pos,0.0195,0
7,2025-01-03 16:36:53,24.33,online_retail,mobile,0.0197,0
7,2025-01-03 18:36:26,55.09,utilities,pos,0.0193,0
7,2025-01-05 01:03:19,4.65,utilities,online,0.0448,0
7,2025-01-05 10:13:02,9.62,online_retail,online,0.0565,0
7,2025-01-05 15:44:57,1.48,online_retail,pos,0.1137,0
7,2025-01-05 20:53:11,18.12,restaurant,mobile,0.072,0
7,2025-01-07 10:31:05,65.89,travel,online,0.0303,0
7,2025-01-07 10:59:24,7.93,utilities,online,0.0035,0
7,2025-01-07 15:27:53,36.19,online_retail,pos,0.0458,0
7,2025-01-08 13:55:59,20.3,restaurant,mobile,0.0291,0
7,2025-01-08 15:53:26,20.44,utilities,pos,0.0245,0
7,2025-01-09 11:43:43,12.95,online_retail,pos,0.0459,0
7,2025-01-10 17:34:21,41.8,grocery,mobile,0.0113,0
7,2025-01-11 13:30:22,26.47,grocery,mobile,0.0671,0
7,2025-01-11 23:53:04,15.68,online_retail,atm,0.006,0
7,2025-01-12 14:43:32,15.65,online_retail,online,0.0451,0
7,2025-01-13 05:12:48,7.4,utilities,online,0.0458,0
7,2025-01-15 05:38:23,17.29,utilities,mobile,0.0159,0
7,2025-01-16 11:55:21,20.07,online_retail,mobile,0.0133,0
7,2025-01-16 12:10:22,50.84,travel,mobile,0.1033,0
7,2025-01-16 16:04:52,32.24,restaurant,pos,0.0793,0
7,2025-01-16 16:56:14,3.79,entertainment,mobile,0.0476,0
7,2025-01-17 07:33:22,10.16,utilities,atm,0.0037,0
7,2025-01-17 08:32:47,28.63,online_retail,online,0.068,0
7,2025-01-17 19:57:00,21.54,utilities,mobile,0.1523,0
7,2025-01-18 12:12:19,54.57,restaurant,atm,0.0364,0
7,2025-01-19 20:14:27,12.19,restaurant,online,0.1188,0
7,2025-01-20 08:02:16,18.17,utilities,mobile,0.0074,0
7,2025-01-20 10:31:29,12.22,utilities,pos,0.0122,0
7,2025-01-20 17:00:30,17.31,utilities,mobile,0.0332,0
7,2025-01-21 12:00:39,20.92,online_retail,pos,0.0245,0
7,2025-01-21 14:14:08,10.16,utilities,pos,0.004,0
7,2025-01-22 16:00:42,40.59,restaurant,online,0.0192,0
7,2025-01-23 17:17:50,66.1,grocery,online,0.032,0
7,2025-01-24 12:16:42,36.4,online_retail,mobile,0.1056,0
7,2025-01-24 16:47:58,27.59,online_retail,mobile,0.0514,0
7,2025-01-25 07:16:25,39.81,fuel,pos,0.0171,0
7,2025-01-25 13:23:07,132.36,utilities,mobile,0.022,0
7,2025-01-25 21:36:05,50.07,grocery,pos,0.0417,0
7,2025-01-26 11:12:31,31.46,utilities,online,0.0209,0
7,2025-01-26 14:06:31,29.98,restaurant,online,0.0201,0
7,2025-01-27 16:39:49,8.45,utilities,mobile,0.0618,0
7,2025-01-28 05:19:49,15.01,restaurant,atm,0.1048,0
7,2025-01-28 14:40:20,16.3,utilities,online,0.0737,0
7,2025-01-28 16:43:44,59.06,online_retail,mobile,0.0017,0
7,2025-01-28 17:19:48,9.91,cash_advance,pos,0.0206,0
7,2025-01-29 18:52:12,25.73,utilities,online,0.0144,0
7,2025-01-30 13:08:13,27.03,fuel,online,0.0318,0
7,2025-01-31 14:24:46,85.72,electronics,online,0.0148,0
7,2025-01-31 15:56:02,29.31,online_retail,pos,0.0445,0
7,2025-02-01 10:23:36,19.25,restaurant,online,0.0467,0
7,2025-02-02 12:28:50,16.26,fuel,mobile,0.0108,0
7,2025-02-02 14:12:45,31.69,utilities,online,0.0422,0
7,2025-02-03 17:29:10,20.69,restaurant,mobile,0.0827,0
7,2025-02-04 11:41:14,40.42,online_retail,online,0.0708,0
7,2025-02-04 15:39:49,15.38,online_retail,pos,0.0329,0
7,2025-02-04 17:15:02,48.98,online_retail,online,0.038,0
7,2025-02-05 09:23:55,18.22,utilities,online,0.0113,0
7,2025-02-06 11:21:24,7.31,utilities,online,0.0753,0
7,2025-02-06 13:00:51,16.76,restaurant,online,0.0535,0
7,2025-02-06 13:54:45,29.96,restaurant,mobile,0.0318,0
7,2025-02-07 16:35:05,29.59,restaurant,pos,0.1413,0
7,2025-02-08 11:56:22,33.63,online_retail,online,0.107,0
7,2025-02-08 15:22:48,23.88,online_retail,pos,0.0636,0
7,2025-02-08 15:23:20,73.5,online_retail,mobile,0.0461,0
7,2025-02-08 20:36:58,20.22,restaurant,online,0.0721,0
7,2025-02-09 13:17:27,35.41,online_retail,online,0.0039,0
7,2025-02-09 14:36:29,60.72,restaurant,mobile,0.0347,0
7,2025-02-09 17:51:04,109.46,restaurant,online,0.0292,0
7,2025-02-10 18:05:14,20.27,restaurant,online,0.0343,0
7,2025-02-11 12:36:55,13.77,utilities,mobile,0.0522,0
7,2025-02-11 12:48:43,16.08,restaurant,atm,0.0003,0
7,2025-02-12 06:16:11,10.71,utilities,mobile,0.0331,0
7,2025-02-12 12:09:04,29.13,restaurant,pos,0.0416,0
7,2025-02-12 12:25:17,44.84,online_retail,mobile,0.0236,0
7,2025-02-12 14:04:32,35.54,online_retail,online,0.0353,0
7,2025-02-12 18:20:35,29.23,travel,mobile,0.0311,0
7,2025-02-13 10:14:35,31.67,utilities,online,0.0328,0
7,2025-02-13 11:38:40,30.08,utilities,online,0.0464,0
7,2025-02-14 06:26:15,50.71,online_retail,pos,0.0734,0
7,2025-02-16 17:22:06,20.59,entertainment,pos,0.0317,0
7,2025-02-16 19:18:00,53.87,online_retail,atm,0.0519,0
7,2025-02-18 10:30:37,48.44,utilities,online,0.0546,0
7,2025-02-18 12:10:51,42.36,online_retail,mobile,0.0222,0
7,2025-02-18 17:22:27,14.65,online_retail,online,0.0555,0
7,2025-02-19 11:39:40,27.92,entertainment,pos,0.0258,0
7,2025-02-19 14:37:43,67.99,restaurant,mobile,0.0372,0
7,2025-02-19 18:21:59,6.08,utilities,online,0.0309,0
7,2025-02-21 22:02:48,22.09,entertainment,online,0.0332,0
7,2025-02-22 09:54:36,51.35,online_retail,mobile,0.0,0
7,2025-02-23 10:11:16,21.05,utilities,online,0.0709,0
7,2025-02-23 16:24:01,26.7,restaurant,online,0.0242,0
7,2025-02-23 19:19:29,9.74,utilities,pos,0.058,0
7,2025-02-24 13:14:42,30.74,online_retail,mobile,0.0271,0
7,2025-02-24 17:46:59,15.38,restaurant,mobile,0.0019,0
7,2025-02-24 18:38:33,10.92,utilities,online,0.0516,0
7,2025-02-25 13:40:48,24.59,restaurant,pos,0.0066,0
7,2025-02-25 15:15:36,9.78,utilities,online,0.0974,0
7,2025-02-26 06:29:23,31.9,restaurant,online,0.0117,0
7,2025-02-26 20:23:49,30.57,travel,online,0.0667,0
7,2025-02-27 10:37:10,49.8,utilities,pos,0.0107,0
7,2025-03-01 15:41:14,16.69,restaurant,pos,0.0959,0
7,2025-03-02 19:07:26,22.21,utilities,pos,0.0133,0
7,2025-03-03 13:01:54,11.79,online_retail,online,0.0618,0
7,2025-03-03 15:21:36,13.66,online_retail,pos,0.0024,0
7,2025-03-04 11:00:38,19.0,restaurant,mobile,0.0062,0
7,2025-03-04 16:03:59,22.37,online_retail,online,0.0411,0
7,2025-03-04 17:32:47,12.84,restaurant,pos,0.0094,0
7,2025-03-07 12:55:54,12.15,online_retail,mobile,0.0887,0
7,2025-03-07 14:09:18,10.8,online_retail,online,0.0027,0
7,2025-03-07 17:38:47,19.31,utilities,mobile,0.0359,0
7,2025-03-07 18:00:17,45.43,utilities,online,0.0933,0
7,2025-03-08 07:06:19,39.42,utilities,atm,0.0482,0
7,2025-03-08 12:22:25,19.63,restaurant,online,0.0186,0
7,2025-03-08 12:53:22,19.06,travel,pos,0.0518,0
7,2025-03-09 14:49:54,11.99,online_retail,pos,0.0465,0
7,2025-03-09 16:44:38,69.76,online_retail,pos,0.0258,0
7,2025-03-09 20:06:12,40.19,restaurant,pos,0.0602,0
7,2025-03-10 07:20:59,40.93,online_retail,mobile,0.0496,0
7,2025-03-10 20:12:45,16.51,jewelry,online,0.0265,0
7,2025-03-11 11:15:10,5.71,entertainment,online,0.0453,0
7,2025-03-11 14:14:05,14.78,restaurant,mobile,0.0282,0
7,2025-03-12 04:39:19,39.96,restaurant,atm,0.0469,0
7,2025-03-12 07:46:07,78.21,utilities,pos,0.1148,0
7,2025-03-12 11:03:39,34.32,utilities,mobile,0.0034,0
7,2025-03-12 13:52:21,6.98,online_retail,online,0.023,0
7,2025-03-13 15:59:36,6.59,online_retail,mobile,0.0946,0
7,2025-03-14 14:05:44,25.38,fuel,online,0.0093,0
7,2025-03-15 07:56:34,53.21,utilities,pos,0.0227,0
7,2025-03-15 14:29:50,28.07,grocery,pos,0.0203,0
7,2025-03-17 19:02:54,37.62,online_retail,mobile,0.0387,0
7,2025-03-18 06:17:51,39.31,utilities,mobile,0.005,0
7,2025-03-18 11:33:42,8.77,restaurant,online,0.0856,0
7,2025-03-18 15:53:52,12.97,restaurant,online,0.0522,0
7,2025-03-19 02:07:19,5.6,restaurant,pos,0.0302,0
7,2025-03-19 10:37:58,52.16,utilities,mobile,0.0209,0
7,2025-03-19 13:21:26,91.16,utilities,pos,0.0771,0
7,2025-03-21 11:51:24,51.71,utilities,online,0.0346,0
7,2025-03-21 18:53:03,45.03,utilities,pos,0.009,0
7,2025-03-22 14:42:52,7.91,utilities,online,0.0017,0
7,2025-03-22 18:37:08,35.87,utilities,online,0.0173,0
7,2025-03-23 11:17:06,58.96,online_retail,online,0.0738,0
7,2025-03-23 13:14:51,25.76,online_retail,mobile,0.0075,0
7,2025-03-24 14:37:54,173.11,online_retail,pos,0.0645,0
7,2025-03-24 20:19:20,8.9,restaurant,pos,0.1572,0
7,2025-03-24 22:00:30,14.59,restaurant,pos,0.0245,0
7,2025-03-25 11:54:37,9.86,restaurant,online,0.1116,0
7,2025-03-25 20:42:28,42.65,fuel,online,0.0118,0
7,2025-03-27 15:33:38,3.49,online_retail,mobile,0.0308,0
7,2025-03-27 18:28:41,89.9,restaurant,pos,0.0343,0
7,2025-03-27 20:55:29,33.51,jewelry,pos,0.0317,0
7,2025-03-28 13:20:34,67.06,online_retail,pos,0.0345,0
7,2025-03-29 02:08:06,33.39,restaurant,pos,0.0349,0
7,2025-03-30 11:10:48,23.74,electronics,pos,0.0216,0
7,2025-03-30 11:16:15,51.08,restaurant,pos,0.0078,0
7,2025-03-30 17:16:44,37.77,utilities,online,0.0138,0
7,2025-03-31 08:41:03,36.12,utilities,pos,0.093,0
7,2025-04-02 15:40:23,16.91,utilities,mobile,0.0232,0
7,2025-04-03 08:20:27,17.66,utilities,online,0.0729,0
7,2025-04-03 14:23:39,17.92,restaurant,online,0.0859,0
7,2025-04-03 17:32:25,18.68,online_retail,pos,0.0049,0
7,2025-04-04 10:53:33,34.38,travel,online,0.0461,0
7,2025-04-04 23:19:19,21.3,online_retail,pos,0.0063,0
7,2025-04-05 12:07:02,22.53,online_retail,mobile,0.0612,0
7,2025-04-05 13:38:45,61.03,cash_advance,online,0.065,0
7,2025-04-06 07:14:16,24.8,online_retail,online,0.0679,0
7,2025-04-07 08:05:52,15.39,travel,online,0.0347,0
7,2025-04-07 10:17:40,24.59,fuel,pos,0.0502,0
7,2025-04-08 21:45:40,24.35,utilities,mobile,0.0059,0
7,2025-04-09 14:30:01,16.53,cash_advance,pos,0.0213,0
7,2025-04-12 09:07:27,23.9,restaurant,online,0.0927,0
7,2025-04-12 15:40:43,12.04,online_retail,online,0.0981,0
7,2025-04-13 10:41:15,32.17,utilities,pos,0.0199,0
7,2025-04-16 09:15:33,18.24,restaurant,online,0.0453,0
7,2025-04-16 09:31:04,14.72,restaurant,mobile,0.0136,0
7,2025-04-16 11:36:10,29.26,restaurant,mobile,0.0628,0
7,2025-04-16 14:25:54,35.92,online_retail,atm,0.0121,0
7,2025-04-17 11:10:46,35.45,restaurant,pos,0.0796,0
7,2025-04-17 17:35:16,14.78,fuel,pos,0.0137,0
7,2025-04-17 18:22:55,28.71,restaurant,atm,0.0357,0
7,2025-04-18 00:20:39,25.3,utilities,pos,0.0787,0
7,2025-04-18 15:54:32,26.48,utilities,online,0.0105,0
7,2025-04-20 12:14:00,24.16,utilities,pos,0.0066,0
7,2025-04-20 13:45:42,45.64,restaurant,pos,0.034,0
7,2025-04-20 14:20:01,41.32,restaurant,online,0.1068,0
7,2025-04-22 08:22:17,20.0,utilities,mobile,0.023,0
7,2025-04-23 15:55:45,4.2,restaurant,pos,0.0439,0
7,2025-04-23 19:47:41,33.78,online_retail,atm,0.0479,0
7,2025-04-23 20:08:18,41.41,utilities,pos,0.1089,0
7,2025-04-24 17:01:02,12.02,online_retail,online,0.0611,0
7,2025-04-25 16:04:06,4.47,utilities,atm,0.0017,0
7,2025-04-26 08:07:37,35.7,travel,online,0.0128,0
7,2025-04-26 13:39:29,18.41,restaurant,pos,0.0012,0
7,2025-04-27 13:13:43,51.92,restaurant,pos,0.0355,0
7,2025-04-29 11:36:59,22.05,utilities,pos,0.0607,0
7,2025-04-29 18:24:27,6.25,utilities,online,0.0928,0
7,2025-04-29 18:47:20,6.99,restaurant,pos,0.1075,0
7,2025-04-30 09:21:10,12.12,utilities,pos,0.1302,0
7,2025-04-30 12:01:49,50.87,utilities,online,0.0264,0
7,2025-04-30 17:01:47,13.84,utilities,pos,0.0551,0
7,2025-05-01 20:19:17,38.13,entertainment,mobile,0.0186,0
7,2025-05-03 12:21:07,23.8,utilities,online,0.0007,0
7,2025-05-04 11:52:14,89.4,online_retail,pos,0.0739,0
7,2025-05-04 12:29:53,41.27,restaurant,online,0.0381,0
7,2025-05-04 13:19:36,66.51,online_retail,pos,0.0021,0
7,2025-05-05 09:32:49,13.8,restaurant,online,0.0152,0
7,2025-05-05 17:01:56,39.79,online_retail,online,0.0113,0
7,2025-05-06 08:55:40,18.9,online_retail,pos,0.0166,0
7,2025-05-06 16:41:43,11.17,online_retail,pos,0.033,0
7,2025-05-08 08:52:26,6.75,utilities,pos,0.0006,0
7,2025-05-08 15:20:54,22.92,restaurant,pos,0.0226,0
7,2025-05-09 09:30:09,35.73,restaurant,pos,0.0649,0
7,2025-05-09 18:36:34,6.84,online_retail,online,0.0672,0
7,2025-05-10 10:22:05,34.74,utilities,mobile,0.0258,0
7,2025-05-10 19:09:14,36.84,restaurant,atm,0.0428,0
7,2025-05-11 15:03:44,14.21,utilities,online,0.074,0
7,2025-05-12 17:26:03,12.15,online_retail,pos,0.0375,0
7,2025-05-12 17:30:40,25.53,utilities,online,0.0392,0
7,2025-05-14 03:15:20,27.38,travel,online,0.0146,0
7,2025-05-14 19:41:58,36.53,online_retail,pos,0.0501,0
7,2025-05-15 02:18:47,41.31,utilities,atm,0.0234,0
7,2025-05-15 16:19:24,7.6,restaurant,pos,0.0613,0
7,2025-05-18 10:17:04,23.28,online_retail,pos,0.0025,0
7,2025-05-18 15:46:34,19.17,online_retail,mobile,0.0314,0
7,2025-05-19 11:40:43,19.25,online_retail,pos,0.0275,0
7,2025-05-20 16:44:20,49.22,online_retail,pos,0.036,0
7,2025-05-21 11:34:22,39.16,online_retail,mobile,0.0819,0
7,2025-05-23 09:23:17,17.61,online_retail,pos,0.0436,0
7,2025-05-23 12:14:53,12.38,jewelry,pos,0.0651,0
7,2025-05-23 12:34:25,22.53,restaurant,pos,0.0268,0
7,2025-05-23 13:27:58,62.28,online_retail,online,0.0331,0
7,2025-05-23 13:52:35,9.11,restaurant,online,0.0094,0
7,2025-05-24 13:28:56,19.45,utilities,mobile,0.0846,0
7,2025-05-24 15:18:07,19.6,utilities,mobile,0.0356,0
7,2025-05-25 11:54:51,8.56,utilities,pos,0.0006,0
7,2025-05-25 14:09:28,19.18,travel,online,0.0282,0
7,2025-05-25 15:17:43,42.32,online_retail,mobile,0.0048,0
7,2025-05-27 05:48:53,15.52,utilities,mobile,0.0088,0
7,2025-05-27 09:19:33,35.83,grocery,online,0.0471,0
7,2025-05-27 18:27:59,16.71,online_retail,mobile,0.0117,0
7,2025-05-28 06:06:36,51.02,utilities,mobile,0.0388,0
7,2025-05-28 09:29:41,64.69,utilities,pos,0.0284,0
7,2025-05-28 13:13:35,23.32,grocery,mobile,0.0251,0
7,2025-05-28 20:42:45,29.57,utilities,online,0.0242,0
7,2025-05-28 23:27:16,29.25,online_retail,online,0.0406,0
7,2025-05-29 23:43:18,19.58,restaurant,online,0.0159,0
7,2025-05-30 09:43:08,119.24,utilities,online,0.1099,0
7,2025-05-30 16:33:06,31.5,utilities,mobile,0.0294,0
7,2025-05-30 16:36:03,29.57,utilities,pos,0.0336,0
7,2025-05-30 23:34:48,57.11,utilities,mobile,0.0404,0
7,2025-05-31 09:56:46,45.35,online_retail,online,0.0471,0
7,2025-05-31 12:34:05,18.62,online_retail,online,0.0052,0
7,2025-06-01 08:46:31,10.71,utilities,pos,0.0224,0
7,2025-06-02 07:57:45,22.03,utilities,pos,0.0787,0
7,2025-06-02 08:59:29,14.46,online_retail,online,0.0346,0
7,2025-06-02 12:56:39,7.71,online_retail,online,0.0267,0
7,2025-06-02 12:56:50,14.79,fuel,pos,0.0309,0
7,2025-06-03 07:57:53,43.0,jewelry,online,0.0187,0
7,2025-06-03 15:27:45,26.22,utilities,mobile,0.0833,0
7,2025-06-04 10:30:40,21.77,utilities,online,0.0701,0
7,2025-06-04 22:55:07,33.95,restaurant,online,0.0181,0
7,2025-06-06 10:14:51,29.14,utilities,online,0.0495,0
7,2025-06-06 15:58:02,36.27,online_retail,mobile,0.0662,0
7,2025-06-06 16:42:17,31.28,travel,pos,0.0218,0
7,2025-06-07 16:27:04,148.72,travel,atm,0.0047,0
7,2025-06-09 15:22:30,34.59,online_retail,pos,0.0512,0
7,2025-06-09 15:37:59,13.75,utilities,pos,0.0045,0
7,2025-06-10 05:02:18,14.27,online_retail,pos,0.0745,0
7,2025-06-10 07:47:22,31.94,restaurant,pos,0.0583,0
7,2025-06-10 23:02:33,11.95,online_retail,pos,0.0655,0
7,2025-06-11 10:00:02,12.07,online_retail,atm,0.0462,0
7,2025-06-11 14:29:04,21.95,grocery,pos,0.0223,0
7,2025-06-12 10:20:56,18.98,online_retail,pos,0.0299,0
7,2025-06-14 15:21:28,7.12,jewelry,mobile,0.0254,0
7,2025-06-15 21:02:51,24.48,restaurant,mobile,0.0202,0
7,2025-06-16 15:43:09,16.65,restaurant,pos,0.0194,0
7,2025-06-16 16:16:13,10.63,utilities,online,0.0402,0
7,2025-06-16 17:54:40,41.01,online_retail,online,0.0616,0
7,2025-06-18 10:37:52,59.5,online_retail,atm,0.0124,0
7,2025-06-19 09:36:39,7.54,electronics,online,0.0428,0
7,2025-06-19 10:45:56,51.08,online_retail,online,0.0095,0
7,2025-06-19 15:19:31,9.21,restaurant,pos,0.0071,0
7,2025-06-20 18:41:40,20.15,online_retail,mobile,0.046,0
7,2025-06-22 09:28:26,12.57,restaurant,mobile,0.0379,0
7,2025-06-22 09:29:25,35.23,entertainment,mobile,0.0054,0
7,2025-06-22 15:46:22,18.91,restaurant,online,0.0104,0
7,2025-06-23 06:29:15,9.65,utilities,pos,0.0503,0
7,2025-06-24 13:50:47,24.33,travel,mobile,0.0362,0
7,2025-06-24 16:40:28,47.3,cash_advance,mobile,0.0385,0
7,2025-06-25 09:13:59,9.91,utilities,pos,0.0804,0
7,2025-06-26 12:34:41,10.42,utilities,online,0.1,0
7,2025-06-26 14:19:33,18.26,electronics,pos,0.0174,0
7,2025-06-28 16:24:55,15.73,online_retail,atm,0.0089,0
7,2025-06-28 17:53:39,46.08,online_retail,pos,0.0469,0
7,2025-06-29 00:03:47,14.74,electronics,online,0.0248,0
8,2025-01-02 09:51:11,42.26,travel,online,0.0855,0
8,2025-01-04 17:17:22,30.46,cash_advance,mobile,0.0246,0
8,2025-01-07 23:45:42,196.39,electronics,pos,0.0538,0
8,2025-01-08 12:57:47,20.8,utilities,pos,0.0291,0
8,2025-01-13 10:20:02,7.45,utilities,pos,0.0727,0
8,2025-01-14 12:03:26,37.38,travel,pos,0.0329,0
8,2025-01-15 12:44:33,227.38,utilities,pos,0.0282,0
8,2025-01-15 13:56:54,40.86,utilities,online,0.0779,0
8,2025-01-16 18:44:41,50.79,cash_advance,mobile,0.0454,0
8,2025-01-17 12:30:34,37.8,cash_advance,mobile,0.0469,0
8,2025-01-21 13:15:00,25.47,travel,pos,0.0186,0
8,2025-01-28 11:14:55,27.98,cash_advance,pos,0.0731,0
8,2025-01-29 08:07:34,27.34,cash_advance,online,0.026,0
8,2025-01-29 14:47:42,111.35,travel,atm,0.0022,0
8,2025-01-30 15:03:42,22.52,cash_advance,online,0.0853,0
8,2025-02-01 18:22:53,60.93,cash_advance,online,0.0062,0
8,2025-02-03 13:11:36,27.02,cash_advance,pos,0.1537,0
8,2025-02-12 10:24:43,28.93,cash_advance,mobile,0.0207,0
8,2025-02-12 19:25:40,21.31,cash_advance,pos,0.0009,0
8,2025-02-12 23:30:31,114.28,cash_advance,mobile,0.0094,0
8,2025-02-15 17:57:43,41.13,travel,mobile,0.047,0
8,2025-02-21 17:41:56,24.7,travel,online,0.0302,0
8,2025-02-24 08:41:57,67.63,cash_advance,online,0.0337,0
8,2025-03-01 13:38:24,80.34,utilities,mobile,0.0129,0
8,2025-03-06 13:20:49,143.93,restaurant,pos,0.0053,0
8,2025-03-07 15:56:34,74.56,cash_advance,pos,0.0492,0
8,2025-03-08 06:44:40,52.61,entertainment,atm,0.0945,0
8,2025-03-08 18:11:59,35.5,utilities,online,0.0594,0
8,2025-03-12 12:42:53,49.78,utilities,pos,0.0152,0
8,2025-03-15 15:35:09,49.59,utilities,atm,0.0509,0
8,2025-03-21 11:16:24,16.62,travel,mobile,0.0403,0
8,2025-03-21 13:29:21,32.44,utilities,pos,0.0305,0
8,2025-03-22 12:23:14,109.2,cash_advance,atm,0.0267,0
8,2025-03-23 17:55:56,19.31,grocery,pos,0.0518,0
8,2025-03-25 22:02:43,74.56,utilities,mobile,0.0841,0
8,2025-03-27 23:13:45,27.81,travel,online,0.0613,0
8,2025-03-30 08:30:54,78.28,utilities,online,0.0593,0
8,2025-04-01 13:19:20,117.11,cash_advance,online,0.0807,1
8,2025-04-01 20:13:06,17.49,travel,atm,0.0124,0
8,2025-04-02 14:42:20,20.58,travel,online,0.0669,0
8,2025-04-03 13:49:36,76.47,travel,online,0.0161,0
8,2025-04-10 17:45:01,32.95,travel,mobile,0.0389,0
8,2025-04-15 06:49:08,57.22,restaurant,online,0.0314,0
8,2025-04-15 22:46:55,103.8,travel,mobile,0.0507,0
8,2025-04-17 08:07:39,23.22,online_retail,online,0.0037,0
8,2025-04-17 13:02:58,50.52,restaurant,pos,0.0298,0
8,2025-04-18 11:41:39,41.78,travel,pos,0.0718,0
8,2025-04-18 12:22:46,105.12,cash_advance,online,0.0532,0
8,2025-04-23 15:49:47,85.99,utilities,atm,0.0131,0
8,2025-04-23 16:19:53,96.43,travel,online,0.028,0
8,2025-04-24 14:13:08,25.46,travel,online,0.0408,0
8,2025-04-27 08:01:46,29.29,cash_advance,mobile,0.0336,0
8,2025-04-27 15:07:30,41.74,travel,online,0.0952,0
8,2025-05-06 13:00:47,51.07,online_retail,mobile,0.0204,0
8,2025-05-09 18:39:47,17.89,travel,online,0.0149,0
8,2025-05-13 15:39:20,67.84,travel,atm,0.0237,0
8,2025-05-19 15:57:08,8.6,cash_advance,online,0.0719,0
8,2025-05-30 18:05:46,87.77,fuel,online,0.0171,0
8,2025-06-03 11:15:11,88.27,online_retail,online,0.0428,0
8,2025-06-06 09:59:09,26.92,cash_advance,mobile,0.0851,0
8,2025-06-11 16:28:59,72.58,travel,online,0.0487,0
8,2025-06-22 15:10:35,35.91,utilities,pos,0.0288,0
8,2025-06-23 13:07:43,26.8,utilities,online,0.0036,0
8,2025-06-24 09:05:23,5.77,utilities,pos,0.0502,0
9,2025-01-01 01:22:58,13.05,jewelry,online,0.0103,0
9,2025-01-01 06:27:51,11.84,restaurant,online,0.0178,0
9,2025-01-01 08:57:12,10.71,entertainment,online,0.0692,0
9,2025-01-01 10:51:38,11.15,online_retail,mobile,0.0025,0
9,2025-01-01 13:32:35,18.65,electronics,mobile,0.0586,0
9,2025-01-01 13:37:14,7.11,entertainment,pos,0.0881,0
9,2025-01-01 14:14:01,5.15,travel,mobile,0.076,0
9,2025-01-01 15:27:39,14.82,entertainment,pos,0.0067,0
9,2025-01-01 19:26:36,24.64,restaurant,mobile,0.0226,0
9,2025-01-02 21:17:40,42.24,jewelry,pos,0.0345,0
9,2025-01-02 21:19:04,23.4,entertainment,pos,0.0259,0
9,2025-01-03 05:24:24,21.56,travel,mobile,0.0258,0
9,2025-01-03 07:36:08,9.06,fuel,mobile,0.0396,0
9,2025-01-03 07:49:59,8.55,restaurant,online,0.1027,0
9,2025-01-03 15:43:18,22.47,travel,pos,0.0158,0
9,2025-01-03 18:11:42,4.87,entertainment,mobile,0.0026,0
9,2025-01-04 11:11:49,15.32,entertainment,mobile,0.0333,0
9,2025-01-04 14:45:56,9.51,grocery,online,0.0294,0
9,2025-01-04 16:34:35,61.06,restaurant,online,0.1,0
9,2025-01-04 17:26:07,46.55,jewelry,mobile,0.0165,0
9,2025-01-04 17:32:54,34.65,travel,mobile,0.0375,0
9,2025-01-05 11:33:45,25.45,travel,pos,0.0045,0
9,2025-01-05 13:41:00,14.93,restaurant,online,0.0868,0
9,2025-01-05 15:55:26,11.73,travel,atm,0.0027,0
9,2025-01-06 10:54:44,35.75,entertainment,atm,0.0381,0
9,2025-01-06 12:50:55,9.76,entertainment,online,0.0167,0
9,2025-01-06 13:24:12,30.24,fuel,online,0.0314,0
9,2025-01-06 16:22:54,19.65,restaurant,online,0.082,0
9,2025-01-06 17:21:36,8.79,online_retail,pos,0.0292,0
9,2025-01-07 04:13:51,17.17,travel,pos,0.0324,0
9,2025-01-07 13:06:03,8.07,restaurant,online,0.0372,0
9,2025-01-07 14:37:56,18.18,travel,online,0.0272,0
9,2025-01-07 15:41:40,6.88,restaurant,pos,0.0355,0
9,2025-01-07 19:27:06,5.59,utilities,mobile,0.0243,0
9,2025-01-08 04:44:08,13.52,entertainment,pos,0.0014,0
9,2025-01-08 05:19:32,21.49,travel,online,0.0334,0
9,2025-01-08 08:51:23,55.71,travel,mobile,0.1689,0
9,2025-01-08 11:41:00,15.23,travel,mobile,0.0258,0
9,2025-01-08 13:32:55,7.23,jewelry,mobile,0.0691,0
9,2025-01-09 10:52:41,32.27,entertainment,online,0.031,0
9,2025-01-09 19:09:36,38.18,travel,pos,0.0564,0
9,2025-01-09 20:26:13,7.45,travel,online,0.0236,0
9,2025-01-10 08:19:03,18.62,travel,online,0.1079,0
9,2025-01-10 11:58:58,15.51,travel,pos,0.0631,0
9,2025-01-10 12:42:04,10.24,entertainment,online,0.0768,0
9,2025-01-10 13:02:01,17.56,travel,online,0.043,0
9,2025-01-11 05:20:35,26.88,restaurant,pos,0.0248,0
9,2025-01-11 12:56:37,23.67,travel,online,0.0395,0
9,2025-01-11 12:59:01,16.02,entertainment,atm,0.0563,0
9,2025-01-11 16:35:05,27.66,restaurant,online,0.0806,0
9,2025-01-11 16:35:21,12.18,entertainment,atm,0.0362,0
9,2025-01-11 23:05:38,4.12,travel,online,0.038,0
9,2025-01-11 23:10:24,59.59,travel,online,0.048,0
9,2025-01-11 23:38:06,28.57,restaurant,pos,0.0438,0
9,2025-01-12 11:02:34,8.45,entertainment,mobile,0.0215,0
9,2025-01-12 14:17:30,8.68,travel,mobile,0.0075,0
9,2025-01-12 15:19:05,6.65,cash_advance,pos,0.005,0
9,2025-01-12 19:45:04,10.24,entertainment,pos,0.0036,0
9,2025-01-13 09:20:55,22.87,restaurant,mobile,0.0064,0
9,2025-01-13 09:25:25,34.72,travel,online,0.1086,0
9,2025-01-13 15:49:17,11.77,jewelry,online,0.0218,0
9,2025-01-13 16:18:53,35.13,jewelry,mobile,0.0305,0
9,2025-01-14 05:13:23,14.03,online_retail,mobile,0.0317,0
9,2025-01-14 10:22:07,15.43,restaurant,mobile,0.0311,0
9,2025-01-14 11:49:35,13.48,travel,pos,0.0104,0
9,2025-01-14 14:18:12,18.27,restaurant,pos,0.0042,0
9,2025-01-14 14:21:41,5.85,travel,online,0.0309,0
9,2025-01-14 15:19:06,10.8,entertainment,online,0.0663,0
9,2025-01-14 16:04:55,8.08,entertainment,mobile,0.0024,0
9,2025-01-15 10:04:16,14.45,entertainment,pos,0.0374,0
9,2025-01-15 19:52:07,9.46,restaurant,mobile,0.0213,0
9,2025-01-16 12:57:29,12.21,travel,mobile,0.0129,0
9,2025-01-16 13:45:53,3.08,cash_advance,pos,0.0208,0
9,2025-01-17 00:52:56,14.09,entertainment,online,0.0443,0
9,2025-01-17 12:24:03,20.06,entertainment,mobile,0.0971,0
9,2025-01-17 13:05:56,7.56,fuel,pos,0.068,0
9,2025-01-17 15:58:56,16.34,restaurant,online,0.0197,0
9,2025-01-17 23:05:18,30.68,entertainment,pos,0.0004,0
9,2025-01-18 11:32:40,25.86,entertainment,online,0.02,0
9,2025-01-18 13:16:53,20.77,travel,mobile,0.0228,0
9,2025-01-18 14:03:34,30.8,utilities,online,0.0296,0
9,2025-01-18 14:59:15,8.33,entertainment,online,0.0338,0
9,2025-01-19 07:25:04,22.83,entertainment,pos,0.0445,0
9,2025-01-19 17:54:50,18.69,entertainment,pos,0.0745,0
9,2025-01-19 19:09:32,8.73,entertainment,mobile,0.0922,0
9,2025-01-19 20:49:41,6.04,travel,mobile,0.0399,0
9,2025-01-20 05:41:09,12.67,entertainment,online,0.0381,0
9,2025-01-20 06:46:20,10.82,travel,atm,0.0076,0
9,2025-01-20 11:48:27,17.47,travel,online,0.1133,0
9,2025-01-20 12:03:20,12.35,travel,pos,0.0024,0
9,2025-01-20 16:22:38,5.85,restaurant,online,0.0465,0
9,2025-01-21 00:02:38,37.81,entertainment,pos,0.0032,0
9,2025-01-21 07:26:22,20.65,travel,pos,0.0456,0
9,2025-01-21 14:13:12,5.72,travel,pos,0.0261,0
9,2025-01-21 14:55:43,6.08,cash_advance,online,0.0035,0
9,2025-01-21 17:41:42,33.68,entertainment,online,0.0396,0
9,2025-01-22 08:33:31,8.81,travel,mobile,0.0042,0
9,2025-01-22 16:33:27,9.47,travel,mobile,0.0511,0
9,2025-01-22 23:49:09,18.6,restaurant,pos,0.005,0
9,2025-01-23 08:21:01,4.77,restaurant,pos,0.002,0
9,2025-01-23 11:46:41,91.36,restaurant,mobile,0.0159,0
9,2025-01-23 16:33:51,7.74,travel,pos,0.0185,0
9,2025-01-24 15:41:44,22.59,entertainment,pos,0.0331,0
9,2025-01-25 10:56:44,6.58,entertainment,mobile,0.0111,0
9,2025-01-25 13:47:50,7.42,entertainment,mobile,0.0517,0
9,2025-01-25 15:50:51,135.89,travel,atm,0.8607,1
9,2025-01-26 03:59:34,22.49,utilities,mobile,0.0448,0
9,2025-01-26 11:15:20,28.37,entertainment,mobile,0.0519,0
9,2025-01-26 16:38:04,42.22,entertainment,pos,0.0375,0
9,2025-01-26 22:57:34,7.8,restaurant,online,0.0458,0
9,2025-01-26 23:22:01,6.45,travel,pos,0.0092,0
9,2025-01-27 08:20:59,40.13,restaurant,online,0.008,0
9,2025-01-27 10:14:47,9.72,entertainment,pos,0.0298,0
9,2025-01-27 11:00:22,27.33,travel,pos,0.0904,0
9,2025-01-27 17:10:53,16.96,electronics,online,0.0129,0
9,2025-01-28 11:20:30,36.77,entertainment,pos,0.0368,0
9,2025-01-28 19:15:05,14.72,entertainment,pos,0.0655,0
9,2025-01-29 07:55:42,6.13,travel,pos,0.0226,0
9,2025-01-29 09:27:03,15.74,entertainment,pos,0.0285,0
9,2025-01-29 11:00:44,7.49,restaurant,online,0.0094,0
9,2025-01-29 11:31:48,52.84,entertainment,online,0.0068,0
9,2025-01-29 12:19:25,39.84,entertainment,online,0.0462,0
9,2025-01-29 12:38:06,7.09,entertainment,mobile,0.0571,0
9,2025-01-30 04:09:54,14.59,entertainment,online,0.0905,0
9,2025-01-30 07:43:27,42.54,entertainment,online,0.0023,0
9,2025-01-30 11:22:23,19.64,travel,mobile,0.0284,0
9,2025-01-30 14:00:43,24.38,travel,pos,0.0012,0
9,2025-01-30 19:56:14,4.53,jewelry,mobile,0.0255,0
9,2025-01-31 11:05:10,20.19,entertainment,online,0.0167,0
9,2025-01-31 12:13:36,22.06,travel,pos,0.0727,0
9,2025-01-31 16:20:26,12.6,restaurant,pos,0.0302,0
9,2025-01-31 21:37:47,4.7,travel,mobile,0.0698,0
9,2025-01-31 23:27:51,108.87,restaurant,online,0.0239,0
9,2025-02-01 00:11:59,3.42,grocery,online,0.1035,0
9,2025-02-01 06:10:51,31.93,restaurant,mobile,0.0039,0
9,2025-02-01 08:48:28,7.1,entertainment,pos,0.0837,0
9,2025-02-01 20:06:33,14.18,restaurant,pos,0.0367,0
9,2025-02-02 18:10:36,15.22,fuel,pos,0.0778,0
9,2025-02-02 18:18:40,10.67,travel,mobile,0.0131,0
9,2025-02-03 11:51:28,42.99,fuel,online,0.0116,0
9,2025-02-03 12:07:55,30.33,restaurant,mobile,0.0087,0
9,2025-02-03 13:44:07,29.68,travel,online,0.0611,0
9,2025-02-03 16:52:46,6.47,restaurant,pos,0.0027,0
9,2025-02-04 08:39:35,9.81,restaurant,mobile,0.0038,0
9,2025-02-04 10:07:38,11.65,restaurant,online,0.0277,0
9,2025-02-04 14:47:19,4.77,entertainment,online,0.0139,0
9,2025-02-04 21:45:29,11.74,travel,pos,0.0547,0
9,2025-02-05 15:07:37,24.61,restaurant,pos,0.0228,0
9,2025-02-05 21:00:20,2.46,entertainment,mobile,0.0076,0
9,2025-02-06 02:17:34,14.23,travel,online,0.1582,0
9,2025-02-06 11:30:29,14.44,entertainment,atm,0.0167,0
9,2025-02-06 18:05:00,27.81,restaurant,mobile,0.0212,0
9,2025-02-06 18:16:25,20.59,travel,online,0.0137,0
9,2025-02-07 09:25:19,10.78,travel,pos,0.0861,0
9,2025-02-07 14:19:33,9.71,entertainment,online,0.0182,0
9,2025-02-07 14:54:07,14.65,travel,pos,0.017,0
9,2025-02-07 15:59:23,22.95,restaurant,online,0.0302,0
9,2025-02-07 17:28:11,41.07,entertainment,mobile,0.0018,0
9,2025-02-07 18:09:46,18.53,online_retail,mobile,0.0164,0
9,2025-02-08 10:37:06,12.35,travel,mobile,0.0419,0
9,2025-02-08 11:47:09,11.34,entertainment,online,0.0469,0
9,2025-02-08 12:03:18,6.17,restaurant,online,0.0381,0
9,2025-02-08 18:25:42,17.33,travel,mobile,0.0022,0
9,2025-02-08 18:55:42,36.96,travel,pos,0.0396,0
9,2025-02-08 19:45:04,29.24,restaurant,pos,0.013,0
9,2025-02-09 12:32:38,22.0,entertainment,pos,0.0048,0
9,2025-02-09 12:32:44,3.78,entertainment,mobile,0.0551,0
9,2025-02-09 16:04:41,6.6,entertainment,online,0.0141,0
9,2025-02-09 17:40:15,15.85,restaurant,atm,0.016,0
9,2025-02-09 23:44:01,16.54,restaurant,online,0.0605,0
9,2025-02-10 10:51:12,23.28,restaurant,online,0.0415,0
9,2025-02-10 14:04:40,5.66,restaurant,pos,0.0194,0
9,2025-02-10 17:58:01,15.46,restaurant,online,0.0358,0
9,2025-02-11 12:11:44,8.34,entertainment,online,0.0163,0
9,2025-02-11 13:17:15,25.85,travel,pos,0.0488,0
9,2025-02-11 16:52:04,30.87,entertainment,mobile,0.0187,0
9,2025-02-11 17:53:18,19.09,travel,mobile,0.0468,0
9,2025-02-11 21:10:21,11.0,entertainment,atm,0.0122,0
9,2025-02-11 23:20:42,16.35,jewelry,mobile,0.0375,0
9,2025-02-12 10:58:30,14.47,restaurant,online,0.0031,0
9,2025-02-12 13:10:48,8.59,travel,pos,0.0285,0
9,2025-02-12 14:40:02,19.43,entertainment,mobile,0.0072,0
9,2025-02-12 16:44:43,9.16,restaurant,online,0.0337,0
9,2025-02-13 09:16:11,8.85,restaurant,online,0.0493,0
9,2025-02-13 12:00:55,10.57,restaurant,online,0.0394,0
9,2025-02-13 14:44:31,12.35,entertainment,pos,0.004,0
9,2025-02-13 17:00:32,18.46,travel,pos,0.0673,0
9,2025-02-13 20:59:26,24.01,online_retail,online,0.0437,0
9,2025-02-13 23:48:36,9.25,entertainment,online,0.0495,0
9,2025-02-14 07:06:25,11.14,travel,mobile,0.0157,0
9,2025-02-14 14:19:09,4.82,travel,online,0.0262,0
9,2025-02-14 16:40:13,35.27,travel,pos,0.0537,0
9,2025-02-15 09:07:04,8.27,entertainment,pos,0.0417,0
9,2025-02-15 10:57:49,7.69,travel,pos,0.0138,0
9,2025-02-15 14:17:07,38.6,restaurant,online,0.0002,0
9,2025-02-15 14:27:47,17.3,travel,online,0.0167,0
9,2025-02-15 14:46:00,11.82,fuel,mobile,0.034,0
9,2025-02-15 15:05:59,3.95,restaurant,online,0.037,0
9,2025-02-15 15:41:40,9.57,entertainment,pos,0.0206,0
9,2025-02-15 21:12:26,16.02,entertainment,online,0.0248,0
9,2025-02-16 10:41:26,3.66,travel,mobile,0.0297,0
9,2025-02-16 13:07:58,31.45,restaurant,mobile,0.036,0
9,2025-02-16 16:44:49,39.95,travel,pos,0.0744,0
9,2025-02-16 17:45:19,25.92,entertainment,atm,0.0192,0
9,2025-02-16 23:22:36,20.66,travel,mobile,0.0513,0
9,2025-02-17 00:29:36,10.7,jewelry,online,0.0339,0
9,2025-02-17 10:13:11,27.3,entertainment,online,0.0607,0
9,2025-02-17 10:22:01,16.23,entertainment,online,0.0293,0
9,2025-02-17 17:39:11,5.67,travel,online,0.0325,0
9,2025-02-18 00:40:50,15.09,grocery,mobile,0.1156,0
9,2025-02-18 06:01:52,25.81,entertainment,mobile,0.1023,0
9,2025-02-18 11:48:05,16.67,travel,online,0.0504,0
9,2025-02-18 15:03:28,95.93,cash_advance,pos,0.6963,1
9,2025-02-18 20:15:26,16.8,jewelry,online,0.0538,0
9,2025-02-18 21:10:28,30.09,restaurant,mobile,0.0654,0
9,2025-02-19 08:40:05,31.85,entertainment,online,0.023,0
9,2025-02-19 14:37:10,27.4,travel,pos,0.0185,0
9,2025-02-19 15:20:30,37.25,restaurant,mobile,0.031,0
9,2025-02-19 20:44:24,26.83,electronics,mobile,0.0099,0
9,2025-02-20 08:58:46,10.12,grocery,mobile,0.0134,0
9,2025-02-20 12:44:44,18.21,restaurant,pos,0.0445,0
9,2025-02-20 17:22:25,9.53,entertainment,online,0.0494,0
9,2025-02-20 18:16:28,15.96,entertainment,online,0.1331,0
9,2025-02-21 05:00:50,5.97,online_retail,pos,0.0863,0
9,2025-02-21 13:50:16,22.19,entertainment,mobile,0.0229,0
9,2025-02-21 15:07:05,23.96,entertainment,pos,0.0007,0
9,2025-02-21 22:45:58,3.2,restaurant,pos,0.0153,0
9,2025-02-22 08:41:20,9.83,restaurant,online,0.0403,0
9,2025-02-22 12:51:13,5.1,travel,mobile,0.0156,0
9,2025-02-22 17:53:37,26.98,restaurant,atm,0.0371,0
9,2025-02-23 16:23:15,14.6,travel,online,0.0061,0
9,2025-02-24 12:11:52,27.28,travel,pos,0.0036,0
9,2025-02-24 16:18:58,5.27,travel,pos,0.0102,0
9,2025-02-24 20:31:31,14.9,entertainment,online,0.0384,0
9,2025-02-24 23:47:31,13.15,travel,online,0.0468,0
9,2025-02-25 14:19:31,19.65,entertainment,online,0.0973,0
9,2025-02-25 17:13:18,10.53,entertainment,mobile,0.0664,0
9,2025-02-25 17:52:52,17.15,travel,pos,0.0254,0
9,2025-02-26 05:44:29,32.61,utilities,pos,0.0574,0
9,2025-02-26 13:23:13,19.01,entertainment,mobile,0.0289,0
9,2025-02-26 16:34:31,10.63,electronics,mobile,0.0244,0
9,2025-02-27 06:42:58,45.8,restaurant,pos,0.0129,0
9,2025-02-27 12:12:05,6.77,grocery,atm,0.0463,0
9,2025-02-27 14:17:22,66.66,entertainment,online,0.0682,0
9,2025-02-27 15:15:06,6.68,jewelry,pos,0.0117,0
9,2025-02-27 17:47:40,9.7,restaurant,online,0.0432,0
9,2025-02-28 12:49:40,9.78,fuel,pos,0.0093,0
9,2025-02-28 13:30:56,12.54,travel,online,0.0305,0
9,2025-02-28 16:50:21,15.07,travel,online,0.0455,0
9,2025-02-28 21:50:07,15.26,restaurant,atm,0.0712,0
9,2025-02-28 22:25:47,24.18,travel,pos,0.0443,0
9,2025-03-01 02:35:55,26.04,restaurant,pos,0.0118,0
9,2025-03-01 08:55:50,29.54,travel,online,0.0125,0
9,2025-03-01 11:11:04,21.68,travel,mobile,0.0362,0
9,2025-03-01 12:21:36,18.39,utilities,online,0.0872,0
9,2025-03-01 12:45:20,20.22,travel,mobile,0.0099,0
9,2025-03-01 15:20:18,11.58,entertainment,pos,0.0265,0
9,2025-03-01 20:20:05,8.23,restaurant,mobile,0.0654,0
9,2025-03-02 13:22:41,23.24,fuel,mobile,0.0586,0
9,2025-03-02 13:44:26,7.49,entertainment,online,0.0341,0
9,2025-03-03 08:18:18,5.97,travel,pos,0.0016,0
9,2025-03-03 20:22:41,14.12,entertainment,online,0.0416,0
9,2025-03-04 16:06:43,27.87,entertainment,pos,0.0395,0
9,2025-03-04 18:44:18,5.34,restaurant,online,0.0169,0
9,2025-03-04 18:49:07,6.72,entertainment,pos,0.0201,0
9,2025-03-05 11:01:50,11.84,entertainment,mobile,0.0238,0
9,2025-03-05 13:20:40,4.69,restaurant,online,0.0146,0
9,2025-03-05 13:24:43,25.28,restaurant,pos,0.0279,0
9,2025-03-05 14:49:39,34.88,entertainment,mobile,0.0004,0
9,2025-03-05 23:37:19,10.77,restaurant,pos,0.0475,0
9,2025-03-06 09:41:04,28.59,restaurant,pos,0.0556,0
9,2025-03-06 10:00:53,90.94,travel,pos,0.0598,0
9,2025-03-06 13:35:51,7.12,restaurant,online,0.1043,0
9,2025-03-06 14:06:37,12.5,restaurant,online,0.0363,0
9,2025-03-07 15:56:02,5.4,restaurant,pos,0.0031,0
9,2025-03-07 16:06:57,5.5,restaurant,online,0.092,0
9,2025-03-07 18:23:24,7.78,entertainment,pos,0.0119,0
9,2025-03-08 11:50:23,8.68,restaurant,online,0.1077,0
9,2025-03-08 17:45:37,15.68,online_retail,mobile,0.002,0
9,2025-03-09 09:27:08,13.96,travel,online,0.0309,0
9,2025-03-09 13:45:11,14.12,travel,pos,0.0111,0
9,2025-03-10 13:37:35,35.7,utilities,pos,0.0032,0
9,2025-03-10 13:42:06,39.33,entertainment,pos,0.0303,0
9,2025-03-10 14:13:22,9.58,electronics,online,0.0402,0
9,2025-03-10 14:34:01,31.84,restaurant,pos,0.0379,0
9,2025-03-10 15:08:06,25.98,entertainment,mobile,0.0658,0
9,2025-03-11 04:57:02,3.84,travel,pos,0.0212,0
9,2025-03-11 15:10:21,48.87,travel,online,0.0257,0
9,2025-03-11 15:45:42,2.05,online_retail,mobile,0.0278,0
9,2025-03-11 17:55:03,26.19,travel,pos,0.0427,0
9,2025-03-11 22:06:14,5.04,entertainment,online,0.0468,0
9,2025-03-12 09:53:30,6.23,restaurant,mobile,0.0981,0
9,2025-03-12 18:16:25,14.95,entertainment,pos,0.029,0
9,2025-03-13 11:14:09,37.32,travel,pos,0.0139,0
9,2025-03-13 12:20:40,24.67,entertainment,online,0.0066,0
9,2025-03-13 23:31:00,6.13,restaurant,mobile,0.0395,0
9,2025-03-14 08:22:36,4.85,travel,online,0.1391,0
9,2025-03-14 17:59:52,7.39,travel,online,0.0316,0
9,2025-03-14 21:58:55,26.61,travel,online,0.0502,0
9,2025-03-15 06:17:04,21.1,entertainment,online,0.0301,0
9,2025-03-15 07:59:24,22.0,restaurant,pos,0.0517,0
9,2025-03-15 16:21:17,35.41,fuel,online,0.074,0
9,2025-03-15 18:41:47,23.33,travel,online,0.0464,0
9,2025-03-16 09:27:46,5.91,entertainment,pos,0.0648,0
9,2025-03-16 17:02:22,12.13,online_retail,pos,0.0787,0
9,2025-03-16 17:22:33,46.35,restaurant,pos,0.0471,0
9,2025-03-16 19:42:50,8.91,utilities,pos,0.0397,0
9,2025-03-16 20:57:09,30.65,travel,pos,0.018,0
9,2025-03-17 12:03:03,8.02,utilities,atm,0.0737,0
9,2025-03-17 13:52:15,15.21,restaurant,online,0.0102,0
9,2025-03-17 19:20:45,15.95,travel,online,0.0328,0
9,2025-03-17 21:51:20,13.8,restaurant,mobile,0.0399,0
9,2025-03-18 12:24:50,20.48,restaurant,pos,0.0147,0
9,2025-03-18 15:42:06,8.55,travel,mobile,0.0653,0
9,2025-03-18 15:51:09,17.92,restaurant,online,0.0499,0
9,2025-03-18 18:13:45,33.85,entertainment,online,0.0992,0
9,2025-03-18 21:38:18,11.5,electronics,mobile,0.0318,0
9,2025-03-19 15:20:27,16.14,grocery,pos,0.0325,0
9,2025-03-19 15:37:08,22.88,entertainment,online,0.0095,0
9,2025-03-19 17:29:34,79.48,travel,mobile,0.0437,0
9,2025-03-19 18:17:17,7.21,entertainment,pos,0.0432,0
9,2025-03-19 18:41:17,27.13,jewelry,pos,0.042,0
9,2025-03-20 13:49:08,39.89,grocery,online,0.0692,0
9,2025-03-20 16:09:34,7.72,online_retail,online,0.0206,0
9,2025-03-21 12:12:01,20.37,electronics,pos,0.0095,0
9,2025-03-21 14:41:32,20.92,restaurant,pos,0.0237,0
9,2025-03-22 14:35:25,9.34,travel,online,0.008,0
9,2025-03-22 17:59:04,10.35,online_retail,online,0.0134,0
9,2025-03-22 19:09:39,17.34,entertainment,online,0.0144,0
9,2025-03-22 23:24:52,8.77,travel,pos,0.0358,0
9,2025-03-23 04:19:04,14.2,restaurant,online,0.0143,0
9,2025-03-23 08:42:22,39.28,entertainment,mobile,0.0352,0
9,2025-03-23 08:50:07,6.76,travel,online,0.0149,0
9,2025-03-23 12:49:12,9.8,grocery,pos,0.0289,0
9,2025-03-23 12:55:30,23.15,restaurant,online,0.0269,0
9,2025-03-23 14:43:22,13.57,travel,pos,0.0053,0
9,2025-03-23 15:40:26,14.83,travel,mobile,0.0778,0
9,2025-03-23 15:43:36,15.79,entertainment,online,0.0316,0
9,2025-03-23 23:13:24,9.83,travel,pos,0.0351,0
9,2025-03-24 07:44:13,10.14,entertainment,pos,0.0284,0
9,2025-03-24 13:56:37,18.68,entertainment,pos,0.0165,0
9,2025-03-24 14:08:11,5.11,entertainment,online,0.0138,0
9,2025-03-24 14:20:33,8.6,restaurant,pos,0.0587,0
9,2025-03-24 23:08:42,21.41,restaurant,online,0.0223,0
9,2025-03-24 23:37:31,34.45,restaurant,pos,0.045,0
9,2025-03-25 05:11:51,8.69,restaurant,online,0.0185,0
9,2025-03-25 12:00:40,9.79,grocery,online,0.0485,0
9,2025-03-25 14:23:39,42.59,travel,online,0.0115,0
9,2025-03-25 15:06:29,16.3,travel,mobile,0.0896,0
9,2025-03-25 23:37:13,75.0,entertainment,online,0.0677,0
9,2025-03-26 10:26:45,19.46,restaurant,pos,0.0417,0
9,2025-03-26 11:15:09,7.88,travel,pos,0.117,0
9,2025-03-26 17:22:00,51.31,jewelry,mobile,0.0146,0
9,2025-03-27 09:18:00,10.58,entertainment,pos,0.0284,0
9,2025-03-27 11:17:52,9.49,entertainment,online,0.0534,0
9,2025-03-27 12:56:26,31.64,restaurant,mobile,0.0149,0
9,2025-03-28 16:14:24,27.58,restaurant,pos,0.0012,0
9,2025-03-28 16:16:22,28.41,entertainment,pos,0.0276,0
9,2025-03-28 18:19:26,4.78,travel,mobile,0.0598,0
9,2025-03-29 07:50:05,34.05,restaurant,pos,0.0089,0
9,2025-03-29 13:39:12,9.95,restaurant,pos,0.0695,0
9,2025-03-29 14:38:44,6.62,entertainment,pos,0.0737,0
9,2025-03-29 15:32:40,88.74,utilities,pos,0.0083,0
9,2025-03-29 16:31:15,7.98,restaurant,online,0.0377,0
9,2025-03-29 16:32:18,34.99,entertainment,online,0.009,0
9,2025-03-29 17:52:57,12.44,restaurant,atm,0.0253,0
9,2025-03-30 10:26:18,65.92,entertainment,online,0.0605,0
9,2025-03-30 12:17:00,15.67,entertainment,online,0.0309,0
9,2025-03-30 16:08:46,17.92,restaurant,online,0.0119,0
9,2025-03-30 18:18:21,12.2,restaurant,pos,0.012,0
9,2025-03-30 20:32:07,41.65,restaurant,mobile,0.0115,0
9,2025-03-31 00:48:17,25.36,restaurant,mobile,0.0172,0
9,2025-03-31 13:58:00,53.67,restaurant,pos,0.0412,0
9,2025-04-01 06:18:49,15.23,travel,pos,0.0618,0
9,2025-04-01 07:09:20,6.67,grocery,mobile,0.0511,0
9,2025-04-01 11:57:40,18.79,travel,online,0.0045,0
9,2025-04-01 15:00:06,53.82,restaurant,mobile,0.0313,0
9,2025-04-01 21:34:31,24.53,jewelry,pos,0.0129,0
9,2025-04-02 17:09:35,10.67,restaurant,online,0.0057,0
9,2025-04-02 19:50:35,9.41,entertainment,pos,0.0169,0
9,2025-04-03 09:10:12,20.7,entertainment,online,0.0009,0
9,2025-04-03 15:53:52,47.97,restaurant,mobile,0.0061,0
9,2025-04-03 20:45:18,7.6,travel,pos,0.1004,0
9,2025-04-03 21:58:00,8.56,restaurant,atm,0.0563,0
9,2025-04-04 08:32:45,27.67,travel,pos,0.1236,0
9,2025-04-05 09:55:06,15.07,travel,online,0.06,0
9,2025-04-05 09:56:41,25.55,entertainment,online,0.0105,0
9,2025-04-05 10:09:49,13.03,jewelry,pos,0.0073,0
9,2025-04-05 13:44:51,14.74,restaurant,pos,0.0094,0
9,2025-04-05 15:59:47,14.05,entertainment,online,0.0628,0
9,2025-04-05 16:26:32,19.71,travel,mobile,0.0273,0
9,2025-04-06 10:45:29,36.54,entertainment,mobile,0.0585,0
9,2025-04-06 11:28:04,20.96,cash_advance,pos,0.0503,0
9,2025-04-06 13:43:54,8.3,restaurant,online,0.037,0
9,2025-04-07 05:43:02,8.52,entertainment,online,0.0846,0
9,2025-04-07 10:16:23,26.11,jewelry,pos,0.0152,0
9,2025-04-07 23:52:39,12.38,restaurant,mobile,0.059,0
9,2025-04-08 02:27:58,13.93,electronics,pos,0.0353,0
9,2025-04-08 02:27:58,110.17,travel,pos,0.0114,0
9,2025-04-08 06:25:17,8.67,restaurant,mobile,0.1292,0
9,2025-04-08 08:05:35,12.41,utilities,online,0.0177,0
9,2025-04-08 13:01:33,12.7,entertainment,online,0.0024,0
9,2025-04-08 23:12:07,7.41,restaurant,pos,0.0376,0
9,2025-04-09 16:10:14,136.52,restaurant,atm,0.0241,0
9,2025-04-09 18:26:07,12.57,travel,pos,0.0292,0
9,2025-04-10 05:27:20,4.17,jewelry,mobile,0.0255,0
9,2025-04-10 10:21:54,11.25,entertainment,pos,0.1044,0
9,2025-04-10 12:05:11,42.9,entertainment,mobile,0.0365,0
9,2025-04-11 10:09:41,18.31,entertainment,pos,0.0579,0
9,2025-04-11 10:15:47,9.58,travel,pos,0.0373,0
9,2025-04-11 10:36:22,9.77,restaurant,mobile,0.1,0
9,2025-04-12 08:35:49,10.15,travel,mobile,0.094,0
9,2025-04-12 19:31:46,13.98,restaurant,pos,0.0064,0
9,2025-04-12 19:36:51,10.54,jewelry,pos,0.0738,0
9,2025-04-13 09:18:08,6.69,travel,pos,0.063,0
9,2025-04-13 09:57:43,75.27,entertainment,pos,0.0418,0
9,2025-04-13 12:48:59,7.93,travel,pos,0.0304,0
9,2025-04-13 23:45:44,4.74,entertainment,mobile,0.0255,0
9,2025-04-14 11:08:28,37.28,restaurant,pos,0.0145,0
9,2025-04-14 12:03:02,14.56,restaurant,online,0.0999,0
9,2025-04-14 15:26:00,21.38,entertainment,online,0.0743,0
9,2025-04-14 23:54:26,14.51,travel,mobile,0.0328,0
9,2025-04-15 14:23:21,27.47,entertainment,mobile,0.028,0
9,2025-04-16 02:10:50,20.02,restaurant,mobile,0.0537,0
9,2025-04-16 06:03:34,11.84,cash_advance,pos,0.0558,0
9,2025-04-16 12:05:17,3.1,restaurant,pos,0.0243,0
9,2025-04-16 16:59:25,16.78,restaurant,mobile,0.0664,0
9,2025-04-17 08:34:33,24.26,fuel,mobile,0.0329,0
9,2025-04-17 11:24:12,22.95,restaurant,pos,0.0005,0
9,2025-04-17 14:09:13,22.53,entertainment,mobile,0.0577,0
9,2025-04-17 15:34:02,5.49,entertainment,online,0.0421,0
9,2025-04-17 15:56:15,34.69,travel,pos,0.0411,0
9,2025-04-17 17:12:59,19.66,restaurant,pos,0.0134,0
9,2025-04-17 17:44:17,24.22,electronics,online,0.0762,0
9,2025-04-17 18:54:40,5.31,restaurant,pos,0.0487,0
9,2025-04-19 08:59:55,9.61,entertainment,mobile,0.0998,0
9,2025-04-19 11:21:17,24.24,restaurant,pos,0.0149,0
9,2025-04-19 13:23:01,11.38,cash_advance,atm,0.0554,0
9,2025-04-19 22:51:56,10.51,restaurant,online,0.0146,0
9,2025-04-20 08:37:54,25.08,restaurant,pos,0.0538,0
9,2025-04-20 14:07:54,5.66,entertainment,online,0.0594,0
9,2025-04-21 12:59:23,5.63,entertainment,online,0.0469,0
9,2025-04-21 14:54:57,6.45,entertainment,mobile,0.0039,0
9,2025-04-22 00:44:12,22.36,grocery,pos,0.0152,0
9,2025-04-22 10:31:32,12.69,entertainment,mobile,0.0204,0
9,2025-04-22 12:03:46,9.31,travel,online,0.0246,0
9,2025-04-22 14:01:25,8.69,restaurant,online,0.089,0
9,2025-04-22 14:14:39,9.1,restaurant,online,0.0693,0
9,2025-04-22 17:34:34,14.65,electronics,online,0.0757,0
9,2025-04-23 06:44:45,14.71,restaurant,mobile,0.0626,0
9,2025-04-23 14:07:36,30.78,travel,pos,0.0797,0
9,2025-04-23 14:15:47,12.71,travel,mobile,0.0284,0
9,2025-04-23 17:31:10,12.35,restaurant,online,0.0684,0
9,2025-04-24 12:24:47,27.42,online_retail,mobile,0.0852,0
9,2025-04-25 08:02:28,16.33,travel,pos,0.0903,0
9,2025-04-25 09:42:35,17.93,fuel,pos,0.0481,0
9,2025-04-25 10:28:26,8.63,cash_advance,mobile,0.0499,0
9,2025-04-25 13:22:23,17.71,restaurant,pos,0.0437,0
9,2025-04-25 14:48:47,21.34,entertainment,mobile,0.007,0
9,2025-04-26 12:45:24,127.62,entertainment,pos,0.0062,0
9,2025-04-27 09:18:58,25.94,restaurant,online,0.0488,0
9,2025-04-27 14:10:42,31.26,entertainment,online,0.0132,0
9,2025-04-27 14:36:53,8.85,travel,online,0.0783,0
9,2025-04-27 15:04:58,17.33,cash_advance,pos,0.0395,0
9,2025-04-27 18:01:57,7.86,travel,online,0.0106,0
9,2025-04-28 14:49:39,6.36,travel,pos,0.0397,0
9,2025-04-29 08:14:45,28.14,restaurant,online,0.0839,0
9,2025-04-29 10:24:35,33.73,electronics,online,0.0219,0
9,2025-04-29 14:07:46,4.82,online_retail,online,0.1229,0
9,2025-04-29 15:58:35,3.53,utilities,pos,0.0074,0
9,2025-04-29 22:04:12,19.56,entertainment,online,0.0415,0
9,2025-04-29 23:32:29,5.24,grocery,online,0.0379,0
9,2025-04-30 05:40:43,7.99,entertainment,pos,0.0174,0
9,2025-04-30 11:10:33,12.27,electronics,online,0.0451,0
9,2025-04-30 23:19:58,12.97,restaurant,online,0.0155,0
9,2025-05-01 10:47:55,8.66,restaurant,online,0.018,0
9,2025-05-01 19:20:46,14.51,online_retail,online,0.0407,0
9,2025-05-02 12:54:07,17.05,travel,pos,0.0057,0
9,2025-05-02 14:35:11,11.57,online_retail,online,0.0207,0
9,2025-05-02 16:03:48,13.71,utilities,online,0.1121,0
9,2025-05-02 17:49:58,5.96,entertainment,mobile,0.0223,0
9,2025-05-02 18:33:06,20.17,restaurant,mobile,0.0029,0
9,2025-05-02 20:31:04,12.55,electronics,atm,0.0571,0
9,2025-05-03 11:27:10,28.34,travel,mobile,0.0457,0
9,2025-05-03 13:37:48,11.3,entertainment,pos,0.0724,0
9,2025-05-03 20:55:37,19.28,entertainment,pos,0.0402,0
9,2025-05-04 06:02:07,4.36,entertainment,pos,0.1219,0
9,2025-05-04 10:25:45,7.5,entertainment,mobile,0.0365,0
9,2025-05-04 17:54:28,4.44,cash_advance,pos,0.0336,0
9,2025-05-04 18:53:43,4.23,restaurant,online,0.0017,0
9,2025-05-04 23:16:02,5.78,travel,mobile,0.0199,0
9,2025-05-05 12:28:19,18.18,entertainment,pos,0.0613,0
9,2025-05-05 12:35:06,8.17,entertainment,pos,0.0582,0
9,2025-05-05 13:07:59,8.5,restaurant,atm,0.0113,0
9,2025-05-05 15:08:00,24.28,entertainment,online,0.0031,0
9,2025-05-06 02:24:36,11.67,travel,mobile,0.003,0
9,2025-05-06 07:07:31,17.05,grocery,online,0.0527,0
9,2025-05-06 14:02:21,35.94,entertainment,pos,0.0348,0
9,2025-05-06 16:02:43,7.37,entertainment,mobile,0.0106,0
9,2025-05-06 18:44:07,16.72,travel,pos,0.0279,0
9,2025-05-06 21:44:36,29.65,travel,online,0.093,0
9,2025-05-06 23:23:51,10.59,restaurant,pos,0.0343,0
9,2025-05-07 07:57:28,10.25,restaurant,mobile,0.0391,0
9,2025-05-07 15:20:50,13.14,restaurant,mobile,0.0,0
9,2025-05-07 17:04:38,24.85,entertainment,mobile,0.0149,0
9,2025-05-07 20:00:40,8.58,travel,pos,0.0513,0
9,2025-05-07 20:19:12,27.27,restaurant,online,0.0082,0
9,2025-05-07 20:41:31,21.93,entertainment,pos,0.0084,0
9,2025-05-07 23:39:23,41.24,entertainment,online,0.0452,0
9,2025-05-08 18:08:46,86.18,restaurant,online,0.0163,0
9,2025-05-09 05:50:40,11.8,restaurant,mobile,0.018,0
9,2025-05-09 09:29:46,4.76,electronics,pos,0.002,0
9,2025-05-09 10:51:55,9.83,entertainment,mobile,0.0372,0
9,2025-05-09 11:22:21,2.81,restaurant,mobile,0.0048,0
9,2025-05-09 12:46:53,14.31,entertainment,atm,0.048,0
9,2025-05-09 12:55:44,32.57,jewelry,pos,0.0302,0
9,2025-05-09 14:53:46,9.2,grocery,pos,0.0347,0
9,2025-05-09 21:20:02,26.86,restaurant,mobile,0.1138,0
9,2025-05-10 11:25:17,7.48,restaurant,online,0.0548,0
9,2025-05-10 12:14:45,27.1,entertainment,pos,0.0502,0
9,2025-05-11 12:24:11,17.9,restaurant,mobile,0.0547,0
9,2025-05-11 12:51:10,11.12,travel,mobile,0.0138,0
9,2025-05-11 17:48:49,10.07,online_retail,mobile,0.0517,1
9,2025-05-11 18:13:25,8.19,fuel,online,0.0693,0
9,2025-05-12 08:38:41,8.49,fuel,online,0.0329,0
9,2025-05-12 08:39:07,7.29,travel,online,0.0203,0
9,2025-05-12 09:06:02,26.48,travel,mobile,0.0683,0
9,2025-05-12 09:44:40,12.81,restaurant,online,0.0441,0
9,2025-05-12 09:58:20,21.39,entertainment,online,0.0023,0
9,2025-05-12 10:57:18,25.79,restaurant,mobile,0.0204,0
9,2025-05-12 12:51:16,17.77,cash_advance,online,0.0267,0
9,2025-05-12 16:20:49,17.42,entertainment,atm,0.0438,0
9,2025-05-12 18:44:32,10.42,entertainment,pos,0.0175,0
9,2025-05-13 10:18:41,13.34,entertainment,mobile,0.0713,0
9,2025-05-13 17:24:13,15.07,entertainment,pos,0.0177,0
9,2025-05-13 20:15:37,8.43,restaurant,online,0.0544,0
9,2025-05-13 20:16:26,9.5,online_retail,online,0.0399,0
9,2025-05-14 16:50:33,23.77,entertainment,mobile,0.0428,0
9,2025-05-14 22:04:38,15.0,entertainment,mobile,0.0727,0
9,2025-05-14 22:10:44,6.8,entertainment,online,0.1283,0
9,2025-05-15 01:51:38,6.8,entertainment,mobile,0.0321,0
9,2025-05-15 12:44:39,18.53,travel,pos,0.0069,0
9,2025-05-15 17:12:57,30.17,entertainment,pos,0.0147,0
9,2025-05-15 17:47:30,7.31,restaurant,online,0.0448,0
9,2025-05-15 19:10:41,31.2,travel,mobile,0.0195,0
9,2025-05-15 21:38:30,6.27,restaurant,online,0.0389,0
9,2025-05-16 07:00:36,31.97,entertainment,mobile,0.0204,0
9,2025-05-16 09:03:00,5.78,jewelry,pos,0.0456,0
9,2025-05-16 13:53:26,11.82,restaurant,mobile,0.006,0
9,2025-05-16 17:15:32,12.96,entertainment,pos,0.0687,0
9,2025-05-17 08:26:10,14.35,entertainment,online,0.0178,0
9,2025-05-17 17:08:23,12.82,travel,pos,0.0503,0
9,2025-05-18 20:20:55,8.84,entertainment,online,0.0193,0
9,2025-05-19 06:17:32,7.03,restaurant,pos,0.0251,0
9,2025-05-19 08:30:48,15.31,grocery,mobile,0.0844,0
9,2025-05-19 08:56:33,27.25,entertainment,online,0.0538,0
9,2025-05-19 11:16:28,33.45,entertainment,mobile,0.0082,0
9,2025-05-19 15:44:08,22.95,restaurant,online,0.0633,0
9,2025-05-19 18:03:29,63.6,entertainment,mobile,0.078,0
9,2025-05-20 09:37:11,6.47,travel,pos,0.0479,0
9,2025-05-20 21:08:04,25.59,entertainment,pos,0.0369,0
9,2025-05-21 07:45:09,14.71,travel,online,0.0886,0
9,2025-05-21 23:08:19,8.86,restaurant,online,0.0151,0
9,2025-05-22 07:02:26,25.68,restaurant,atm,0.0397,0
9,2025-05-22 10:50:25,18.37,travel,online,0.0474,0
9,2025-05-22 16:18:05,21.06,online_retail,online,0.0359,0
9,2025-05-22 17:54:13,24.3,entertainment,mobile,0.1311,0
9,2025-05-23 03:06:50,13.8,restaurant,pos,0.0083,0
9,2025-05-23 12:11:38,14.77,entertainment,pos,0.0173,0
9,2025-05-23 13:47:13,11.89,restaurant,mobile,0.1121,0
9,2025-05-23 15:57:22,12.51,grocery,mobile,0.034,0
9,2025-05-25 11:38:34,4.63,fuel,pos,0.0084,0
9,2025-05-25 12:50:24,18.18,restaurant,online,0.079,0
9,2025-05-25 14:22:40,4.31,travel,pos,0.0732,0
9,2025-05-25 17:56:46,21.59,entertainment,online,0.0353,0
9,2025-05-26 14:09:34,15.72,restaurant,online,0.0722,0
9,2025-05-27 12:28:00,8.07,travel,pos,0.0544,0
9,2025-05-27 15:39:28,6.41,restaurant,pos,0.0451,0
9,2025-05-27 15:43:00,10.1,electronics,online,0.0541,0
9,2025-05-27 17:29:26,21.09,travel,pos,0.0285,0
9,2025-05-28 05:19:24,23.87,jewelry,mobile,0.0174,0
9,2025-05-28 08:05:02,5.98,entertainment,online,0.0474,0
9,2025-05-28 11:11:42,12.73,travel,online,0.0571,0
9,2025-05-28 15:09:58,6.99,restaurant,mobile,0.011,0
9,2025-05-28 15:50:01,29.78,travel,pos,0.0898,0
9,2025-05-28 23:46:14,52.8,restaurant,pos,0.0463,0
9,2025-05-29 07:58:22,10.67,utilities,pos,0.0226,0
9,2025-05-29 09:35:24,7.35,travel,online,0.0341,0
9,2025-05-29 12:16:05,10.84,restaurant,pos,0.0558,0
9,2025-05-29 18:42:09,21.18,restaurant,online,0.0273,0
9,2025-05-30 15:45:27,20.03,entertainment,atm,0.0016,0
9,2025-05-31 10:30:13,9.12,travel,online,0.0729,0
9,2025-05-31 11:11:51,17.01,entertainment,pos,0.0254,0
9,2025-06-01 12:29:40,16.68,travel,pos,0.0706,0
9,2025-06-02 07:42:19,15.93,restaurant,mobile,0.0442,0
9,2025-06-02 13:57:41,5.03,travel,mobile,0.0583,0
9,2025-06-03 08:18:52,22.39,travel,online,0.0675,0
9,2025-06-03 09:02:14,8.41,travel,online,0.0683,0
9,2025-06-03 13:21:51,13.04,restaurant,mobile,0.0172,0
9,2025-06-03 13:34:48,13.07,entertainment,atm,0.0541,0
9,2025-06-03 15:32:11,16.97,travel,pos,0.0478,0
9,2025-06-03 16:55:28,18.66,entertainment,online,0.0445,0
9,2025-06-04 05:27:37,10.74,entertainment,pos,0.0342,0
9,2025-06-05 04:30:57,60.5,travel,pos,0.0169,0
9,2025-06-05 06:21:37,16.82,entertainment,pos,0.095,0
9,2025-06-05 11:42:17,61.75,grocery,online,0.0284,0
9,2025-06-05 19:24:49,18.72,entertainment,online,0.0394,0
9,2025-06-05 21:52:49,11.71,travel,online,0.0093,0
9,2025-06-06 07:09:40,13.45,travel,online,0.0509,0
9,2025-06-06 08:14:54,13.25,restaurant,pos,0.1103,0
9,2025-06-06 08:54:40,20.92,entertainment,mobile,0.0855,0
9,2025-06-06 14:46:12,10.81,restaurant,pos,0.0652,0
9,2025-06-06 16:33:02,6.85,entertainment,pos,0.0212,0
9,2025-06-06 17:52:09,8.24,restaurant,mobile,0.0249,0
9,2025-06-06 19:45:10,3.74,entertainment,online,0.0198,0
9,2025-06-07 11:25:15,6.06,grocery,online,0.0874,0
9,2025-06-07 16:10:04,7.09,entertainment,pos,0.0229,0
9,2025-06-07 17:13:50,21.66,travel,online,0.0268,0
9,2025-06-07 17:58:24,21.11,travel,online,0.024,0
9,2025-06-08 08:13:53,50.35,restaurant,mobile,0.0384,0
9,2025-06-08 12:06:30,8.44,travel,mobile,0.0994,0
9,2025-06-08 14:10:58,24.01,restaurant,pos,0.0169,0
9,2025-06-08 14:46:15,12.78,entertainment,online,0.0236,0
9,2025-06-08 16:35:04,14.93,entertainment,mobile,0.0534,0
9,2025-06-08 16:36:30,14.25,entertainment,mobile,0.0482,0
9,2025-06-09 13:32:45,6.33,entertainment,online,0.0518,0
9,2025-06-09 14:55:47,11.78,restaurant,mobile,0.0995,0
9,2025-06-09 20:23:17,41.18,travel,pos,0.029,0
9,2025-06-10 13:01:54,11.09,entertainment,online,0.034,0
9,2025-06-10 13:17:56,17.09,restaurant,pos,0.0243,0
9,2025-06-10 14:29:07,3.61,travel,online,0.0557,0
9,2025-06-10 18:38:02,30.91,travel,atm,0.0892,0
9,2025-06-12 16:03:38,8.52,travel,online,0.0745,0
9,2025-06-13 11:33:00,7.31,cash_advance,mobile,0.0244,0
9,2025-06-13 11:56:56,14.6,entertainment,pos,0.0216,0
9,2025-06-13 13:46:53,33.12,travel,pos,0.0672,0
9,2025-06-13 17:30:19,23.0,entertainment,online,0.0259,0
9,2025-06-14 13:57:02,38.67,restaurant,pos,0.1119,0
9,2025-06-14 14:52:52,30.08,entertainment,online,0.0595,0
9,2025-06-14 15:22:33,6.73,restaurant,online,0.1105,0
9,2025-06-14 19:26:48,41.39,fuel,pos,0.0182,0
9,2025-06-15 02:30:47,23.68,travel,pos,0.0832,0
9,2025-06-15 09:04:29,23.86,travel,pos,0.011,0
9,2025-06-15 10:53:44,18.74,restaurant,mobile,0.0094,0
9,2025-06-15 11:29:24,9.79,entertainment,mobile,0.0488,0
9,2025-06-15 13:29:48,3.39,travel,pos,0.0956,0
9,2025-06-15 19:05:03,20.23,entertainment,online,0.0196,0
9,2025-06-15 20:42:01,50.48,entertainment,pos,0.0271,0
9,2025-06-16 06:10:02,8.12,restaurant,pos,0.0059,0
9,2025-06-16 13:00:32,6.7,electronics,online,0.0231,0
9,2025-06-16 18:44:14,25.45,travel,mobile,0.017,0
9,2025-06-16 20:16:18,6.54,entertainment,online,0.0412,0
9,2025-06-17 02:24:18,5.06,travel,pos,0.0145,0
9,2025-06-17 13:57:07,40.02,entertainment,pos,0.033,0
9,2025-06-17 16:22:02,5.56,online_retail,pos,0.0275,0
9,2025-06-17 17:15:32,34.74,grocery,pos,0.0774,0
9,2025-06-18 09:32:11,13.27,entertainment,mobile,0.0963,0
9,2025-06-18 15:10:12,11.42,restaurant,online,0.0924,0
9,2025-06-18 17:54:04,10.3,entertainment,mobile,0.0543,0
9,2025-06-19 07:29:35,16.14,entertainment,online,0.0706,0
9,2025-06-19 10:14:34,20.19,entertainment,atm,0.0156,0
9,2025-06-19 10:41:09,13.99,travel,online,0.0023,0
9,2025-06-19 13:56:39,8.23,entertainment,pos,0.0037,0
9,2025-06-19 17:12:11,29.14,restaurant,pos,0.0408,0
9,2025-06-19 17:15:11,13.85,grocery,pos,0.0619,0
9,2025-06-19 21:03:42,17.79,entertainment,online,0.0516,0
9,2025-06-19 23:14:14,15.08,entertainment,online,0.0562,0
9,2025-06-20 06:58:57,12.79,entertainment,online,0.0265,0
9,2025-06-20 13:17:07,11.78,online_retail,online,0.0504,0
9,2025-06-21 09:13:23,10.44,travel,online,0.0436,0
9,2025-06-21 09:40:25,30.09,entertainment,online,0.069,0
9,2025-06-21 11:55:09,12.67,cash_advance,pos,0.0277,0
9,2025-06-21 16:22:34,25.59,restaurant,pos,0.0415,0
9,2025-06-21 23:18:32,12.9,travel,mobile,0.0061,0
9,2025-06-22 09:56:50,15.95,travel,online,0.0084,0
9,2025-06-22 11:41:23,20.47,travel,mobile,0.0033,0
9,2025-06-22 13:56:35,7.09,travel,mobile,0.0339,0
9,2025-06-22 18:00:11,16.64,entertainment,mobile,0.0007,0
9,2025-06-23 16:00:20,6.45,entertainment,pos,0.0362,0
9,2025-06-23 23:27:09,8.52,fuel,online,0.039,0
9,2025-06-24 10:42:20,10.87,entertainment,online,0.086,0
9,2025-06-25 08:26:45,11.83,restaurant,mobile,0.0392,0
9,2025-06-25 08:34:25,23.35,entertainment,mobile,0.0395,0
9,2025-06-25 12:46:36,14.18,travel,mobile,0.002,0
9,2025-06-25 13:52:58,10.85,entertainment,online,0.0343,0
9,2025-06-25 15:52:56,20.88,travel,online,0.0245,0
9,2025-06-25 17:07:12,23.25,restaurant,online,0.0173,0
9,2025-06-25 23:44:51,11.78,entertainment,mobile,0.0272,0
9,2025-06-26 19:51:46,9.46,restaurant,online,0.0465,0
9,2025-06-27 06:51:05,38.63,restaurant,mobile,0.0556,0
9,2025-06-27 08:14:30,21.35,entertainment,atm,0.0561,0
9,2025-06-27 08:50:06,46.74,restaurant,mobile,0.0013,0
9,2025-06-27 11:27:59,55.7,entertainment,online,0.0075,0
9,2025-06-27 11:42:49,50.03,fuel,online,0.0593,0
9,2025-06-27 19:30:54,13.63,restaurant,pos,0.0135,0
9,2025-06-28 09:50:48,16.58,entertainment,online,0.0199,0
9,2025-06-28 15:16:09,7.74,restaurant,pos,0.0107,0
9,2025-06-28 22:45:13,71.29,restaurant,atm,0.0464,0
9,2025-06-29 06:46:05,11.73,travel,pos,0.0056,0
9,2025-06-29 19:20:46,40.96,travel,pos,0.0425,0
10,2025-01-01 12:13:02,57.45,entertainment,pos,0.0721,0
10,2025-01-01 17:05:14,4.27,entertainment,atm,0.0636,0
10,2025-01-01 23:38:51,14.71,cash_advance,online,0.0773,0
10,2025-01-01 23:57:55,36.71,cash_advance,mobile,0.0504,0
10,2025-01-02 14:24:02,63.89,cash_advance,pos,0.0267,0
10,2025-01-02 20:17:04,131.54,travel,pos,0.0095,0
10,2025-01-02 20:31:41,51.68,jewelry,pos,0.0916,0
10,2025-01-02 22:22:24,24.0,entertainment,online,0.0246,0
10,2025-01-03 07:17:19,24.33,restaurant,pos,0.0312,0
10,2025-01-03 10:11:38,61.04,restaurant,atm,0.0171,0
10,2025-01-03 11:39:21,38.08,entertainment,online,0.086,0
10,2025-01-03 13:19:18,53.1,restaurant,mobile,0.0357,0
10,2025-01-03 16:06:54,12.51,restaurant,online,0.0878,0
10,2025-01-03 16:39:27,55.09,restaurant,online,0.0006,0
10,2025-01-04 04:59:16,40.67,grocery,online,0.0428,0
10,2025-01-04 08:06:03,77.44,cash_advance,pos,0.0803,0
10,2025-01-04 09:00:33,19.94,cash_advance,online,0.0486,0
10,2025-01-04 11:03:28,20.11,travel,online,0.002,0
10,2025-01-04 14:35:38,34.57,restaurant,online,0.1749,0
10,2025-01-04 21:31:20,19.06,restaurant,mobile,0.0539,0
10,2025-01-05 14:25:53,77.66,entertainment,atm,0.0074,0
10,2025-01-06 11:41:09,140.09,electronics,pos,0.0236,0
10,2025-01-06 14:43:35,43.33,entertainment,mobile,0.0514,0
10,2025-01-06 21:16:10,31.44,utilities,mobile,0.0043,0
10,2025-01-06 23:13:58,60.78,cash_advance,mobile,0.0434,0
10,2025-01-07 13:03:32,38.78,jewelry,mobile,0.0065,0
10,2025-01-07 14:56:55,43.35,jewelry,online,0.0168,0
10,2025-01-07 17:51:51,13.39,cash_advance,pos,0.0082,0
10,2025-01-07 22:29:10,68.81,restaurant,mobile,0.0189,0
10,2025-01-08 12:29:22,80.63,restaurant,online,0.1378,0
10,2025-01-09 12:34:19,30.9,cash_advance,mobile,0.0855,0
10,2025-01-09 12:58:38,69.96,entertainment,online,0.0441,0
10,2025-01-10 12:56:52,65.73,jewelry,pos,0.004,0
10,2025-01-10 14:02:33,68.43,entertainment,online,0.0744,0
10,2025-01-10 15:16:30,41.06,entertainment,mobile,0.0166,0
10,2025-01-10 18:39:47,12.09,jewelry,online,0.0347,0
10,2025-01-11 07:29:14,15.6,entertainment,online,0.0718,0
10,2025-01-12 07:48:19,32.86,entertainment,pos,0.1136,0
10,2025-01-12 07:54:08,38.13,restaurant,pos,0.0141,0
10,2025-01-12 09:58:27,57.56,restaurant,pos,0.0795,0
10,2025-01-12 15:59:09,39.61,cash_advance,mobile,0.0274,0
10,2025-01-12 23:30:26,25.65,entertainment,pos,0.0655,0
10,2025-01-13 11:17:17,57.98,restaurant,online,0.0189,0
10,2025-01-13 13:43:15,87.56,entertainment,pos,0.0372,0
10,2025-01-13 15:36:08,32.2,online_retail,pos,0.0011,0
10,2025-01-13 18:34:44,26.36,restaurant,pos,0.1037,0
10,2025-01-13 18:58:01,29.41,restaurant,mobile,0.0219,0
10,2025-01-14 05:54:57,20.6,entertainment,mobile,0.0179,0
10,2025-01-14 08:15:27,55.97,cash_advance,online,0.0285,0
10,2025-01-14 19:20:33,22.5,entertainment,pos,0.0297,0
10,2025-01-14 23:55:21,13.9,restaurant,online,0.0051,0
10,2025-01-15 12:21:18,45.79,entertainment,pos,0.0048,0
10,2025-01-15 15:18:46,68.33,entertainment,online,0.0019,0
10,2025-01-16 10:56:41,58.11,jewelry,online,0.0176,0
10,2025-01-16 23:54:35,46.86,entertainment,pos,0.0479,0
10,2025-01-17 10:03:15,61.45,cash_advance,online,0.0585,0
10,2025-01-17 13:26:35,156.41,entertainment,mobile,0.0439,0
10,2025-01-17 14:01:34,78.94,restaurant,mobile,0.0218,0
10,2025-01-17 17:14:37,39.46,restaurant,mobile,0.0623,0
10,2025-01-17 21:04:08,29.43,fuel,mobile,0.0689,0
10,2025-01-18 12:46:09,25.19,entertainment,online,0.0082,0
10,2025-01-19 06:12:23,39.36,entertainment,online,0.0403,0
10,2025-01-19 06:24:04,51.13,restaurant,online,0.101,0
10,2025-01-19 07:26:16,94.89,restaurant,mobile,0.055,0
10,2025-01-20 11:19:01,52.71,cash_advance,online,0.0756,0
10,2025-01-20 15:35:45,69.45,entertainment,pos,0.0062,0
10,2025-01-20 20:04:41,66.63,entertainment,online,0.0643,0
10,2025-01-21 10:45:19,3.23,entertainment,pos,0.0478,0
10,2025-01-23 12:48:47,98.31,restaurant,pos,0.0645,0
10,2025-01-23 13:40:02,54.95,restaurant,pos,0.0415,0
10,2025-01-24 06:14:04,203.22,cash_advance,online,0.1058,0
10,2025-01-24 08:32:41,47.72,entertainment,pos,0.0299,0
10,2025-01-24 09:56:55,6.8,cash_advance,online,0.0715,0
10,2025-01-24 16:01:08,49.28,entertainment,pos,0.0512,0
10,2025-01-25 07:53:37,14.33,restaurant,online,0.0582,0
10,2025-01-25 19:34:21,27.78,restaurant,online,0.0436,0
10,2025-01-25 20:02:10,18.66,restaurant,pos,0.1331,0
10,2025-01-25 23:10:48,226.95,restaurant,online,0.1185,0
10,2025-01-26 12:31:56,36.54,entertainment,atm,0.0477,0
10,2025-01-26 23:53:06,28.94,jewelry,online,0.0004,0
10,2025-01-27 07:04:20,26.9,restaurant,online,0.053,0
10,2025-01-27 13:12:49,43.17,entertainment,mobile,0.0356,0
10,2025-01-27 15:04:52,44.95,cash_advance,online,0.0324,0
10,2025-01-27 18:54:08,16.45,online_retail,mobile,0.0022,0
10,2025-01-29 13:29:01,48.19,restaurant,online,0.0392,0
10,2025-01-29 13:36:45,15.92,restaurant,online,0.0036,0
10,2025-01-29 14:46:51,80.71,restaurant,online,0.0148,0
10,2025-01-29 16:25:02,33.58,cash_advance,online,0.0044,0
10,2025-01-29 16:38:13,107.43,online_retail,pos,0.0744,0
10,2025-01-29 22:44:13,50.47,cash_advance,atm,0.0478,0
10,2025-01-30 06:28:03,32.04,restaurant,mobile,0.0452,0
10,2025-01-30 11:21:15,113.37,cash_advance,online,0.0144,0
10,2025-01-30 17:35:31,28.85,electronics,online,0.0563,0
10,2025-01-31 09:37:56,19.67,restaurant,online,0.0724,0
10,2025-01-31 16:40:33,27.47,cash_advance,atm,0.0203,0
10,2025-02-01 07:06:11,56.98,cash_advance,online,0.0498,0
10,2025-02-01 12:16:31,74.82,cash_advance,atm,0.0435,0
10,2025-02-01 18:03:59,28.7,entertainment,pos,0.0419,0
10,2025-02-01 21:09:59,21.15,entertainment,online,0.0097,0
10,2025-02-02 10:34:45,21.24,restaurant,pos,0.063,0
10,2025-02-02 13:29:41,67.55,cash_advance,mobile,0.0383,0
10,2025-02-02 14:52:16,86.84,cash_advance,online,0.0766,0
10,2025-02-02 15:15:07,67.95,cash_advance,online,0.0143,0
10,2025-02-03 18:05:34,10.6,fuel,mobile,0.0183,0
10,2025-02-03 21:54:51,16.34,cash_advance,mobile,0.0152,0
10,2025-02-03 23:44:40,137.24,fuel,mobile,0.0042,0
10,2025-02-04 11:45:51,53.68,entertainment,online,0.0273,0
10,2025-02-04 12:55:17,9.43,cash_advance,pos,0.015,0
10,2025-02-04 15:12:00,30.45,cash_advance,online,0.002,0
10,2025-02-05 06:29:15,42.21,grocery,mobile,0.0972,0
10,2025-02-05 09:16:44,15.52,restaurant,mobile,0.0685,0
10,2025-02-05 10:04:01,71.45,restaurant,pos,0.0286,0
10,2025-02-05 10:55:44,118.28,entertainment,pos,0.0201,0
10,2025-02-05 15:53:02,22.87,cash_advance,mobile,0.0703,0
10,2025-02-05 17:33:01,39.19,restaurant,pos,0.0308,0
10,2025-02-05 23:20:22,30.84,cash_advance,online,0.038,0
10,2025-02-06 10:12:50,17.98,cash_advance,online,0.0584,0
10,2025-02-06 15:53:19,23.48,cash_advance,online,0.0227,0
10,2025-02-07 05:38:15,23.65,travel,pos,0.0243,0
10,2025-02-07 12:52:13,37.5,restaurant,mobile,0.0341,0
10,2025-02-07 13:27:32,22.43,utilities,pos,0.02,0
10,2025-02-07 17:19:10,30.24,restaurant,pos,0.0589,0
10,2025-02-08 07:14:40,47.19,cash_advance,atm,0.0358,0
10,2025-02-08 09:36:46,58.07,cash_advance,pos,0.0402,0
10,2025-02-09 08:35:43,45.14,restaurant,mobile,0.0384,0
10,2025-02-09 10:26:25,145.37,restaurant,online,0.0669,0
10,2025-02-09 12:18:14,203.91,fuel,mobile,0.032,0
10,2025-02-10 12:43:38,27.51,cash_advance,online,0.0347,0
10,2025-02-10 15:04:05,35.75,entertainment,online,0.056,0
10,2025-02-11 09:19:29,24.88,restaurant,online,0.0759,0
10,2025-02-11 12:52:47,10.65,restaurant,pos,0.0828,0
10,2025-02-11 13:26:18,64.52,restaurant,online,0.0375,0
10,2025-02-11 13:37:13,130.58,electronics,pos,0.0053,0
10,2025-02-11 15:00:49,50.59,entertainment,online,0.0442,0
10,2025-02-13 10:04:57,40.29,restaurant,online,0.0553,0
10,2025-02-14 17:24:33,67.38,entertainment,online,0.0107,0
10,2025-02-14 20:03:20,22.9,restaurant,online,0.0717,0
10,2025-02-15 15:09:47,42.68,restaurant,pos,0.0038,0
10,2025-02-15 23:42:27,54.76,restaurant,mobile,0.0148,0
10,2025-02-17 16:06:12,28.91,restaurant,pos,0.0183,0
10,2025-02-18 08:30:37,52.94,restaurant,atm,0.0479,0
10,2025-02-18 13:55:22,27.33,fuel,pos,0.0507,0
10,2025-02-18 20:52:34,30.42,fuel,atm,0.0845,0
10,2025-02-18 22:19:29,20.49,cash_advance,online,0.0079,0
10,2025-02-19 16:17:54,56.95,restaurant,pos,0.0156,0
10,2025-02-19 19:07:19,24.01,entertainment,atm,0.0829,0
10,2025-02-19 19:57:16,68.71,cash_advance,online,0.027,0
10,2025-02-19 22:13:04,30.76,cash_advance,online,0.0089,0
10,2025-02-20 12:03:05,7.15,cash_advance,mobile,0.0129,0
10,2025-02-20 12:35:45,73.12,fuel,online,0.0074,0
10,2025-02-21 12:01:40,19.61,entertainment,pos,0.0293,0
10,2025-02-22 12:43:45,30.48,restaurant,atm,0.023,0
10,2025-02-22 16:08:05,47.44,utilities,online,0.057,0
10,2025-02-22 17:17:58,18.2,restaurant,online,0.0902,0
10,2025-02-23 07:12:44,23.19,jewelry,pos,0.0545,0
10,2025-02-23 13:50:01,13.97,online_retail,atm,0.0099,0
10,2025-02-23 14:15:59,68.26,restaurant,mobile,0.0595,0
10,2025-02-23 15:26:29,67.83,restaurant,mobile,0.0449,0
10,2025-02-23 18:03:40,93.19,restaurant,mobile,0.055,0
10,2025-02-23 21:52:45,56.7,entertainment,pos,0.0468,0
10,2025-02-24 13:15:11,15.55,restaurant,pos,0.0246,0
10,2025-02-24 15:24:53,45.18,utilities,pos,0.0071,0
10,2025-02-24 16:18:30,58.39,restaurant,pos,0.0302,0
10,2025-02-25 17:43:50,37.35,entertainment,pos,0.0594,0
10,2025-02-26 11:26:19,25.22,travel,pos,0.006,0
10,2025-02-26 13:46:34,22.28,restaurant,pos,0.0475,0
10,2025-02-26 14:40:52,8.21,entertainment,online,0.0979,0
10,2025-02-27 09:50:23,93.34,restaurant,pos,0.0668,0
10,2025-02-27 09:53:58,25.23,cash_advance,atm,0.0488,0
10,2025-02-27 10:08:49,18.43,cash_advance,mobile,0.112,0
10,2025-02-27 12:20:37,114.19,cash_advance,pos,0.0392,0
10,2025-02-27 16:35:51,30.15,cash_advance,mobile,0.0933,0
10,2025-02-28 06:41:26,20.31,cash_advance,online,0.0814,0
10,2025-02-28 11:39:58,65.13,cash_advance,online,0.0531,0
10,2025-02-28 12:12:37,60.39,entertainment,online,0.0698,0
10,2025-02-28 21:15:54,27.05,travel,mobile,0.0621,0
10,2025-03-01 11:47:26,15.54,entertainment,online,0.0203,0
10,2025-03-01 14:13:43,33.04,entertainment,online,0.0043,0
10,2025-03-01 16:56:34,14.96,restaurant,mobile,0.0006,0
10,2025-03-02 08:29:47,19.78,restaurant,online,0.0073,0
10,2025-03-02 08:50:54,19.0,jewelry,mobile,0.0508,0
10,2025-03-02 13:19:39,23.64,utilities,online,0.0432,0
10,2025-03-02 16:18:00,18.1,cash_advance,mobile,0.0139,0
10,2025-03-03 01:52:33,28.59,restaurant,mobile,0.0184,0
10,2025-03-03 02:08:12,16.24,restaurant,mobile,0.0786,0
10,2025-03-03 09:19:26,32.26,entertainment,online,0.0206,0
10,2025-03-03 13:19:51,14.9,restaurant,pos,0.0156,0
10,2025-03-03 20:53:40,20.07,entertainment,mobile,0.0121,0
10,2025-03-04 02:54:37,61.91,cash_advance,mobile,0.0465,0
10,2025-03-04 15:29:00,3.24,electronics,online,0.0067,0
10,2025-03-04 16:39:56,32.74,entertainment,mobile,0.0111,0
10,2025-03-04 20:35:19,37.34,electronics,online,0.0319,0
10,2025-03-05 14:29:59,30.29,entertainment,pos,0.0337,0
10,2025-03-05 16:20:29,18.41,cash_advance,online,0.008,0
10,2025-03-05 17:00:21,161.68,entertainment,online,0.0129,0
10,2025-03-06 12:32:30,42.48,entertainment,pos,0.0481,0
10,2025-03-06 20:54:39,30.46,cash_advance,pos,0.0082,0
10,2025-03-07 09:37:40,38.0,fuel,pos,0.0037,0
10,2025-03-07 12:02:05,24.44,fuel,mobile,0.0245,0
10,2025-03-07 14:21:07,38.32,entertainment,online,0.0318,0
10,2025-03-07 15:02:21,46.13,fuel,pos,0.0021,0
10,2025-03-07 15:02:25,283.36,travel,atm,0.1156,0
10,2025-03-07 16:02:52,16.71,entertainment,mobile,0.0359,0
10,2025-03-07 19:33:27,19.13,restaurant,mobile,0.0779,0
10,2025-03-08 12:18:06,9.08,cash_advance,online,0.0498,0
10,2025-03-08 16:58:10,178.13,entertainment,mobile,0.0391,0
10,2025-03-08 23:54:16,21.09,fuel,mobile,0.0267,0
10,2025-03-09 08:25:42,16.34,cash_advance,online,0.0739,0
10,2025-03-09 11:17:41,20.94,cash_advance,pos,0.0072,0
10,2025-03-09 16:23:31,19.36,cash_advance,pos,0.0213,0
10,2025-03-10 10:11:45,35.65,entertainment,mobile,0.0934,0
10,2025-03-10 10:41:21,27.82,entertainment,mobile,0.0332,0
10,2025-03-10 11:17:45,55.06,entertainment,pos,0.0646,0
10,2025-03-10 15:53:47,32.4,restaurant,online,0.0755,0
10,2025-03-11 08:08:47,38.6,entertainment,online,0.0499,0
10,2025-03-11 08:49:08,115.13,entertainment,pos,0.0353,0
10,2025-03-11 12:07:53,26.7,restaurant,online,0.0183,0
10,2025-03-12 10:03:58,14.68,cash_advance,pos,0.0689,0
10,2025-03-12 12:36:12,54.04,cash_advance,pos,0.0142,0
10,2025-03-12 13:22:31,14.04,restaurant,mobile,0.0437,0
10,2025-03-12 15:00:51,23.3,utilities,pos,0.025,0
10,2025-03-12 22:58:25,22.35,restaurant,online,0.0298,0
10,2025-03-13 10:11:21,12.06,cash_advance,pos,0.0664,0
10,2025-03-13 14:52:47,53.24,entertainment,pos,0.0733,0
10,2025-03-13 15:33:53,76.49,entertainment,mobile,0.0219,0
10,2025-03-13 17:57:33,175.73,entertainment,online,0.056,0
10,2025-03-13 23:47:13,56.82,fuel,online,0.0018,0
10,2025-03-14 13:47:14,8.52,entertainment,online,0.0042,0
10,2025-03-14 15:59:30,24.7,entertainment,mobile,0.0273,0
10,2025-03-14 18:19:19,51.91,restaurant,online,0.1178,0
10,2025-03-15 14:49:37,18.98,restaurant,online,0.0049,0
10,2025-03-15 22:29:05,20.93,entertainment,atm,0.0315,0
10,2025-03-16 13:49:29,19.46,restaurant,pos,0.0352,0
10,2025-03-16 16:06:43,74.91,electronics,mobile,0.019,0
10,2025-03-16 18:41:06,28.14,entertainment,pos,0.0432,0
10,2025-03-16 18:50:47,32.91,entertainment,mobile,0.0422,0
10,2025-03-16 20:38:42,129.47,grocery,online,0.0234,0
10,2025-03-16 21:18:21,22.28,travel,mobile,0.0447,0
10,2025-03-17 05:00:52,18.67,restaurant,mobile,0.0643,0
10,2025-03-17 10:01:36,192.91,entertainment,online,0.0933,0
10,2025-03-17 11:08:12,21.53,restaurant,online,0.0673,0
10,2025-03-17 11:39:44,38.21,restaurant,mobile,0.0097,0
10,2025-03-17 12:07:33,26.35,cash_advance,pos,0.0288,0
10,2025-03-17 12:51:21,24.1,restaurant,mobile,0.0442,0
10,2025-03-17 13:01:19,20.59,cash_advance,online,0.0157,0
10,2025-03-19 05:33:48,103.89,cash_advance,online,0.0073,0
10,2025-03-19 12:21:34,47.42,entertainment,atm,0.0314,0
10,2025-03-19 13:32:14,153.23,restaurant,online,0.0167,0
10,2025-03-19 15:50:42,34.41,cash_advance,online,0.0326,0
10,2025-03-19 18:49:12,90.97,cash_advance,mobile,0.0275,0
10,2025-03-19 18:53:25,106.69,cash_advance,mobile,0.0308,0
10,2025-03-20 23:42:25,15.75,utilities,online,0.0876,0
10,2025-03-21 15:10:39,34.21,entertainment,pos,0.0392,0
10,2025-03-21 19:58:44,48.83,online_retail,pos,0.0314,0
10,2025-03-22 11:05:19,46.12,utilities,online,0.0044,0
10,2025-03-22 14:22:05,31.14,entertainment,online,0.0847,0
10,2025-03-22 15:34:15,18.14,cash_advance,online,0.0007,0
10,2025-03-22 16:29:11,34.24,entertainment,pos,0.0006,0
10,2025-03-22 18:11:02,119.79,restaurant,online,0.0594,0
10,2025-03-22 19:33:40,44.83,entertainment,online,0.0372,0
10,2025-03-22 22:03:45,36.65,online_retail,online,0.0092,0
10,2025-03-23 12:02:37,12.74,entertainment,pos,0.0397,0
10,2025-03-24 00:24:31,20.17,entertainment,online,0.0161,0
10,2025-03-24 03:25:25,61.95,restaurant,online,0.0005,0
10,2025-03-24 10:11:38,51.5,entertainment,pos,0.0347,0
10,2025-03-24 12:42:52,38.83,cash_advance,pos,0.0153,0
10,2025-03-25 10:28:41,33.1,restaurant,pos,0.0125,0
10,2025-03-25 11:02:54,36.72,restaurant,online,0.0456,0
10,2025-03-25 12:39:15,52.16,cash_advance,online,0.0249,0
10,2025-03-25 14:22:53,115.04,restaurant,online,0.0598,0
10,2025-03-25 14:52:06,22.27,restaurant,pos,0.0181,0
10,2025-03-25 15:48:25,34.52,cash_advance,mobile,0.0807,0
10,2025-03-26 07:51:15,60.17,entertainment,online,0.0487,0
10,2025-03-26 12:23:39,45.74,cash_advance,mobile,0.0416,0
10,2025-03-26 15:19:46,58.07,restaurant,online,0.0028,0
10,2025-03-26 20:11:01,181.17,entertainment,pos,0.0553,0
10,2025-03-27 05:41:54,18.18,restaurant,mobile,0.009,0
10,2025-03-27 13:27:37,169.07,jewelry,mobile,0.0375,0
10,2025-03-27 13:37:14,23.79,cash_advance,online,0.0808,0
10,2025-03-27 19:08:34,101.34,cash_advance,pos,0.0028,0
10,2025-03-27 21:47:39,46.9,cash_advance,mobile,0.0254,0
10,2025-03-27 23:41:47,62.81,cash_advance,online,0.0314,0
10,2025-03-28 05:57:54,62.98,cash_advance,mobile,0.0627,0
10,2025-03-28 10:39:52,61.52,entertainment,pos,0.0121,0
10,2025-03-28 19:24:23,32.19,entertainment,pos,0.0611,0
10,2025-03-29 08:33:58,7.39,restaurant,mobile,0.0246,0
10,2025-03-29 14:26:23,17.7,cash_advance,online,0.0242,0
10,2025-03-29 15:04:41,21.22,cash_advance,online,0.0574,0
10,2025-03-30 09:26:51,48.78,entertainment,pos,0.0057,0
10,2025-03-30 10:51:55,40.98,cash_advance,mobile,0.0649,0
10,2025-03-30 14:24:34,45.4,cash_advance,pos,0.065,0
10,2025-03-30 19:34:49,61.08,entertainment,mobile,0.0263,0
10,2025-03-31 09:39:14,47.16,entertainment,pos,0.0756,0
10,2025-03-31 11:35:30,12.94,entertainment,pos,0.0262,0
10,2025-03-31 15:24:10,114.0,electronics,pos,0.035,0
10,2025-03-31 17:51:08,79.49,cash_advance,pos,0.047,0
10,2025-03-31 19:16:54,38.1,entertainment,pos,0.0333,0
10,2025-04-01 04:39:02,23.6,entertainment,atm,0.0287,0
10,2025-04-01 09:59:48,47.04,entertainment,mobile,0.0056,0
10,2025-04-01 11:34:47,39.77,cash_advance,mobile,0.0535,0
10,2025-04-01 13:31:17,7.9,cash_advance,pos,0.0666,0
10,2025-04-01 15:33:55,32.39,travel,pos,0.0083,0
10,2025-04-01 20:35:48,12.96,online_retail,pos,0.0998,0
10,2025-04-02 13:44:06,39.23,cash_advance,online,0.0657,0
10,2025-04-02 21:19:55,24.9,cash_advance,pos,0.0581,0
10,2025-04-03 10:06:13,47.25,fuel,online,0.0933,0
10,2025-04-03 15:51:22,70.85,entertainment,mobile,0.015,0
10,2025-04-04 13:55:08,17.95,cash_advance,mobile,0.0445,0
10,2025-04-04 16:17:52,129.53,fuel,mobile,0.0473,0
10,2025-04-05 06:46:40,33.11,cash_advance,pos,0.0238,0
10,2025-04-05 12:39:47,13.05,grocery,mobile,0.0149,0
10,2025-04-05 23:16:32,49.29,restaurant,pos,0.0278,0
10,2025-04-06 09:31:43,17.35,online_retail,pos,0.1361,0
10,2025-04-06 14:44:16,104.94,cash_advance,online,0.0231,0
10,2025-04-06 16:18:54,15.99,cash_advance,pos,0.0286,0
10,2025-04-06 18:33:08,17.38,entertainment,mobile,0.0141,0
10,2025-04-07 14:58:44,82.38,cash_advance,online,0.01,0
10,2025-04-08 05:08:46,18.44,cash_advance,online,0.0096,0
10,2025-04-08 06:19:44,29.33,travel,online,0.0581,0
10,2025-04-08 06:48:00,27.73,restaurant,mobile,0.0326,0
10,2025-04-10 07:47:58,56.37,cash_advance,pos,0.0061,0
10,2025-04-10 11:07:04,23.51,entertainment,mobile,0.0404,0
10,2025-04-10 21:17:58,193.17,travel,pos,0.0151,0
10,2025-04-11 08:29:49,16.39,cash_advance,atm,0.1267,0
10,2025-04-11 11:00:27,36.49,cash_advance,pos,0.0239,0
10,2025-04-11 19:57:48,75.9,restaurant,mobile,0.0348,0
10,2025-04-11 20:10:50,26.44,restaurant,online,0.0231,0
10,2025-04-11 23:16:40,39.13,cash_advance,online,0.0842,0
10,2025-04-12 12:53:40,35.65,entertainment,pos,0.0588,0
10,2025-04-12 13:34:02,24.26,cash_advance,online,0.1256,0
10,2025-04-13 08:04:16,61.07,entertainment,pos,0.0375,0
10,2025-04-13 13:06:53,11.41,entertainment,online,0.0129,0
10,2025-04-13 13:40:58,223.22,restaurant,mobile,0.0538,0
10,2025-04-14 12:10:10,41.85,cash_advance,online,0.017,0
10,2025-04-14 13:45:58,32.9,entertainment,pos,0.0351,0
10,2025-04-14 14:39:41,65.81,restaurant,pos,0.0113,0
10,2025-04-15 08:26:43,32.77,electronics,pos,0.0815,0
10,2025-04-15 16:28:05,15.15,entertainment,pos,0.0051,0
10,2025-04-15 20:59:23,66.05,restaurant,mobile,0.0114,0
10,2025-04-16 04:35:00,41.85,cash_advance,pos,0.0105,0
10,2025-04-16 06:10:08,35.76,electronics,pos,0.0414,0
10,2025-04-16 14:13:49,96.91,restaurant,mobile,0.0463,0
10,2025-04-16 15:11:33,67.11,travel,online,0.0054,0
10,2025-04-16 21:29:22,21.18,cash_advance,online,0.0647,0
10,2025-04-17 16:34:05,12.01,restaurant,online,0.0189,0
10,2025-04-17 19:25:29,11.94,restaurant,mobile,0.0343,0
10,2025-04-18 09:01:22,24.79,entertainment,pos,0.0329,0
10,2025-04-18 15:11:14,85.81,entertainment,mobile,0.0161,0
10,2025-04-18 19:34:00,93.46,entertainment,mobile,0.0627,0
10,2025-04-19 09:54:40,32.48,entertainment,pos,0.009,0
10,2025-04-19 11:48:03,113.45,cash_advance,pos,0.0126,0
10,2025-04-19 12:54:30,19.0,travel,pos,0.036,0
10,2025-04-19 13:36:12,32.29,online_retail,pos,0.0147,0
10,2025-04-19 17:33:15,33.54,grocery,online,0.0098,0
10,2025-04-20 04:54:22,15.38,cash_advance,pos,0.0161,0
10,2025-04-20 06:00:15,25.99,cash_advance,online,0.0315,0
10,2025-04-20 07:23:39,13.96,cash_advance,pos,0.0173,0
10,2025-04-20 12:15:58,50.09,restaurant,mobile,0.0641,0
10,2025-04-20 16:41:40,106.13,entertainment,online,0.0293,0
10,2025-04-20 19:35:48,77.02,cash_advance,online,0.0523,0
10,2025-04-21 03:16:45,34.01,entertainment,pos,0.0154,0
10,2025-04-21 11:07:37,33.89,grocery,pos,0.093,0
10,2025-04-21 15:55:57,26.31,entertainment,mobile,0.0474,0
10,2025-04-21 16:44:18,31.56,restaurant,mobile,0.057,0
10,2025-04-21 19:22:42,28.75,entertainment,pos,0.0043,0
10,2025-04-21 23:32:22,33.39,cash_advance,mobile,0.0378,0
10,2025-04-22 13:00:15,46.79,entertainment,online,0.0054,0
10,2025-04-22 14:21:18,18.99,entertainment,pos,0.0082,0
10,2025-04-23 02:29:31,161.44,entertainment,pos,0.0184,0
10,2025-04-23 16:16:15,45.03,entertainment,pos,0.0425,0
10,2025-04-24 09:28:26,51.78,restaurant,pos,0.0437,0
10,2025-04-24 10:17:49,16.3,travel,online,0.0355,0
10,2025-04-24 10:44:27,81.51,restaurant,mobile,0.1272,0
10,2025-04-24 12:39:44,58.01,restaurant,online,0.0461,0
10,2025-04-24 12:45:47,41.18,restaurant,online,0.0203,0
10,2025-04-24 15:02:47,124.92,restaurant,mobile,0.0625,0
10,2025-04-24 18:43:35,46.02,restaurant,mobile,0.0161,0
10,2025-04-25 07:36:17,82.02,entertainment,mobile,0.0932,0
10,2025-04-25 12:46:34,77.86,entertainment,online,0.0002,0
10,2025-04-25 15:41:54,34.26,cash_advance,online,0.0997,0
10,2025-04-25 17:38:47,37.34,cash_advance,mobile,0.0006,0
10,2025-04-25 21:31:28,14.12,cash_advance,mobile,0.059,0
10,2025-04-26 03:53:11,146.74,restaurant,pos,0.0109,0
10,2025-04-26 05:41:41,14.23,electronics,mobile,0.0551,0
10,2025-04-27 08:54:34,41.92,cash_advance,online,0.0445,0
10,2025-04-27 15:57:52,24.96,entertainment,pos,0.0137,0
10,2025-04-28 08:41:33,68.72,entertainment,online,0.003,0
10,2025-04-28 18:30:21,70.7,grocery,online,0.0431,0
10,2025-04-28 21:31:15,66.21,cash_advance,pos,0.0242,0
10,2025-04-29 08:33:47,39.82,fuel,online,0.0267,0
10,2025-04-29 13:56:19,93.27,utilities,online,0.0802,0
10,2025-04-29 17:25:41,47.35,cash_advance,pos,0.0049,0
10,2025-04-29 18:51:08,40.22,entertainment,online,0.0784,0
10,2025-04-30 07:58:20,29.83,cash_advance,mobile,0.0071,0
10,2025-04-30 19:31:01,37.16,restaurant,online,0.0772,0
10,2025-05-01 06:24:27,11.41,restaurant,online,0.0047,0
10,2025-05-01 14:04:25,86.83,fuel,mobile,0.0556,0
10,2025-05-01 14:28:37,36.89,cash_advance,online,0.0352,0
10,2025-05-01 17:37:59,32.62,cash_advance,atm,0.054,0
10,2025-05-02 14:36:02,35.89,cash_advance,online,0.0789,0
10,2025-05-02 16:09:30,25.23,restaurant,mobile,0.0736,0
10,2025-05-03 11:03:40,10.65,travel,mobile,0.0278,0
10,2025-05-03 17:18:22,65.47,jewelry,pos,0.1222,0
10,2025-05-04 07:17:13,29.79,utilities,online,0.0871,0
10,2025-05-04 14:17:59,15.63,cash_advance,pos,0.0933,0
10,2025-05-04 14:40:03,15.87,restaurant,mobile,0.0473,0
10,2025-05-04 15:00:51,51.61,restaurant,pos,0.031,0
10,2025-05-04 15:07:21,29.88,grocery,atm,0.0213,0
10,2025-05-04 17:12:03,61.59,entertainment,pos,0.0262,0
10,2025-05-04 21:17:04,18.34,restaurant,pos,0.029,0
10,2025-05-05 15:06:20,52.6,cash_advance,pos,0.0756,0
10,2025-05-05 16:52:22,29.15,online_retail,pos,0.1167,0
10,2025-05-06 01:27:19,42.82,entertainment,online,0.0179,0
10,2025-05-06 09:40:41,43.14,electronics,pos,0.0031,0
10,2025-05-06 10:17:31,116.65,restaurant,pos,0.0592,0
10,2025-05-07 09:15:32,37.21,restaurant,mobile,0.0281,0
10,2025-05-07 12:56:51,37.89,entertainment,online,0.0019,0
10,2025-05-07 14:06:05,28.59,cash_advance,pos,0.0776,0
10,2025-05-07 15:34:08,18.18,entertainment,online,0.0002,0
10,2025-05-07 16:50:23,53.21,cash_advance,online,0.0563,0
10,2025-05-07 20:36:39,40.33,cash_advance,atm,0.0516,0
10,2025-05-07 20:42:24,25.21,entertainment,pos,0.0211,0
10,2025-05-08 11:39:01,21.58,cash_advance,pos,0.0846,0
10,2025-05-08 13:17:50,58.02,entertainment,atm,0.0322,0
10,2025-05-08 16:58:33,8.22,restaurant,mobile,0.028,0
10,2025-05-08 17:16:34,141.38,jewelry,online,0.0198,0
10,2025-05-09 10:31:46,67.3,travel,online,0.0297,0
10,2025-05-09 15:43:47,7.44,fuel,pos,0.0452,0
10,2025-05-10 06:11:31,20.05,travel,pos,0.0937,0
10,2025-05-10 08:22:11,19.72,entertainment,pos,0.0248,0
10,2025-05-10 08:52:32,45.53,cash_advance,mobile,0.0261,0
10,2025-05-10 12:50:52,16.29,grocery,mobile,0.0452,0
10,2025-05-10 14:22:18,177.13,restaurant,pos,0.0631,0
10,2025-05-10 17:56:36,22.2,restaurant,online,0.0249,0
10,2025-05-10 18:27:18,25.07,entertainment,online,0.0417,0
10,2025-05-11 07:38:57,29.99,entertainment,online,0.0647,0
10,2025-05-11 08:20:52,57.51,restaurant,online,0.0596,0
10,2025-05-11 14:00:43,27.99,restaurant,pos,0.0642,0
10,2025-05-11 14:47:48,210.69,restaurant,online,0.0166,0
10,2025-05-11 18:48:09,74.22,cash_advance,online,0.0733,0
10,2025-05-11 19:35:29,25.65,restaurant,pos,0.0272,0
10,2025-05-11 21:01:48,9.54,entertainment,mobile,0.0787,0
10,2025-05-11 22:35:48,71.41,entertainment,mobile,0.0544,0
10,2025-05-12 03:21:51,57.92,entertainment,pos,0.1033,0
10,2025-05-12 08:28:01,35.17,fuel,online,0.0141,0
10,2025-05-12 13:58:33,40.75,entertainment,mobile,0.0143,0
10,2025-05-12 14:43:21,27.97,cash_advance,mobile,0.0039,0
10,2025-05-12 16:15:25,38.58,restaurant,online,0.0333,0
10,2025-05-12 16:55:37,10.5,entertainment,pos,0.0593,0
10,2025-05-12 21:01:46,64.58,cash_advance,online,0.0603,0
10,2025-05-13 07:10:20,26.33,entertainment,pos,0.0131,0
10,2025-05-13 11:26:48,134.86,grocery,pos,0.0836,0
10,2025-05-13 12:16:32,34.0,travel,atm,0.0252,0
10,2025-05-13 12:41:44,117.31,grocery,pos,0.0642,0
10,2025-05-13 17:46:38,32.32,travel,mobile,0.0161,0
10,2025-05-14 08:17:42,27.28,cash_advance,mobile,0.012,0
10,2025-05-14 08:54:31,13.32,electronics,online,0.0184,0
10,2025-05-14 12:06:56,56.12,electronics,atm,0.0248,0
10,2025-05-14 22:48:52,54.72,restaurant,online,0.0194,0
10,2025-05-15 10:49:00,31.94,travel,pos,0.0434,0
10,2025-05-15 10:56:16,31.56,electronics,mobile,0.0675,0
10,2025-05-15 14:47:55,22.6,utilities,online,0.0844,0
10,2025-05-15 18:40:16,17.6,restaurant,pos,0.0664,0
10,2025-05-16 01:58:35,14.3,jewelry,mobile,0.0536,0
10,2025-05-16 10:18:03,31.45,cash_advance,mobile,0.0985,0
10,2025-05-16 15:34:53,45.6,restaurant,pos,0.0206,0
10,2025-05-16 22:00:19,17.93,restaurant,pos,0.0058,0
10,2025-05-17 04:32:25,52.12,restaurant,pos,0.0241,0
10,2025-05-17 15:24:26,52.12,online_retail,pos,0.0147,0
10,2025-05-17 16:19:23,17.0,entertainment,online,0.0217,0
10,2025-05-17 17:07:33,45.81,restaurant,mobile,0.0783,0
10,2025-05-17 17:23:16,33.57,cash_advance,pos,0.0103,0
10,2025-05-17 23:43:46,31.47,restaurant,online,0.021,0
10,2025-05-18 19:37:44,21.62,grocery,online,0.0285,0
10,2025-05-18 20:28:38,31.29,restaurant,mobile,0.0095,0
10,2025-05-19 05:16:55,18.01,grocery,mobile,0.0727,0
10,2025-05-19 11:08:37,26.36,cash_advance,online,0.0145,0
10,2025-05-19 12:57:06,19.85,restaurant,pos,0.1805,0
10,2025-05-19 23:51:43,78.15,restaurant,pos,0.0421,0
10,2025-05-20 07:22:27,22.33,entertainment,mobile,0.0688,0
10,2025-05-20 07:37:01,40.6,cash_advance,pos,0.0642,0
10,2025-05-20 14:34:09,38.79,restaurant,online,0.0661,0
10,2025-05-20 19:58:49,29.94,cash_advance,pos,0.0788,0
10,2025-05-21 08:41:33,9.21,cash_advance,online,0.0939,0
10,2025-05-21 09:45:25,86.09,cash_advance,pos,0.0711,0
10,2025-05-21 11:39:26,33.94,jewelry,mobile,0.0256,0
10,2025-05-21 12:41:53,23.25,entertainment,mobile,0.0168,0
10,2025-05-21 13:36:56,76.95,cash_advance,online,0.0072,0
10,2025-05-21 13:58:03,17.02,restaurant,mobile,0.0564,0
10,2025-05-22 07:25:54,39.44,cash_advance,pos,0.0614,0
10,2025-05-24 10:06:28,22.08,entertainment,pos,0.0073,0
10,2025-05-24 17:23:14,43.87,entertainment,online,0.0288,0
10,2025-05-25 06:34:38,36.89,entertainment,mobile,0.0425,0
10,2025-05-25 23:18:39,24.4,cash_advance,online,0.0094,0
10,2025-05-26 11:06:15,9.86,cash_advance,pos,0.0676,0
10,2025-05-26 11:58:40,14.04,restaurant,pos,0.0616,0
10,2025-05-26 12:03:20,73.57,cash_advance,online,0.0249,0
10,2025-05-26 14:05:15,12.99,entertainment,mobile,0.0023,0
10,2025-05-27 14:31:03,95.65,restaurant,atm,0.0368,0
10,2025-05-27 16:23:57,110.48,restaurant,online,0.009,0
10,2025-05-27 23:03:32,28.97,cash_advance,mobile,0.0911,0
10,2025-05-28 04:39:42,50.94,restaurant,online,0.0557,0
10,2025-05-28 09:58:35,31.46,cash_advance,atm,0.0756,0
10,2025-05-28 11:22:47,33.91,utilities,atm,0.0291,0
10,2025-05-29 07:04:35,23.46,entertainment,pos,0.0764,0
10,2025-05-29 22:09:32,30.3,entertainment,online,0.0314,0
10,2025-05-30 16:03:59,35.31,fuel,atm,0.0918,0
10,2025-05-30 19:33:06,13.57,cash_advance,pos,0.0204,0
10,2025-05-30 23:13:25,41.74,cash_advance,mobile,0.0059,0
10,2025-05-31 05:59:10,63.92,restaurant,online,0.0052,0
10,2025-05-31 12:25:48,54.75,cash_advance,atm,0.0336,0
10,2025-05-31 15:34:11,59.7,restaurant,mobile,0.0031,0
10,2025-06-01 06:40:56,80.98,cash_advance,online,0.0491,0
10,2025-06-01 08:10:58,87.37,entertainment,mobile,0.0128,0
10,2025-06-01 09:51:49,22.76,fuel,online,0.0446,0
10,2025-06-01 17:14:14,68.83,entertainment,mobile,0.0149,0
10,2025-06-02 05:41:14,30.0,restaurant,online,0.0835,0
10,2025-06-02 10:08:07,35.22,entertainment,pos,0.0672,0
10,2025-06-02 16:20:55,50.75,restaurant,mobile,0.0214,0
10,2025-06-03 16:22:02,32.38,cash_advance,pos,0.0168,0
10,2025-06-03 21:12:56,83.21,restaurant,pos,0.0404,0
10,2025-06-04 05:49:54,36.12,cash_advance,online,0.0423,0
10,2025-06-04 16:29:27,28.17,cash_advance,online,0.1046,0
10,2025-06-05 23:55:58,43.56,cash_advance,mobile,0.0639,0
10,2025-06-06 04:39:09,16.9,cash_advance,online,0.0924,0
10,2025-06-06 14:45:43,28.47,restaurant,pos,0.0611,0
10,2025-06-06 15:35:17,26.51,jewelry,online,0.0134,0
10,2025-06-06 16:02:53,88.6,entertainment,mobile,0.0026,0
10,2025-06-06 20:56:25,40.67,cash_advance,online,0.0136,0
10,2025-06-06 21:38:45,190.8,grocery,mobile,0.0682,1
10,2025-06-07 10:47:48,9.01,restaurant,online,0.0149,0
10,2025-06-07 13:05:14,29.17,restaurant,pos,0.0347,0
10,2025-06-08 19:34:14,29.25,restaurant,online,0.0565,0
10,2025-06-09 04:01:13,13.41,entertainment,online,0.0804,0
10,2025-06-09 15:56:25,45.26,cash_advance,pos,0.0246,0
10,2025-06-10 12:25:50,32.19,restaurant,atm,0.0837,0
10,2025-06-11 09:07:58,27.18,restaurant,atm,0.021,0
10,2025-06-11 12:55:41,51.72,entertainment,online,0.0352,0
10,2025-06-11 16:19:18,38.05,entertainment,online,0.0021,0
10,2025-06-11 18:52:46,37.2,travel,pos,0.0398,0
10,2025-06-12 10:50:06,81.72,online_retail,online,0.0351,0
10,2025-06-12 16:25:53,34.37,entertainment,online,0.0013,0
10,2025-06-13 02:15:22,30.69,restaurant,online,0.0408,0
10,2025-06-13 13:37:57,22.13,utilities,online,0.0792,0
10,2025-06-13 14:29:40,130.43,entertainment,online,0.0328,0
10,2025-06-13 16:07:25,95.86,entertainment,online,0.0906,0
10,2025-06-13 21:51:37,18.87,restaurant,mobile,0.0423,0
10,2025-06-14 09:44:30,17.77,cash_advance,mobile,0.0055,0
10,2025-06-14 13:09:50,23.67,entertainment,pos,0.0168,0
10,2025-06-14 16:26:28,60.06,entertainment,mobile,0.0173,0
10,2025-06-15 06:37:43,41.81,cash_advance,mobile,0.0381,0
10,2025-06-15 06:46:12,49.68,restaurant,pos,0.0529,0
10,2025-06-15 08:03:41,53.6,entertainment,pos,0.0237,0
10,2025-06-15 12:18:28,131.19,utilities,pos,0.0346,0
10,2025-06-16 11:40:30,14.15,grocery,mobile,0.0353,0
10,2025-06-16 14:38:39,21.81,cash_advance,pos,0.0654,0
10,2025-06-17 10:01:39,11.65,cash_advance,online,0.0376,0
10,2025-06-17 11:41:02,48.51,fuel,mobile,0.0577,0
10,2025-06-17 14:03:55,9.7,electronics,pos,0.0063,0
10,2025-06-17 18:31:35,39.89,restaurant,online,0.002,0
10,2025-06-17 19:50:04,10.58,cash_advance,pos,0.0444,0
10,2025-06-18 08:13:16,52.65,restaurant,pos,0.0696,0
10,2025-06-18 14:25:25,40.2,entertainment,mobile,0.0269,0
10,2025-06-18 14:36:29,61.67,cash_advance,mobile,0.0368,0
10,2025-06-18 16:32:23,126.51,restaurant,mobile,0.105,0
10,2025-06-18 16:40:11,76.34,entertainment,online,0.0899,0
10,2025-06-18 16:43:03,53.92,restaurant,online,0.0043,0
10,2025-06-19 16:18:22,58.53,entertainment,online,0.016,0
10,2025-06-20 08:33:24,95.61,cash_advance,pos,0.0647,0
10,2025-06-20 13:52:10,51.27,entertainment,pos,0.0565,0
10,2025-06-20 19:12:34,79.1,cash_advance,mobile,0.0906,0
10,2025-06-20 19:17:10,19.54,entertainment,pos,0.0162,0
10,2025-06-21 15:34:45,37.98,entertainment,online,0.0799,0
10,2025-06-21 20:35:46,17.01,entertainment,pos,0.0257,0
10,2025-06-22 15:28:05,16.82,cash_advance,pos,0.0203,0
10,2025-06-22 15:47:36,36.27,cash_advance,online,0.0308,0
10,2025-06-23 05:17:51,33.93,fuel,pos,0.0489,0
10,2025-06-23 07:33:47,36.4,entertainment,mobile,0.0251,0
10,2025-06-23 15:29:17,23.63,restaurant,online,0.1151,0
10,2025-06-23 18:33:51,51.75,entertainment,online,0.0388,0
10,2025-06-23 20:25:40,73.94,restaurant,pos,0.0297,0
10,2025-06-24 07:41:15,25.87,restaurant,pos,0.0183,0
10,2025-06-24 09:11:18,42.64,electronics,online,0.0408,0
10,2025-06-24 09:13:30,28.63,cash_advance,online,0.0515,0
10,2025-06-24 15:13:10,37.39,restaurant,atm,0.0036,0
10,2025-06-25 12:26:18,139.83,entertainment,pos,0.0053,0
10,2025-06-25 14:13:51,12.16,entertainment,online,0.0398,0
10,2025-06-25 15:17:40,142.81,cash_advance,mobile,0.0234,0
10,2025-06-26 10:29:03,7.54,restaurant,online,0.0674,0
10,2025-06-26 19:13:48,81.94,restaurant,pos,0.0142,0
10,2025-06-26 22:39:06,36.73,cash_advance,pos,0.0598,0
10,2025-06-27 13:12:53,113.0,entertainment,pos,0.0062,0
10,2025-06-27 16:04:10,42.48,cash_advance,pos,0.0884,0
10,2025-06-27 17:31:40,30.7,cash_advance,online,0.0066,0
10,2025-06-28 08:14:48,39.03,restaurant,online,0.0339,0
10,2025-06-28 10:49:17,39.5,restaurant,pos,0.0244,0
10,2025-06-28 13:26:30,24.8,cash_advance,mobile,0.0769,0
10,2025-06-28 21:06:12,64.51,entertainment,pos,0.0681,0
11,2025-01-01 12:35:43,75.49,grocery,atm,0.0438,0
11,2025-01-02 16:37:15,29.23,electronics,online,0.093,0
11,2025-01-03 00:33:37,37.26,jewelry,mobile,0.0038,0
11,2025-01-05 14:45:50,19.4,electronics,mobile,0.0239,0
11,2025-01-05 17:42:48,9.3,electronics,mobile,0.0071,0
11,2025-01-05 21:46:53,42.45,fuel,mobile,0.0526,0
11,2025-01-07 10:50:18,101.09,fuel,atm,0.1018,0
11,2025-01-07 18:45:25,44.2,jewelry,mobile,0.0004,0
11,2025-01-07 20:26:54,69.84,grocery,mobile,0.0056,0
11,2025-01-08 10:58:51,44.46,jewelry,pos,0.0399,0
11,2025-01-08 11:51:55,24.17,grocery,mobile,0.0085,0
11,2025-01-08 17:34:16,56.95,electronics,online,0.0699,0
11,2025-01-09 08:53:52,122.13,grocery,mobile,0.0791,0
11,2025-01-09 10:29:47,40.69,grocery,mobile,0.069,0
11,2025-01-10 10:06:58,60.08,jewelry,pos,0.0454,0
11,2025-01-11 08:05:58,23.23,cash_advance,pos,0.0205,0
11,2025-01-11 10:07:44,141.8,electronics,pos,0.0219,0
11,2025-01-11 20:03:30,14.67,electronics,pos,0.056,0
11,2025-01-13 15:36:37,58.7,electronics,mobile,0.0077,0
11,2025-01-13 15:56:01,49.2,jewelry,mobile,0.0392,0
11,2025-01-14 09:16:22,14.04,jewelry,mobile,0.0352,0
11,2025-01-15 09:45:54,43.98,restaurant,online,0.0021,0
11,2025-01-15 14:16:55,48.79,online_retail,pos,0.0468,0
11,2025-01-17 08:44:09,56.41,utilities,mobile,0.0138,0
11,2025-01-17 12:06:44,60.86,grocery,atm,0.0157,0
11,2025-01-17 21:27:39,50.84,grocery,atm,0.0145,0
11,2025-01-18 19:44:17,75.15,restaurant,pos,0.0532,0
11,2025-01-19 08:49:58,71.88,jewelry,pos,0.056,0
11,2025-01-19 09:17:55,54.8,grocery,online,0.0323,0
11,2025-01-19 09:27:10,61.08,grocery,pos,0.0602,0
11,2025-01-19 15:35:37,28.12,jewelry,online,0.0238,0
11,2025-01-20 07:36:22,56.45,online_retail,mobile,0.0368,0
11,2025-01-20 08:12:33,96.69,grocery,pos,0.0571,0
11,2025-01-20 10:49:18,152.92,electronics,pos,0.0121,0
11,2025-01-21 19:07:04,24.95,electronics,mobile,0.033,0
11,2025-01-23 23:19:12,28.16,jewelry,online,0.0396,0
11,2025-01-24 16:16:50,109.34,grocery,pos,0.0381,0
11,2025-01-24 22:07:25,32.78,electronics,pos,0.0443,0
11,2025-01-26 09:01:50,18.56,grocery,online,0.1021,0
11,2025-01-26 11:55:04,155.11,electronics,atm,0.0184,0
11,2025-01-27 07:39:38,48.54,grocery,mobile,0.11,0
11,2025-01-27 21:49:36,41.5,electronics,pos,0.071,0
11,2025-01-28 13:45:12,77.85,electronics,online,0.0709,0
11,2025-01-28 14:31:11,16.65,electronics,pos,0.0188,0
11,2025-01-30 19:21:58,85.22,electronics,online,0.0151,0
11,2025-01-31 22:20:04,15.87,grocery,mobile,0.0052,0
11,2025-02-03 10:31:19,37.04,electronics,mobile,0.0272,0
11,2025-02-04 13:53:45,31.92,jewelry,mobile,0.0208,0
11,2025-02-04 17:47:28,31.86,electronics,pos,0.0042,0
11,2025-02-04 20:26:43,27.6,jewelry,online,0.0052,0
11,2025-02-06 09:13:38,25.09,jewelry,online,0.0038,0
11,2025-02-06 10:53:38,23.53,grocery,pos,0.0273,0
11,2025-02-06 12:31:35,273.61,entertainment,online,0.055,0
11,2025-02-07 10:34:45,23.64,electronics,pos,0.1002,0
11,2025-02-08 15:04:00,15.14,utilities,online,0.056,0
11,2025-02-09 05:44:06,25.45,electronics,pos,0.0736,0
11,2025-02-09 11:33:08,42.29,electronics,mobile,0.0121,0
11,2025-02-11 04:44:28,121.36,jewelry,pos,0.087,0
11,2025-02-11 18:28:03,98.42,electronics,mobile,0.0522,0
11,2025-02-14 18:45:59,17.8,grocery,mobile,0.0693,0
11,2025-02-16 17:54:14,38.67,entertainment,pos,0.0736,0
11,2025-02-16 18:12:19,44.84,grocery,mobile,0.0051,0
11,2025-02-17 08:43:03,17.41,online_retail,online,0.009,0
11,2025-02-18 02:46:32,17.53,jewelry,pos,0.0246,0
11,2025-02-18 15:23:44,137.38,utilities,online,0.0126,0
11,2025-02-18 19:47:04,16.3,online_retail,online,0.0048,0
11,2025-02-20 07:07:50,72.6,grocery,online,0.0047,0
11,2025-02-20 18:56:47,85.83,grocery,pos,0.0602,0
11,2025-02-21 10:51:14,206.34,electronics,mobile,0.0414,0
11,2025-02-21 12:23:35,37.01,grocery,atm,0.0239,0
11,2025-02-22 08:20:02,39.64,electronics,online,0.0289,0
11,2025-02-23 04:36:25,39.73,grocery,online,0.0201,0
11,2025-02-23 11:34:35,368.32,jewelry,online,0.0431,0
11,2025-02-24 17:15:14,39.03,electronics,atm,0.0394,0
11,2025-02-25 23:16:55,67.84,grocery,mobile,0.0784,0
11,2025-02-26 14:52:10,40.04,electronics,pos,0.0718,0
11,2025-02-26 15:40:14,64.43,fuel,pos,0.0186,0
11,2025-02-26 20:34:00,31.84,electronics,online,0.0557,0
11,2025-02-27 15:00:30,50.7,online_retail,mobile,0.0456,0
11,2025-02-28 16:31:07,83.02,grocery,online,0.0439,0
11,2025-02-28 16:38:20,24.75,jewelry,pos,0.0937,0
11,2025-03-01 03:50:19,30.43,jewelry,pos,0.0086,0
11,2025-03-01 12:25:05,28.76,grocery,pos,0.0462,0
11,2025-03-01 14:48:29,68.85,electronics,pos,0.0749,0
11,2025-03-02 05:12:33,34.94,jewelry,mobile,0.0094,0
11,2025-03-02 12:49:31,16.93,grocery,online,0.0025,0
11,2025-03-03 15:27:57,94.28,grocery,mobile,0.045,0
11,2025-03-04 12:22:33,165.05,restaurant,online,0.0486,0
11,2025-03-06 07:07:27,41.97,restaurant,mobile,0.0528,0
11,2025-03-06 07:33:42,30.57,jewelry,online,0.011,0
11,2025-03-06 18:44:27,31.01,electronics,mobile,0.0852,0
11,2025-03-08 05:24:06,21.85,grocery,mobile,0.0319,0
11,2025-03-08 11:29:27,45.95,jewelry,mobile,0.0672,0
11,2025-03-08 11:53:52,135.67,grocery,pos,0.0011,0
11,2025-03-10 08:38:07,96.6,grocery,mobile,0.009,0
11,2025-03-10 18:03:30,20.09,electronics,mobile,0.0584,0
11,2025-03-10 20:12:05,100.99,electronics,mobile,0.0013,0
11,2025-03-11 16:37:03,88.46,grocery,pos,0.0271,0
11,2025-03-12 13:08:59,12.85,electronics,pos,0.0618,0
11,2025-03-12 13:42:07,16.55,grocery,online,0.0508,0
11,2025-03-12 17:36:04,66.72,electronics,mobile,0.0078,0
11,2025-03-15 16:17:36,115.43,grocery,online,0.0681,0
11,2025-03-15 18:48:24,48.94,electronics,mobile,0.0026,0
11,2025-03-15 20:45:31,107.6,electronics,mobile,0.0693,0
11,2025-03-17 17:21:31,123.2,grocery,pos,0.1193,0
11,2025-03-18 23:02:18,20.36,electronics,online,0.0542,0
11,2025-03-19 19:26:02,70.82,jewelry,mobile,0.098,0
11,2025-03-21 16:52:54,81.79,electronics,online,0.0225,0
11,2025-03-22 21:15:43,27.94,electronics,atm,0.0467,0
11,2025-03-24 10:30:15,62.8,grocery,atm,0.0046,0
11,2025-03-24 13:58:20,17.82,electronics,pos,0.0124,0
11,2025-03-26 07:58:40,19.27,jewelry,pos,0.0104,0
11,2025-03-26 19:18:06,33.8,grocery,pos,0.021,0
11,2025-03-27 12:29:55,64.95,electronics,pos,0.0059,0
11,2025-03-27 19:12:51,24.96,jewelry,online,0.0536,0
11,2025-03-30 06:42:14,19.56,electronics,mobile,0.0037,0
11,2025-03-31 10:22:55,57.88,jewelry,mobile,0.0897,0
11,2025-03-31 10:50:58,16.12,grocery,pos,0.0295,0
11,2025-04-02 13:18:33,117.64,cash_advance,online,0.0337,0
11,2025-04-02 17:36:55,35.05,grocery,online,0.0128,0
11,2025-04-02 17:58:46,44.88,electronics,online,0.0259,0
11,2025-04-04 13:08:06,44.59,grocery,pos,0.0284,0
11,2025-04-04 17:57:54,24.55,restaurant,pos,0.1038,0
11,2025-04-04 19:29:45,138.03,grocery,pos,0.055,0
11,2025-04-04 19:36:01,37.6,jewelry,pos,0.0741,0
11,2025-04-05 05:43:17,17.15,electronics,online,0.0454,0
11,2025-04-05 22:37:24,15.69,utilities,pos,0.002,0
11,2025-04-06 23:02:22,9.07,jewelry,online,0.0151,0
11,2025-04-08 11:36:33,31.96,travel,online,0.0006,0
11,2025-04-08 16:51:24,10.29,electronics,pos,0.0632,0
11,2025-04-09 11:29:49,78.98,electronics,pos,0.0435,0
11,2025-04-09 13:25:59,24.66,grocery,online,0.0794,0
11,2025-04-09 13:31:02,36.31,utilities,pos,0.0119,0
11,2025-04-09 16:25:02,20.02,jewelry,mobile,0.0492,0
11,2025-04-10 12:20:26,155.69,jewelry,pos,0.0915,0
11,2025-04-10 15:52:39,37.3,grocery,pos,0.0496,0
11,2025-04-11 07:57:57,23.96,entertainment,pos,0.0223,0
11,2025-04-12 06:24:01,15.29,electronics,mobile,0.0595,0
11,2025-04-12 14:36:11,14.69,electronics,online,0.0377,0
11,2025-04-14 12:48:08,6.27,jewelry,online,0.0502,0
11,2025-04-14 15:48:26,43.08,jewelry,pos,0.0205,0
11,2025-04-14 17:23:19,102.42,grocery,online,0.0729,0
11,2025-04-15 13:05:43,58.81,jewelry,pos,0.0034,0
11,2025-04-15 21:52:51,38.37,electronics,pos,0.0215,0
11,2025-04-16 12:03:03,68.89,jewelry,online,0.0481,0
11,2025-04-16 20:33:11,97.71,electronics,mobile,0.0167,0
11,2025-04-17 13:37:10,23.37,online_retail,online,0.0662,0
11,2025-04-17 18:34:05,19.83,electronics,pos,0.0191,0
11,2025-04-18 21:21:53,51.5,jewelry,online,0.1286,0
11,2025-04-20 17:22:22,23.47,jewelry,mobile,0.0296,0
11,2025-04-21 12:08:26,486.59,electronics,online,0.0492,0
11,2025-04-21 14:43:03,88.53,online_retail,online,0.0901,0
11,2025-04-21 15:42:17,39.98,utilities,mobile,0.0638,0
11,2025-04-23 12:32:48,40.47,jewelry,online,0.0126,0
11,2025-04-24 08:29:08,35.37,travel,mobile,0.0011,0
11,2025-04-24 08:55:34,70.67,grocery,online,0.0148,0
11,2025-04-24 12:18:15,28.74,jewelry,pos,0.0596,0
11,2025-04-25 19:48:41,40.62,electronics,pos,0.0789,0
11,2025-04-26 11:12:41,108.88,grocery,mobile,0.0885,0
11,2025-04-28 07:26:32,43.56,electronics,pos,0.0468,0
11,2025-04-28 15:24:12,19.83,electronics,online,0.058,0
11,2025-04-28 20:22:16,23.53,grocery,online,0.0185,0
11,2025-04-29 05:15:06,290.15,cash_advance,pos,0.0797,0
11,2025-04-29 09:55:15,27.76,grocery,mobile,0.09,0
11,2025-04-29 14:29:00,546.66,jewelry,online,0.0348,0
11,2025-04-29 17:06:55,34.71,electronics,online,0.0295,0
11,2025-05-01 18:13:49,36.83,electronics,online,0.0372,0
11,2025-05-04 04:56:34,39.42,electronics,online,0.0392,0
11,2025-05-04 23:31:11,72.94,electronics,mobile,0.0367,0
11,2025-05-05 18:22:12,105.79,grocery,mobile,0.0041,0
11,2025-05-06 15:17:58,51.71,jewelry,mobile,0.0181,0
11,2025-05-07 06:29:28,72.96,jewelry,pos,0.0021,0
11,2025-05-07 13:39:52,65.11,jewelry,mobile,0.0222,0
11,2025-05-09 06:25:44,64.14,restaurant,online,0.0541,0
11,2025-05-10 09:25:25,129.3,grocery,mobile,0.0413,0
11,2025-05-10 10:19:32,204.29,cash_advance,online,0.0026,0
11,2025-05-10 19:46:38,124.48,electronics,pos,0.0446,0
11,2025-05-11 12:04:41,14.61,jewelry,online,0.0494,0
11,2025-05-11 17:05:13,101.6,jewelry,online,0.0153,0
11,2025-05-12 14:46:44,64.9,jewelry,pos,0.0225,0
11,2025-05-13 21:32:31,38.17,electronics,online,0.0035,0
11,2025-05-14 17:33:51,269.27,jewelry,pos,0.0299,0
11,2025-05-15 10:45:11,21.04,grocery,pos,0.0668,0
11,2025-05-15 12:33:15,39.94,jewelry,pos,0.0283,0
11,2025-05-17 08:37:09,53.12,jewelry,pos,0.0229,0
11,2025-05-18 13:07:51,19.82,entertainment,pos,0.0457,0
11,2025-05-19 02:59:27,111.69,travel,pos,0.0302,0
11,2025-05-19 14:09:16,67.03,electronics,online,0.0042,0
11,2025-05-19 18:20:36,10.38,electronics,online,0.0333,0
11,2025-05-20 17:02:11,67.6,grocery,online,0.0109,0
11,2025-05-21 15:48:55,44.69,jewelry,pos,0.0065,0
11,2025-05-22 10:20:00,38.52,cash_advance,online,0.0618,0
11,2025-05-23 18:56:21,49.42,restaurant,pos,0.0399,0
11,2025-05-23 20:17:04,61.8,travel,pos,0.0243,0
11,2025-05-24 14:07:06,44.23,grocery,mobile,0.0391,0
11,2025-05-26 16:19:13,25.74,jewelry,online,0.0261,0
11,2025-05-26 19:53:51,97.54,cash_advance,pos,0.0425,0
11,2025-05-26 22:44:12,49.2,electronics,mobile,0.0326,0
11,2025-05-27 09:16:16,41.89,electronics,mobile,0.0551,0
11,2025-05-27 14:30:43,83.86,grocery,pos,0.0172,0
11,2025-05-27 16:15:16,35.78,jewelry,pos,0.0059,0
11,2025-05-29 06:10:15,63.69,jewelry,pos,0.0104,0
11,2025-05-29 09:29:00,81.25,jewelry,online,0.0311,0
11,2025-05-30 17:26:54,31.0,jewelry,mobile,0.0956,0
11,2025-06-01 07:01:04,22.78,fuel,mobile,0.0161,0
11,2025-06-01 15:35:20,47.23,grocery,mobile,0.0347,0
11,2025-06-02 06:52:59,34.97,electronics,atm,0.0108,0
11,2025-06-03 09:12:39,26.17,utilities,online,0.0007,0
11,2025-06-03 14:21:44,26.8,restaurant,pos,0.0076,0
11,2025-06-04 14:49:59,10.38,grocery,pos,0.0564,0
11,2025-06-05 13:42:42,146.27,jewelry,pos,0.0056,0
11,2025-06-05 14:05:05,13.69,jewelry,online,0.0167,0
11,2025-06-05 14:21:51,45.25,electronics,online,0.0148,0
11,2025-06-06 07:12:06,34.74,jewelry,online,0.0476,0
11,2025-06-06 08:26:17,38.86,electronics,pos,0.0043,0
11,2025-06-06 13:05:49,221.8,jewelry,pos,0.0149,0
11,2025-06-06 15:11:44,20.58,electronics,pos,0.018,0
11,2025-06-07 13:37:00,84.28,grocery,online,0.0372,0
11,2025-06-09 03:53:18,43.41,electronics,online,0.0672,0
11,2025-06-09 14:12:54,120.35,grocery,online,0.05,0
11,2025-06-09 16:18:07,57.46,jewelry,pos,0.0837,0
11,2025-06-09 18:06:33,20.31,electronics,pos,0.0165,0
11,2025-06-09 22:45:04,41.65,online_retail,online,0.0261,0
11,2025-06-10 15:05:04,27.05,jewelry,online,0.0363,0
11,2025-06-11 19:31:38,49.5,electronics,online,0.0333,0
11,2025-06-12 06:51:35,15.11,grocery,mobile,0.0192,0
11,2025-06-12 09:37:23,52.24,grocery,online,0.0381,0
11,2025-06-12 13:57:29,83.41,grocery,online,0.0169,0
11,2025-06-13 09:42:03,50.1,online_retail,mobile,0.11,0
11,2025-06-13 20:55:53,15.27,jewelry,online,0.0354,0
11,2025-06-14 11:35:07,33.3,jewelry,pos,0.0307,0
11,2025-06-14 12:34:32,133.63,electronics,online,0.0111,0
11,2025-06-14 13:12:03,109.22,jewelry,online,0.0085,0
11,2025-06-16 23:32:00,118.34,electronics,online,0.0783,0
11,2025-06-17 23:32:20,26.84,grocery,pos,0.0263,0
11,2025-06-20 13:10:28,39.77,cash_advance,mobile,0.054,0
11,2025-06-21 22:43:36,62.44,fuel,pos,0.0068,0
11,2025-06-23 18:36:42,37.87,grocery,mobile,0.0136,0
11,2025-06-23 21:40:45,16.37,cash_advance,mobile,0.0304,0
11,2025-06-24 07:39:44,47.85,electronics,mobile,0.1015,0
11,2025-06-24 08:51:03,40.25,electronics,online,0.0111,0
11,2025-06-24 12:57:19,87.53,jewelry,online,0.0849,0
11,2025-06-24 13:34:48,120.88,grocery,pos,0.0505,0
11,2025-06-24 21:34:31,22.58,grocery,mobile,0.0341,0
11,2025-06-25 10:20:30,54.38,electronics,mobile,0.0735,0
11,2025-06-25 12:34:58,134.76,grocery,mobile,0.0214,0
11,2025-06-26 06:38:41,72.61,grocery,pos,0.0029,0
11,2025-06-26 16:27:50,41.81,grocery,pos,0.0063,0
11,2025-06-27 17:57:25,18.76,grocery,mobile,0.0251,0
11,2025-06-28 02:32:06,121.79,entertainment,pos,0.032,0
11,2025-06-29 16:13:33,23.05,jewelry,mobile,0.0135,0
12,2025-01-01 09:37:33,12.46,restaurant,mobile,0.073,0
12,2025-01-01 17:23:28,23.52,restaurant,pos,0.0515,0
12,2025-01-01 18:16:22,9.77,grocery,mobile,0.0471,0
12,2025-01-02 06:56:00,54.04,restaurant,atm,0.0003,0
12,2025-01-02 07:57:28,9.91,entertainment,mobile,0.0129,0
12,2025-01-02 09:27:42,12.71,restaurant,online,0.0066,0
12,2025-01-02 16:57:11,20.56,entertainment,mobile,0.0842,0
12,2025-01-03 03:19:24,14.89,online_retail,pos,0.0201,0
12,2025-01-03 08:57:21,41.18,grocery,pos,0.0264,0
12,2025-01-03 09:15:30,15.49,grocery,mobile,0.0437,0
12,2025-01-03 14:55:09,31.37,restaurant,online,0.0338,0
12,2025-01-04 12:13:33,14.82,entertainment,pos,0.0385,0
12,2025-01-05 10:17:30,15.92,restaurant,mobile,0.0058,0
12,2025-01-05 13:21:23,102.43,restaurant,pos,0.0424,0
12,2025-01-05 16:55:29,58.48,entertainment,pos,0.0013,0
12,2025-01-05 17:47:10,14.56,entertainment,online,0.0159,0
12,2025-01-06 10:49:53,21.88,restaurant,online,0.0071,0
12,2025-01-06 13:35:20,21.01,jewelry,online,0.1153,0
12,2025-01-07 08:49:11,51.83,grocery,online,0.0108,0
12,2025-01-07 12:46:07,36.5,restaurant,online,0.0484,0
12,2025-01-08 00:00:51,49.62,grocery,mobile,0.0316,0
12,2025-01-09 04:56:57,44.1,grocery,mobile,0.0883,0
12,2025-01-09 10:55:48,18.14,entertainment,mobile,0.0095,0
12,2025-01-09 12:25:05,54.61,grocery,online,0.0385,0
12,2025-01-09 23:12:32,54.71,cash_advance,pos,0.0231,0
12,2025-01-10 10:18:33,10.0,entertainment,online,0.0456,0
12,2025-01-10 11:29:58,15.98,grocery,pos,0.0033,0
12,2025-01-11 11:19:26,34.84,grocery,online,0.005,0
12,2025-01-11 12:08:32,23.92,restaurant,mobile,0.0123,0
12,2025-01-11 14:30:16,11.75,restaurant,online,0.0314,0
12,2025-01-12 09:36:19,53.75,entertainment,pos,0.0875,0
12,2025-01-12 12:24:13,29.96,travel,atm,0.0201,0
12,2025-01-12 14:17:47,22.82,entertainment,pos,0.0282,0
12,2025-01-12 14:46:28,26.67,entertainment,mobile,0.0338,0
12,2025-01-13 04:05:46,18.8,entertainment,pos,0.0493,0
12,2025-01-13 10:40:07,42.4,grocery,online,0.1059,0
12,2025-01-13 12:34:04,23.47,utilities,mobile,0.0165,0
12,2025-01-13 15:26:29,43.23,travel,online,0.0005,0
12,2025-01-13 17:13:01,25.5,grocery,pos,0.0265,0
12,2025-01-15 13:15:20,20.91,grocery,online,0.0304,0
12,2025-01-15 19:18:44,28.41,jewelry,pos,0.0358,0
12,2025-01-16 13:37:07,24.91,entertainment,pos,0.0003,0
12,2025-01-16 16:31:19,13.39,restaurant,online,0.0021,0
12,2025-01-16 17:36:33,54.08,restaurant,pos,0.0838,0
12,2025-01-16 19:27:04,44.74,restaurant,pos,0.0838,0
12,2025-01-17 09:43:29,66.57,utilities,mobile,0.0248,0
12,2025-01-17 12:41:56,61.87,entertainment,online,0.0881,0
12,2025-01-17 14:34:55,11.84,grocery,online,0.0484,0
12,2025-01-17 23:34:41,6.14,restaurant,mobile,0.0827,0
12,2025-01-18 09:56:02,24.3,entertainment,online,0.025,0
12,2025-01-18 14:36:12,19.63,cash_advance,online,0.0398,0
12,2025-01-18 15:01:25,19.01,restaurant,online,0.0988,0
12,2025-01-18 15:53:43,4.26,grocery,online,0.0145,0
12,2025-01-18 17:25:54,41.18,grocery,pos,0.0272,0
12,2025-01-19 13:30:34,59.94,grocery,pos,0.0432,0
12,2025-01-19 15:57:26,21.24,grocery,atm,0.0055,0
12,2025-01-20 08:39:18,40.16,entertainment,mobile,0.0688,0
12,2025-01-20 16:17:16,83.37,fuel,pos,0.0393,0
12,2025-01-20 20:43:58,10.14,entertainment,online,0.0869,0
12,2025-01-21 17:03:22,74.88,grocery,pos,0.0528,0
12,2025-01-21 18:26:24,8.43,grocery,mobile,0.0739,0
12,2025-01-21 23:28:06,9.81,entertainment,atm,0.0291,0
12,2025-01-22 04:26:58,22.2,entertainment,mobile,0.0014,0
12,2025-01-22 11:05:44,4.23,restaurant,online,0.0014,0
12,2025-01-22 15:31:10,8.31,restaurant,pos,0.0301,0
12,2025-01-23 09:13:45,28.45,restaurant,mobile,0.0366,0
12,2025-01-23 11:49:28,33.67,entertainment,pos,0.0362,0
12,2025-01-23 16:08:32,7.87,restaurant,pos,0.0161,0
12,2025-01-24 14:10:33,43.42,restaurant,pos,0.0497,0
12,2025-01-24 17:49:16,5.24,entertainment,pos,0.0864,0
12,2025-01-24 21:24:08,55.01,restaurant,mobile,0.0957,0
12,2025-01-25 12:29:27,4.79,cash_advance,mobile,0.0661,0
12,2025-01-25 23:34:17,55.5,entertainment,atm,0.0511,0
12,2025-01-26 13:59:02,22.19,grocery,online,0.0508,0
12,2025-01-26 18:56:23,44.69,entertainment,mobile,0.0173,0
12,2025-01-26 23:37:15,39.69,travel,online,0.0389,0
12,2025-01-27 12:49:19,48.62,entertainment,mobile,0.0567,0
12,2025-01-27 13:02:57,6.49,utilities,online,0.0212,0
12,2025-01-27 14:23:10,24.31,grocery,online,0.0438,0
12,2025-01-27 15:15:44,24.47,entertainment,online,0.0033,0
12,2025-01-27 16:04:43,41.32,entertainment,pos,0.0501,0
12,2025-01-28 20:38:04,42.2,jewelry,pos,0.0096,0
12,2025-01-29 03:26:29,27.86,restaurant,mobile,0.1169,0
12,2025-01-29 14:19:34,2.97,entertainment,online,0.0096,0
12,2025-01-29 21:29:03,73.83,entertainment,pos,0.0647,0
12,2025-01-30 10:02:06,9.01,grocery,pos,0.0175,0
12,2025-01-30 12:29:44,53.85,grocery,pos,0.0932,0
12,2025-01-30 14:49:15,9.81,entertainment,online,0.0383,0
12,2025-01-30 18:09:04,10.14,entertainment,online,0.0449,0
12,2025-01-30 19:03:51,23.58,restaurant,mobile,0.0134,0
12,2025-01-31 03:44:15,15.82,restaurant,online,0.0259,0
12,2025-01-31 09:11:46,48.63,grocery,pos,0.0393,0
12,2025-01-31 16:39:48,16.22,jewelry,online,0.0083,0
12,2025-02-01 18:26:51,43.96,jewelry,online,0.1047,0
12,2025-02-02 05:41:59,39.61,electronics,mobile,0.1124,0
12,2025-02-02 09:33:16,88.23,grocery,mobile,0.0049,0
12,2025-02-03 07:57:13,38.4,entertainment,online,0.0008,0
12,2025-02-03 19:14:33,40.66,entertainment,pos,0.0171,0
12,2025-02-04 07:56:59,37.53,travel,mobile,0.0103,0
12,2025-02-04 12:19:26,18.54,restaurant,online,0.0015,0
12,2025-02-04 13:57:46,73.67,travel,online,0.0435,0
12,2025-02-05 09:34:25,35.53,grocery,online,0.0888,0
12,2025-02-05 10:34:11,18.18,electronics,atm,0.0881,0
12,2025-02-05 15:15:00,114.13,cash_advance,mobile,0.0482,0
12,2025-02-05 15:34:50,49.01,restaurant,online,0.0229,0
12,2025-02-05 23:30:34,12.47,electronics,pos,0.0111,0
12,2025-02-07 02:29:56,38.1,electronics,mobile,0.0146,0
12,2025-02-07 14:38:10,64.68,grocery,online,0.0596,0
12,2025-02-08 10:27:16,37.19,travel,online,0.0029,0
12,2025-02-08 10:40:16,53.08,restaurant,mobile,0.0826,0
12,2025-02-08 12:03:56,24.73,restaurant,online,0.0488,0
12,2025-02-08 13:39:48,16.62,restaurant,mobile,0.0734,0
12,2025-02-08 18:28:52,11.97,grocery,pos,0.0133,0
12,2025-02-09 02:10:52,80.98,entertainment,pos,0.0354,0
12,2025-02-09 16:57:44,72.89,restaurant,mobile,0.0017,0
12,2025-02-10 07:38:00,25.75,restaurant,online,0.1015,0
12,2025-02-10 15:19:28,13.22,restaurant,pos,0.0829,0
12,2025-02-10 15:26:41,67.03,travel,online,0.0236,0
12,2025-02-10 15:44:28,19.35,grocery,online,0.0755,0
12,2025-02-10 16:19:32,44.0,utilities,pos,0.0582,0
12,2025-02-10 19:27:45,14.34,jewelry,online,0.021,0
12,2025-02-11 08:43:06,68.58,grocery,pos,0.0001,0
12,2025-02-11 10:08:29,15.51,grocery,atm,0.1058,0
12,2025-02-11 11:44:56,28.18,electronics,online,0.0136,0
12,2025-02-11 14:52:23,28.78,grocery,online,0.0354,0
12,2025-02-11 20:30:46,20.74,entertainment,online,0.033,0
12,2025-02-12 12:46:46,16.76,grocery,mobile,0.072,0
12,2025-02-13 08:52:47,30.66,entertainment,online,0.065,0
12,2025-02-13 09:51:59,38.55,grocery,mobile,0.0503,0
12,2025-02-13 16:19:35,8.61,restaurant,mobile,0.1024,0
12,2025-02-13 19:23:59,31.73,grocery,pos,0.0985,0
12,2025-02-14 15:02:43,91.13,restaurant,mobile,0.0589,0
12,2025-02-14 16:40:52,19.25,restaurant,pos,0.0194,0
12,2025-02-14 17:01:48,20.62,cash_advance,pos,0.0745,0
12,2025-02-14 21:35:41,33.97,restaurant,pos,0.0427,0
12,2025-02-15 11:43:01,48.61,restaurant,online,0.0633,0
12,2025-02-15 13:28:53,39.3,grocery,online,0.0684,0
12,2025-02-15 14:53:11,19.89,entertainment,pos,0.0264,0
12,2025-02-15 16:30:13,25.98,electronics,pos,0.0145,0
12,2025-02-15 17:44:24,46.96,entertainment,pos,0.0162,0
12,2025-02-16 06:07:25,18.84,entertainment,online,0.0203,0
12,2025-02-16 14:04:30,24.15,entertainment,atm,0.0296,0
12,2025-02-16 15:50:13,154.46,entertainment,online,0.0396,0
12,2025-02-16 19:58:19,21.99,entertainment,pos,0.0318,0
12,2025-02-17 02:20:44,111.53,grocery,pos,0.0659,0
12,2025-02-17 09:18:25,16.86,restaurant,pos,0.0568,0
12,2025-02-17 11:49:23,25.49,grocery,pos,0.0073,0
12,2025-02-17 16:39:13,65.66,entertainment,pos,0.0376,0
12,2025-02-18 11:40:16,33.97,restaurant,online,0.0193,0
12,2025-02-19 09:22:25,4.3,grocery,online,0.0744,0
12,2025-02-19 15:04:13,5.02,entertainment,online,0.1268,0
12,2025-02-20 14:32:23,22.14,grocery,online,0.073,0
12,2025-02-21 11:53:20,5.05,restaurant,online,0.0481,0
12,2025-02-22 14:46:08,10.58,restaurant,online,0.0276,0
12,2025-02-22 18:02:56,49.03,restaurant,pos,0.0491,0
12,2025-02-22 20:16:28,18.6,travel,pos,0.0008,0
12,2025-02-23 09:36:49,10.6,entertainment,online,0.0763,0
12,2025-02-23 14:42:25,34.84,restaurant,mobile,0.0119,0
12,2025-02-23 15:09:23,53.97,restaurant,mobile,0.03,0
12,2025-02-23 19:35:35,24.8,grocery,mobile,0.0653,0
12,2025-02-23 23:43:49,113.76,restaurant,pos,0.0482,0
12,2025-02-24 16:15:39,40.94,restaurant,pos,0.0296,0
12,2025-02-24 20:36:29,8.48,jewelry,pos,0.0086,0
12,2025-02-25 10:41:40,68.96,restaurant,pos,0.0044,0
12,2025-02-26 12:23:30,19.78,restaurant,online,0.026,0
12,2025-02-26 13:21:44,18.66,restaurant,online,0.0184,0
12,2025-02-27 05:54:19,20.1,online_retail,online,0.053,0
12,2025-02-27 07:26:16,50.23,restaurant,online,0.0275,0
12,2025-02-27 09:50:33,46.84,entertainment,pos,0.0569,0
12,2025-02-27 18:09:11,31.88,restaurant,online,0.0219,0
12,2025-02-27 23:42:37,13.43,fuel,mobile,0.01,0
12,2025-02-28 08:04:15,13.28,restaurant,pos,0.0405,0
12,2025-02-28 14:57:52,40.91,restaurant,pos,0.058,0
12,2025-02-28 20:09:57,24.24,grocery,online,0.0867,0
12,2025-03-01 11:58:42,80.57,entertainment,online,0.0543,0
12,2025-03-02 09:08:03,53.33,restaurant,online,0.0515,0
12,2025-03-02 13:02:01,19.99,restaurant,pos,0.0884,0
12,2025-03-02 15:33:45,37.96,entertainment,online,0.0854,0
12,2025-03-02 19:42:21,23.74,travel,online,0.1026,0
12,2025-03-03 13:10:34,25.85,restaurant,online,0.1156,0
12,2025-03-03 16:42:15,9.66,restaurant,mobile,0.0579,0
12,2025-03-04 11:35:02,27.76,restaurant,mobile,0.0026,0
12,2025-03-04 11:57:35,26.57,entertainment,online,0.0244,0
12,2025-03-04 14:15:38,9.24,grocery,pos,0.0983,0
12,2025-03-05 14:59:54,4.82,entertainment,online,0.0229,0
12,2025-03-05 16:06:15,26.12,restaurant,pos,0.0242,0
12,2025-03-05 16:47:07,94.1,restaurant,pos,0.0061,0
12,2025-03-06 07:05:03,61.41,utilities,pos,0.0231,0
12,2025-03-06 08:32:24,25.31,utilities,mobile,0.0696,0
12,2025-03-06 13:56:53,24.67,cash_advance,pos,0.0184,0
12,2025-03-06 16:34:13,13.37,grocery,pos,0.0548,0
12,2025-03-06 23:56:54,15.25,restaurant,pos,0.0705,0
12,2025-03-07 18:54:16,81.25,restaurant,online,0.0142,0
12,2025-03-08 08:57:15,37.71,restaurant,mobile,0.022,0
12,2025-03-08 09:11:39,60.99,jewelry,online,0.0991,0
12,2025-03-08 21:37:11,27.37,restaurant,online,0.0128,0
12,2025-03-09 12:51:57,15.98,entertainment,pos,0.0129,0
12,2025-03-09 13:29:43,9.16,grocery,online,0.1241,0
12,2025-03-10 05:09:17,10.09,grocery,pos,0.0194,0
12,2025-03-10 05:25:48,17.14,entertainment,online,0.028,0
12,2025-03-10 10:44:05,27.78,grocery,pos,0.0091,0
12,2025-03-10 14:27:57,36.88,grocery,online,0.056,0
12,2025-03-11 00:33:07,43.15,grocery,mobile,0.0047,0
12,2025-03-11 11:43:23,23.45,grocery,mobile,0.0416,0
12,2025-03-11 13:32:55,8.0,grocery,online,0.0054,0
12,2025-03-11 14:04:03,20.42,entertainment,pos,0.0428,0
12,2025-03-12 08:01:20,13.69,grocery,pos,0.0772,0
12,2025-03-12 13:38:36,26.05,jewelry,mobile,0.0473,0
12,2025-03-12 15:48:41,19.5,entertainment,online,0.0174,0
12,2025-03-13 12:40:35,39.34,restaurant,online,0.0054,0
12,2025-03-13 12:54:20,18.68,entertainment,online,0.0356,0
12,2025-03-13 13:47:44,7.92,electronics,atm,0.0066,0
12,2025-03-13 17:35:00,25.18,grocery,online,0.0046,0
12,2025-03-14 06:30:19,70.66,grocery,online,0.0891,0
12,2025-03-14 08:53:31,32.57,restaurant,pos,0.0684,0
12,2025-03-14 14:05:15,17.81,restaurant,pos,0.0333,0
12,2025-03-15 10:32:03,8.52,grocery,atm,0.1161,0
12,2025-03-15 15:20:06,35.27,restaurant,online,0.0062,0
12,2025-03-15 23:28:05,14.57,restaurant,mobile,0.0217,0
12,2025-03-16 06:15:29,9.25,entertainment,online,0.0061,0
12,2025-03-16 09:13:08,10.19,entertainment,online,0.0412,0
12,2025-03-16 15:06:30,38.9,grocery,pos,0.0103,0
12,2025-03-17 06:20:16,16.64,grocery,online,0.0084,0
12,2025-03-17 07:45:23,10.29,jewelry,pos,0.0486,0
12,2025-03-18 11:57:20,18.34,grocery,pos,0.0303,0
12,2025-03-18 18:08:07,13.67,grocery,online,0.0513,0
12,2025-03-18 18:53:59,10.68,restaurant,pos,0.0129,0
12,2025-03-19 10:35:03,11.11,fuel,pos,0.0248,0
12,2025-03-19 13:39:43,40.53,grocery,mobile,0.0421,0
12,2025-03-19 14:12:26,19.34,restaurant,pos,0.0912,0
12,2025-03-20 09:21:59,76.77,restaurant,pos,0.0509,0
12,2025-03-20 10:40:10,17.02,grocery,online,0.0489,0
12,2025-03-20 10:48:34,15.09,restaurant,pos,0.0163,0
12,2025-03-20 16:12:27,29.11,entertainment,pos,0.0927,0
12,2025-03-20 18:58:07,35.12,entertainment,pos,0.0318,0
12,2025-03-21 13:09:10,58.79,entertainment,mobile,0.0113,0
12,2025-03-21 14:37:56,30.95,restaurant,online,0.0209,0
12,2025-03-21 19:15:57,86.29,grocery,pos,0.0454,0
12,2025-03-21 23:10:14,20.88,restaurant,online,0.0267,0
12,2025-03-22 10:03:32,31.81,entertainment,pos,0.0201,0
12,2025-03-22 11:27:54,15.05,entertainment,online,0.0682,0
12,2025-03-23 10:12:26,40.39,grocery,mobile,0.036,0
12,2025-03-23 19:04:14,14.43,fuel,online,0.0436,0
12,2025-03-24 13:07:47,27.03,jewelry,online,0.0645,0
12,2025-03-24 14:18:55,45.81,grocery,online,0.0149,0
12,2025-03-24 14:48:06,5.22,restaurant,mobile,0.0688,0
12,2025-03-24 15:08:57,16.08,entertainment,online,0.0265,0
12,2025-03-25 12:17:51,5.38,grocery,online,0.0878,0
12,2025-03-25 13:09:00,68.03,restaurant,mobile,0.0234,0
12,2025-03-25 18:03:08,40.75,jewelry,pos,0.0001,0
12,2025-03-26 12:21:52,35.64,entertainment,mobile,0.0282,0
12,2025-03-26 12:22:00,27.81,grocery,online,0.0512,0
12,2025-03-26 19:01:42,53.8,electronics,mobile,0.0359,0
12,2025-03-26 19:46:23,37.12,jewelry,mobile,0.1073,0
12,2025-03-27 09:22:29,44.84,restaurant,mobile,0.0071,0
12,2025-03-28 06:31:12,59.41,entertainment,mobile,0.0452,0
12,2025-03-29 15:33:42,31.2,restaurant,mobile,0.0232,0
12,2025-03-29 15:53:09,58.94,grocery,mobile,0.0081,0
12,2025-03-29 19:08:25,19.83,grocery,mobile,0.013,0
12,2025-03-30 05:34:12,26.03,cash_advance,online,0.0059,0
12,2025-03-30 07:24:52,35.77,travel,online,0.011,0
12,2025-03-30 11:09:37,34.4,entertainment,atm,0.0043,0
12,2025-03-31 05:26:17,28.79,restaurant,pos,0.0732,0
12,2025-03-31 10:51:39,38.93,grocery,pos,0.0372,0
12,2025-03-31 12:32:03,39.1,entertainment,mobile,0.0812,0
12,2025-04-01 19:26:25,9.02,grocery,online,0.0743,0
12,2025-04-01 21:35:20,25.65,utilities,mobile,0.0282,0
12,2025-04-01 23:15:00,30.76,restaurant,pos,0.0076,0
12,2025-04-02 01:22:43,56.61,utilities,pos,0.0148,0
12,2025-04-02 12:02:43,19.74,grocery,mobile,0.0304,0
12,2025-04-02 15:45:24,10.08,grocery,online,0.011,0
12,2025-04-04 13:05:16,162.92,travel,pos,0.0871,1
12,2025-04-04 17:42:01,38.65,entertainment,atm,0.0127,0
12,2025-04-04 21:18:37,27.49,restaurant,online,0.0045,0
12,2025-04-05 14:14:47,17.51,grocery,online,0.0691,0
12,2025-04-05 17:49:06,29.24,entertainment,pos,0.0842,0
12,2025-04-06 10:35:54,23.63,entertainment,mobile,0.0016,0
12,2025-04-06 16:45:58,27.31,restaurant,atm,0.043,0
12,2025-04-07 12:39:29,25.32,restaurant,online,0.0101,0
12,2025-04-07 15:01:41,28.91,restaurant,mobile,0.0161,0
12,2025-04-08 04:18:26,7.76,restaurant,online,0.0023,0
12,2025-04-08 16:52:24,36.21,restaurant,online,0.021,0
12,2025-04-08 16:59:09,22.38,grocery,online,0.0135,0
12,2025-04-08 22:13:04,31.38,grocery,pos,0.0171,0
12,2025-04-09 09:59:27,30.26,entertainment,online,0.0284,0
12,2025-04-10 05:15:10,30.38,utilities,pos,0.0019,0
12,2025-04-10 17:19:35,12.3,restaurant,online,0.0615,0
12,2025-04-10 23:33:25,39.53,grocery,online,0.0671,0
12,2025-04-11 04:44:42,40.88,restaurant,online,0.0245,0
12,2025-04-11 10:14:20,44.13,grocery,mobile,0.0473,0
12,2025-04-12 10:33:27,25.69,entertainment,online,0.0094,0
12,2025-04-12 10:45:08,67.55,entertainment,atm,0.0056,0
12,2025-04-12 11:51:55,26.79,entertainment,pos,0.0606,0
12,2025-04-13 07:36:00,15.66,grocery,pos,0.0246,0
12,2025-04-13 08:18:33,14.86,restaurant,atm,0.0593,0
12,2025-04-13 17:44:51,175.73,restaurant,mobile,0.0228,0
12,2025-04-13 20:31:38,15.2,restaurant,atm,0.0061,0
12,2025-04-14 04:42:13,39.39,grocery,mobile,0.0573,0
12,2025-04-14 10:01:35,12.07,grocery,pos,0.0274,0
12,2025-04-14 13:09:41,31.64,grocery,pos,0.0463,0
12,2025-04-14 16:41:34,3.07,restaurant,mobile,0.0234,0
12,2025-04-14 19:59:10,56.79,entertainment,mobile,0.0884,0
12,2025-04-14 20:33:38,16.43,restaurant,online,0.0215,0
12,2025-04-15 16:14:38,42.58,cash_advance,online,0.1047,0
12,2025-04-16 09:20:47,30.75,entertainment,mobile,0.0659,0
12,2025-04-16 11:11:10,44.91,grocery,online,0.0201,0
12,2025-04-16 16:59:29,38.58,grocery,online,0.0068,0
12,2025-04-16 20:39:23,9.13,utilities,online,0.0529,0
12,2025-04-17 12:42:32,23.0,restaurant,pos,0.0041,0
12,2025-04-17 17:30:36,60.86,entertainment,mobile,0.0614,0
12,2025-04-17 23:49:20,14.12,jewelry,atm,0.0058,0
12,2025-04-18 09:50:29,17.78,entertainment,mobile,0.0318,0
12,2025-04-18 10:01:27,15.43,entertainment,mobile,0.0001,0
12,2025-04-18 15:59:17,13.86,entertainment,pos,0.0763,0
12,2025-04-18 18:36:07,33.02,restaurant,online,0.0042,0
12,2025-04-20 07:27:13,59.64,restaurant,pos,0.0421,0
12,2025-04-21 10:59:25,32.34,grocery,pos,0.0063,0
12,2025-04-21 12:27:14,22.1,online_retail,online,0.0606,0
12,2025-04-21 22:25:12,34.56,grocery,online,0.0303,0
12,2025-04-22 09:07:50,92.68,restaurant,mobile,0.0267,0
12,2025-04-22 11:32:04,23.74,grocery,pos,0.0196,0
12,2025-04-22 11:39:47,78.29,restaurant,pos,0.0619,0
12,2025-04-23 04:25:33,26.48,restaurant,online,0.0337,0
12,2025-04-23 10:09:55,25.36,grocery,pos,0.0513,0
12,2025-04-23 18:08:19,12.82,entertainment,online,0.05,0
12,2025-04-24 08:50:18,37.88,cash_advance,online,0.0792,0
12,2025-04-24 12:50:49,66.78,grocery,online,0.0092,0
12,2025-04-24 13:16:54,17.92,entertainment,mobile,0.0464,0
12,2025-04-24 13:43:47,85.58,entertainment,mobile,0.0005,0
12,2025-04-25 08:13:52,11.91,grocery,mobile,0.0246,0
12,2025-04-25 13:09:10,28.68,restaurant,mobile,0.0541,0
12,2025-04-25 14:19:07,13.71,grocery,online,0.0977,0
12,2025-04-25 20:32:16,85.17,entertainment,pos,0.041,0
12,2025-04-25 21:28:19,43.22,entertainment,mobile,0.0548,0
12,2025-04-26 11:00:17,22.48,entertainment,mobile,0.0977,0
12,2025-04-27 09:40:55,47.15,travel,mobile,0.0466,0
12,2025-04-27 11:10:52,9.52,grocery,online,0.0487,0
12,2025-04-27 13:50:57,9.07,grocery,pos,0.012,0
12,2025-04-27 17:36:01,5.63,travel,atm,0.0329,0
12,2025-04-28 12:06:13,113.12,grocery,online,0.0127,0
12,2025-04-28 14:43:39,47.58,entertainment,pos,0.0288,0
12,2025-04-28 15:02:30,26.85,restaurant,mobile,0.0285,0
12,2025-04-28 17:48:53,21.14,grocery,online,0.0016,0
12,2025-04-30 12:31:32,14.18,entertainment,atm,0.0294,0
12,2025-05-01 10:25:36,28.19,restaurant,pos,0.064,0
12,2025-05-01 13:47:53,61.06,grocery,pos,0.0149,0
12,2025-05-01 21:46:54,19.78,grocery,online,0.0238,0
12,2025-05-01 23:27:41,28.53,grocery,online,0.0266,0
12,2025-05-02 05:19:58,9.38,entertainment,pos,0.0476,0
12,2025-05-02 06:04:20,21.75,grocery,online,0.0219,0
12,2025-05-02 12:20:30,68.1,restaurant,pos,0.0479,0
12,2025-05-02 13:28:02,41.68,cash_advance,mobile,0.0289,0
12,2025-05-02 17:23:13,7.79,restaurant,atm,0.0117,0
12,2025-05-03 03:09:54,33.5,restaurant,atm,0.0281,0
12,2025-05-03 09:47:29,13.84,grocery,pos,0.1009,0
12,2025-05-03 13:00:08,12.37,jewelry,online,0.0252,0
12,2025-05-03 13:09:51,16.13,restaurant,online,0.0675,0
12,2025-05-03 17:34:13,13.68,entertainment,online,0.0485,0
12,2025-05-04 08:24:09,37.88,restaurant,online,0.008,0
12,2025-05-04 09:37:31,12.11,cash_advance,online,0.0637,0
12,2025-05-04 11:02:17,49.0,jewelry,mobile,0.0636,0
12,2025-05-04 17:39:39,13.57,entertainment,online,0.0509,0
12,2025-05-05 04:59:03,21.58,restaurant,pos,0.0553,0
12,2025-05-05 09:35:56,11.58,restaurant,pos,0.0058,0
12,2025-05-05 12:11:37,50.85,restaurant,pos,0.0675,0
12,2025-05-05 12:39:28,14.34,entertainment,mobile,0.0562,0
12,2025-05-05 13:38:43,33.31,electronics,pos,0.0293,0
12,2025-05-05 13:45:03,9.73,entertainment,online,0.0002,0
12,2025-05-05 13:45:21,14.82,grocery,online,0.0595,0
12,2025-05-05 21:25:36,14.36,entertainment,pos,0.1214,0
12,2025-05-07 10:37:28,38.99,grocery,pos,0.0008,0
12,2025-05-07 12:44:30,27.06,entertainment,pos,0.0536,0
12,2025-05-07 22:32:52,14.68,restaurant,online,0.0141,0
12,2025-05-08 12:05:21,19.07,travel,atm,0.0258,0
12,2025-05-08 17:09:07,18.23,entertainment,online,0.0401,0
12,2025-05-09 04:48:06,64.72,entertainment,pos,0.0611,0
12,2025-05-09 15:03:34,21.2,grocery,pos,0.0377,0
12,2025-05-09 16:25:16,10.4,entertainment,online,0.0087,0
12,2025-05-09 22:57:09,85.72,entertainment,online,0.0584,0
12,2025-05-10 15:52:07,9.98,fuel,mobile,0.1181,0
12,2025-05-10 16:07:42,44.05,entertainment,online,0.0029,0
12,2025-05-10 18:15:31,37.39,grocery,mobile,0.064,0
12,2025-05-10 20:55:27,38.74,travel,pos,0.0123,0
12,2025-05-10 23:44:08,71.28,restaurant,online,0.0073,0
12,2025-05-11 06:50:54,4.84,entertainment,online,0.0534,0
12,2025-05-11 14:59:46,27.61,entertainment,mobile,0.0057,0
12,2025-05-11 18:02:10,58.47,entertainment,pos,0.0179,0
12,2025-05-11 18:59:43,13.98,entertainment,pos,0.0688,0
12,2025-05-12 05:49:25,42.74,restaurant,online,0.0099,0
12,2025-05-12 12:45:30,57.2,restaurant,online,0.0012,0
12,2025-05-12 14:25:13,23.06,grocery,mobile,0.0459,0
12,2025-05-12 18:43:10,86.74,restaurant,mobile,0.0635,0
12,2025-05-12 23:34:50,53.11,restaurant,pos,0.0688,0
12,2025-05-13 12:01:32,31.07,grocery,online,0.0659,0
12,2025-05-14 10:11:36,18.54,utilities,pos,0.0105,0
12,2025-05-14 13:06:35,17.82,restaurant,mobile,0.0677,0
12,2025-05-14 14:55:21,25.13,grocery,mobile,0.0042,0
12,2025-05-14 16:07:52,41.86,travel,online,0.1154,0
12,2025-05-14 17:17:45,9.6,entertainment,pos,0.04,0
12,2025-05-15 10:17:25,63.4,grocery,online,0.0226,0
12,2025-05-15 13:09:30,31.52,grocery,mobile,0.0497,0
12,2025-05-15 13:44:19,25.4,cash_advance,online,0.0029,0
12,2025-05-16 15:47:41,19.56,electronics,pos,0.0319,0
12,2025-05-16 17:53:24,10.03,restaurant,atm,0.0394,0
12,2025-05-17 11:20:00,11.96,restaurant,pos,0.0558,0
12,2025-05-17 12:15:02,15.29,grocery,mobile,0.1008,0
12,2025-05-17 20:52:16,13.0,entertainment,pos,0.0412,0
12,2025-05-18 12:25:15,28.23,entertainment,online,0.0209,0
12,2025-05-18 16:52:30,14.5,grocery,mobile,0.047,0
12,2025-05-19 03:10:54,31.94,grocery,pos,0.0027,0
12,2025-05-19 11:35:19,38.39,entertainment,pos,0.014,0
12,2025-05-19 11:47:09,22.71,restaurant,online,0.1119,0
12,2025-05-19 13:58:56,9.26,electronics,online,0.0049,0
12,2025-05-19 16:23:17,12.66,entertainment,online,0.0695,0
12,2025-05-19 17:13:00,12.16,grocery,online,0.0067,0
12,2025-05-19 23:57:45,28.08,restaurant,online,0.0624,0
12,2025-05-20 14:05:07,27.06,grocery,online,0.0359,0
12,2025-05-21 10:08:58,8.44,restaurant,pos,0.0946,0
12,2025-05-21 10:21:35,92.25,restaurant,mobile,0.0184,0
12,2025-05-21 10:52:08,34.87,restaurant,online,0.0437,0
12,2025-05-21 20:04:35,52.21,restaurant,mobile,0.0009,0
12,2025-05-22 14:01:32,21.53,grocery,pos,0.0209,0
12,2025-05-22 15:56:26,15.83,restaurant,pos,0.115,0
12,2025-05-23 13:09:40,34.06,entertainment,pos,0.0111,0
12,2025-05-23 16:40:46,66.34,entertainment,online,0.0478,0
12,2025-05-24 07:50:11,76.63,restaurant,online,0.1137,0
12,2025-05-24 12:45:19,13.63,entertainment,mobile,0.0781,0
12,2025-05-24 16:06:06,13.26,grocery,mobile,0.0318,0
12,2025-05-24 18:52:52,14.46,restaurant,mobile,0.0524,0
12,2025-05-24 20:16:08,23.08,entertainment,pos,0.1137,0
12,2025-05-24 22:11:10,27.86,entertainment,mobile,0.0445,0
12,2025-05-25 13:53:02,22.66,restaurant,pos,0.0268,0
12,2025-05-26 10:02:52,33.42,entertainment,pos,0.0492,0
12,2025-05-26 13:08:00,72.98,restaurant,mobile,0.0632,0
12,2025-05-26 18:45:43,41.26,entertainment,pos,0.0268,0
12,2025-05-27 13:24:22,24.44,entertainment,online,0.0113,0
12,2025-05-28 07:36:02,71.6,entertainment,mobile,0.0302,0
12,2025-05-28 08:39:33,17.03,grocery,online,0.0438,0
12,2025-05-28 09:41:18,22.48,entertainment,pos,0.0804,0
12,2025-05-28 15:20:57,12.13,grocery,online,0.0186,0
12,2025-05-28 18:05:10,26.7,restaurant,online,0.0439,0
12,2025-05-29 12:06:28,31.31,restaurant,online,0.0866,0
12,2025-05-29 21:06:22,22.23,entertainment,online,0.065,0
12,2025-05-30 07:25:27,6.65,restaurant,pos,0.0591,0
12,2025-05-30 07:59:52,30.78,grocery,pos,0.1415,0
12,2025-05-30 08:04:33,15.98,restaurant,online,0.0152,0
12,2025-05-30 10:53:58,25.79,restaurant,online,0.0424,0
12,2025-05-30 11:36:57,68.2,fuel,pos,0.0209,0
12,2025-05-30 18:29:31,9.06,entertainment,pos,0.0739,0
12,2025-05-30 23:16:51,37.92,entertainment,online,0.0249,0
12,2025-05-31 11:09:42,31.84,restaurant,pos,0.1042,0
12,2025-05-31 15:40:13,46.74,grocery,atm,0.0476,0
12,2025-05-31 17:33:17,96.47,entertainment,pos,0.0029,0
12,2025-05-31 23:38:29,14.27,restaurant,pos,0.0015,0
12,2025-06-01 08:03:25,32.09,entertainment,online,0.0301,0
12,2025-06-01 15:23:15,85.71,grocery,mobile,0.0028,0
12,2025-06-02 00:25:41,95.74,cash_advance,pos,0.0759,0
12,2025-06-02 00:49:05,59.96,grocery,pos,0.0069,0
12,2025-06-02 10:08:11,47.83,restaurant,online,0.0465,0
12,2025-06-02 16:40:49,61.01,cash_advance,pos,0.0828,0
12,2025-06-02 18:32:23,13.66,restaurant,pos,0.0272,0
12,2025-06-03 13:12:38,42.74,entertainment,mobile,0.017,0
12,2025-06-04 11:45:00,13.95,utilities,mobile,0.0402,0
12,2025-06-04 14:07:25,33.05,entertainment,online,0.0806,0
12,2025-06-04 14:24:58,24.34,grocery,mobile,0.0435,0
12,2025-06-05 09:40:09,28.82,entertainment,mobile,0.0174,0
12,2025-06-05 09:52:23,76.64,entertainment,online,0.1303,0
12,2025-06-06 10:19:52,9.44,restaurant,online,0.0547,0
12,2025-06-06 10:30:45,11.51,restaurant,mobile,0.023,0
12,2025-06-06 12:57:30,76.29,cash_advance,online,0.0313,0
12,2025-06-06 13:07:48,21.85,jewelry,mobile,0.0117,0
12,2025-06-06 14:38:51,16.34,restaurant,online,0.0223,0
12,2025-06-06 15:48:14,25.65,entertainment,pos,0.0373,0
12,2025-06-07 08:49:03,32.95,grocery,mobile,0.0244,0
12,2025-06-07 11:20:28,64.61,entertainment,online,0.0643,0
12,2025-06-07 12:38:40,10.26,grocery,pos,0.0531,0
12,2025-06-07 14:32:42,23.48,travel,online,0.1044,0
12,2025-06-07 18:49:49,25.36,entertainment,online,0.0425,0
12,2025-06-08 09:53:30,10.44,grocery,atm,0.0365,0
12,2025-06-08 11:41:18,25.41,restaurant,pos,0.0084,0
12,2025-06-08 12:08:35,43.32,restaurant,online,0.0057,0
12,2025-06-08 15:20:11,17.9,restaurant,pos,0.0527,0
12,2025-06-08 16:10:06,24.57,grocery,pos,0.0184,0
12,2025-06-08 22:31:11,11.33,travel,online,0.0738,0
12,2025-06-09 04:49:34,40.91,grocery,online,0.0531,0
12,2025-06-09 14:01:05,21.81,restaurant,pos,0.0219,0
12,2025-06-09 14:07:14,89.26,entertainment,mobile,0.0148,0
12,2025-06-09 14:09:23,26.18,grocery,online,0.0175,0
12,2025-06-09 14:40:44,50.31,entertainment,online,0.0421,0
12,2025-06-09 16:39:22,29.83,entertainment,online,0.0905,0
12,2025-06-10 13:01:48,10.4,restaurant,online,0.0013,0
12,2025-06-10 15:47:30,13.93,jewelry,online,0.0032,0
12,2025-06-11 07:42:26,8.32,entertainment,pos,0.0438,0
12,2025-06-11 11:14:51,45.07,grocery,pos,0.0724,0
12,2025-06-11 12:40:18,10.31,grocery,mobile,0.0552,0
12,2025-06-12 07:40:50,27.93,fuel,pos,0.0079,0
12,2025-06-12 11:07:51,44.55,restaurant,pos,0.0924,0
12,2025-06-12 15:33:10,18.84,entertainment,pos,0.0223,0
12,2025-06-12 15:38:07,17.08,grocery,pos,0.0161,0
12,2025-06-13 11:18:12,41.01,grocery,online,0.0624,0
12,2025-06-13 11:34:49,17.93,restaurant,mobile,0.0246,0
12,2025-06-13 12:58:10,30.91,jewelry,online,0.0424,0
12,2025-06-13 13:35:03,61.43,entertainment,online,0.0843,0
12,2025-06-13 16:21:04,30.87,fuel,online,0.0359,0
12,2025-06-13 19:41:54,9.68,entertainment,online,0.0592,0
12,2025-06-14 09:43:33,14.45,restaurant,pos,0.0401,0
12,2025-06-14 17:22:53,40.29,online_retail,online,0.0047,0
12,2025-06-15 03:34:15,14.66,grocery,pos,0.0683,0
12,2025-06-15 05:59:35,47.69,grocery,mobile,0.0646,0
12,2025-06-15 11:42:06,21.92,restaurant,pos,0.0039,0
12,2025-06-15 11:45:00,40.23,entertainment,pos,0.0136,0
12,2025-06-15 13:25:24,36.57,restaurant,pos,0.0334,0
12,2025-06-16 11:20:18,37.63,grocery,pos,0.0083,0
12,2025-06-16 15:33:17,6.72,entertainment,mobile,0.0128,0
12,2025-06-16 19:39:19,26.37,grocery,pos,0.0329,0
12,2025-06-16 22:28:36,46.57,entertainment,pos,0.0268,0
12,2025-06-17 16:27:17,21.22,grocery,online,0.0235,0
12,2025-06-17 21:18:59,33.83,entertainment,mobile,0.0387,0
12,2025-06-18 10:05:11,16.88,restaurant,pos,0.0376,0
12,2025-06-18 18:27:45,23.24,grocery,mobile,0.0127,0
12,2025-06-19 10:17:19,20.12,utilities,online,0.0323,0
12,2025-06-19 11:24:32,41.58,fuel,pos,0.0131,0
12,2025-06-19 12:06:02,12.59,restaurant,online,0.0522,0
12,2025-06-19 17:36:13,25.03,grocery,pos,0.0029,0
12,2025-06-20 10:27:04,54.35,entertainment,online,0.0355,0
12,2025-06-20 12:25:02,53.49,jewelry,mobile,0.0653,0
12,2025-06-20 16:57:45,38.46,jewelry,online,0.0292,0
12,2025-06-20 17:22:59,47.03,grocery,online,0.0816,0
12,2025-06-21 10:34:23,34.32,entertainment,online,0.0284,0
12,2025-06-21 11:45:56,120.95,grocery,mobile,0.0135,0
12,2025-06-21 18:34:56,22.21,entertainment,online,0.051,0
12,2025-06-22 10:06:17,23.8,grocery,pos,0.0296,0
12,2025-06-22 10:20:30,51.27,restaurant,online,0.016,0
12,2025-06-22 12:03:25,16.63,grocery,pos,0.0038,0
12,2025-06-22 12:55:54,29.19,entertainment,pos,0.0443,0
12,2025-06-22 16:16:13,42.72,entertainment,pos,0.0222,0
12,2025-06-22 18:49:03,24.3,restaurant,pos,0.0601,0
12,2025-06-22 23:39:09,17.72,restaurant,pos,0.0071,0
12,2025-06-23 00:20:40,27.26,entertainment,online,0.0289,0
12,2025-06-23 07:05:22,52.49,grocery,online,0.0776,0
12,2025-06-23 08:22:54,49.14,grocery,online,0.0478,0
12,2025-06-23 12:47:21,31.92,restaurant,online,0.057,0
12,2025-06-23 15:06:32,16.97,grocery,mobile,0.108,0
12,2025-06-23 18:46:09,5.59,online_retail,pos,0.0519,0
12,2025-06-23 18:48:28,15.29,restaurant,pos,0.0156,0
12,2025-06-24 11:41:31,54.89,restaurant,mobile,0.011,0
12,2025-06-25 09:41:28,17.89,entertainment,pos,0.0847,0
12,2025-06-25 17:35:42,41.0,fuel,online,0.0026,0
12,2025-06-25 18:19:42,56.11,entertainment,mobile,0.0038,0
12,2025-06-26 09:15:21,17.2,grocery,online,0.0199,0
12,2025-06-26 11:34:04,10.7,restaurant,mobile,0.0461,0
12,2025-06-26 11:35:22,53.61,restaurant,online,0.0161,0
12,2025-06-26 14:11:56,24.22,jewelry,pos,0.0646,0
12,2025-06-26 16:23:17,22.11,restaurant,pos,0.0319,0
12,2025-06-26 17:31:12,23.53,entertainment,online,0.0515,0
12,2025-06-26 20:02:56,71.21,restaurant,online,0.0766,0
12,2025-06-27 07:06:28,27.34,grocery,online,0.0563,0
12,2025-06-27 08:58:07,14.21,grocery,mobile,0.0133,0
12,2025-06-28 08:49:44,8.26,restaurant,pos,0.0664,0
12,2025-06-28 13:13:47,6.14,entertainment,online,0.0151,0
12,2025-06-28 13:58:26,19.51,entertainment,pos,0.0994,0
12,2025-06-28 18:14:42,16.36,restaurant,online,0.0601,0
12,2025-06-29 23:09:53,54.74,restaurant,online,0.0474,0
13,2025-01-01 07:08:56,22.94,entertainment,pos,0.0523,0
13,2025-01-01 08:04:06,134.63,entertainment,mobile,0.0315,0
13,2025-01-01 09:09:19,30.47,cash_advance,pos,0.0701,0
13,2025-01-01 17:52:27,22.36,cash_advance,mobile,0.0209,0
13,2025-01-03 05:59:59,22.61,entertainment,online,0.0145,0
13,2025-01-03 14:54:21,38.58,travel,mobile,0.0564,0
13,2025-01-03 21:04:18,39.37,cash_advance,mobile,0.0385,0
13,2025-01-03 22:47:15,36.34,travel,pos,0.0206,0
13,2025-01-03 23:49:21,98.7,entertainment,mobile,0.0445,0
13,2025-01-04 09:12:26,26.64,jewelry,online,0.0095,0
13,2025-01-04 13:51:30,45.93,entertainment,mobile,0.0591,0
13,2025-01-04 14:13:13,29.1,travel,mobile,0.0058,0
13,2025-01-05 09:12:43,51.19,cash_advance,pos,0.0397,0
13,2025-01-05 11:26:21,63.78,cash_advance,pos,0.0136,0
13,2025-01-05 14:47:14,47.56,travel,mobile,0.0641,0
13,2025-01-05 17:55:46,12.76,utilities,online,0.0298,0
13,2025-01-05 20:07:21,13.72,travel,online,0.0065,0
13,2025-01-06 10:00:27,13.15,entertainment,online,0.027,0
13,2025-01-06 11:03:45,16.68,fuel,mobile,0.0227,0
13,2025-01-06 11:18:10,36.17,cash_advance,pos,0.0075,0
13,2025-01-06 12:30:06,16.31,entertainment,mobile,0.0449,0
13,2025-01-06 19:04:02,28.21,travel,online,0.0338,0
13,2025-01-06 19:49:54,26.06,electronics,pos,0.0026,0
13,2025-01-07 08:26:33,27.52,cash_advance,pos,0.0402,0
13,2025-01-07 12:33:43,22.96,entertainment,online,0.0112,0
13,2025-01-07 18:32:30,78.43,travel,mobile,0.0367,0
13,2025-01-08 17:06:31,13.15,travel,mobile,0.0442,0
13,2025-01-10 11:58:07,50.67,entertainment,online,0.0805,0
13,2025-01-10 17:47:17,17.03,travel,pos,0.0487,0
13,2025-01-11 07:14:00,18.03,travel,online,0.0742,0
13,2025-01-11 09:48:12,6.71,travel,mobile,0.0098,0
13,2025-01-11 16:52:15,17.37,travel,pos,0.0694,0
13,2025-01-12 11:32:23,20.18,restaurant,pos,0.0416,0
13,2025-01-12 13:15:29,33.11,cash_advance,online,0.001,0
13,2025-01-14 19:35:27,28.74,travel,online,0.013,0
13,2025-01-15 09:59:23,26.68,cash_advance,online,0.0102,0
13,2025-01-15 10:12:17,27.54,cash_advance,pos,0.0225,0
13,2025-01-15 11:08:43,47.26,entertainment,atm,0.0367,0
13,2025-01-15 13:30:23,62.34,travel,atm,0.0073,0
13,2025-01-16 12:29:26,32.99,travel,mobile,0.016,0
13,2025-01-16 17:03:53,38.46,utilities,pos,0.0053,0
13,2025-01-16 19:45:59,35.22,cash_advance,pos,0.0182,0
13,2025-01-17 19:11:02,34.38,grocery,pos,0.0763,0
13,2025-01-18 11:51:20,13.92,entertainment,pos,0.0494,0
13,2025-01-18 13:32:18,11.13,travel,pos,0.0594,0
13,2025-01-19 09:36:03,15.58,cash_advance,pos,0.0634,0
13,2025-01-19 18:04:00,58.59,entertainment,online,0.0091,0
13,2025-01-19 18:26:43,10.29,cash_advance,online,0.0074,0
13,2025-01-20 07:42:03,9.72,cash_advance,mobile,0.0207,0
13,2025-01-20 15:03:26,41.7,entertainment,mobile,0.0364,0
13,2025-01-20 17:31:50,26.62,entertainment,mobile,0.0108,0
13,2025-01-20 17:52:51,10.67,entertainment,mobile,0.0044,0
13,2025-01-20 21:38:18,16.05,entertainment,mobile,0.0478,0
13,2025-01-21 04:48:22,5.98,travel,online,0.002,0
13,2025-01-21 14:40:49,17.26,travel,pos,0.0726,0
13,2025-01-21 18:34:09,15.94,travel,online,0.0021,0
13,2025-01-21 23:28:27,101.59,entertainment,pos,0.0264,0
13,2025-01-22 05:29:59,20.06,fuel,pos,0.0621,0
13,2025-01-22 08:52:22,35.65,utilities,pos,0.0679,0
13,2025-01-22 11:38:21,26.55,entertainment,online,0.0184,0
13,2025-01-23 14:13:29,21.54,cash_advance,online,0.0401,0
13,2025-01-23 20:02:38,49.82,cash_advance,pos,0.0474,0
13,2025-01-24 07:03:58,10.71,cash_advance,pos,0.0394,0
13,2025-01-24 10:27:18,126.91,cash_advance,pos,0.0204,0
13,2025-01-24 15:33:59,26.91,cash_advance,online,0.0459,0
13,2025-01-24 17:35:29,30.34,cash_advance,pos,0.0841,0
13,2025-01-24 18:08:09,29.63,online_retail,online,0.0791,0
13,2025-01-25 14:26:42,15.8,entertainment,online,0.0854,0
13,2025-01-25 14:52:21,41.02,cash_advance,online,0.0622,0
13,2025-01-26 15:24:52,34.23,entertainment,online,0.0587,0
13,2025-01-26 19:07:19,35.11,entertainment,pos,0.1068,0
13,2025-01-27 11:29:23,14.63,fuel,mobile,0.0552,0
13,2025-01-27 15:54:47,13.84,travel,mobile,0.0146,0
13,2025-01-27 19:54:45,19.67,utilities,pos,0.0078,0
13,2025-01-28 07:29:54,22.03,cash_advance,pos,0.0241,0
13,2025-01-28 09:21:15,42.51,travel,mobile,0.0082,0
13,2025-01-28 21:06:15,10.8,entertainment,mobile,0.1237,0
13,2025-01-29 09:01:16,45.15,travel,pos,0.0289,0
13,2025-01-29 14:23:26,20.42,entertainment,online,0.0677,0
13,2025-01-29 16:24:02,10.4,cash_advance,pos,0.1148,0
13,2025-01-29 19:13:57,11.4,entertainment,online,0.0621,0
13,2025-01-30 13:07:41,34.87,entertainment,pos,0.0118,0
13,2025-01-30 15:26:42,14.89,entertainment,online,0.0187,0
13,2025-01-30 16:46:06,38.55,entertainment,pos,0.1084,0
13,2025-01-31 06:31:51,20.88,utilities,mobile,0.0299,0
13,2025-01-31 11:04:34,34.39,travel,mobile,0.0122,0
13,2025-01-31 19:54:30,39.21,entertainment,mobile,0.0356,0
13,2025-01-31 23:58:41,19.61,entertainment,mobile,0.0486,0
13,2025-02-01 11:46:29,39.61,entertainment,pos,0.0087,0
13,2025-02-01 11:50:06,82.5,travel,mobile,0.0947,0
13,2025-02-01 12:00:04,27.79,electronics,mobile,0.0608,0
13,2025-02-01 12:03:43,25.86,entertainment,mobile,0.0928,0
13,2025-02-01 12:20:21,16.88,restaurant,online,0.0557,0
13,2025-02-01 15:02:37,28.52,cash_advance,online,0.0478,0
13,2025-02-02 12:52:49,54.85,electronics,online,0.0443,0
13,2025-02-03 13:24:25,56.0,travel,mobile,0.0989,0
13,2025-02-03 15:24:00,26.86,entertainment,mobile,0.0223,0
13,2025-02-03 15:26:41,10.01,entertainment,mobile,0.0324,0
13,2025-02-04 09:35:16,18.71,travel,pos,0.0213,0
13,2025-02-04 15:51:09,41.21,cash_advance,mobile,0.045,0
13,2025-02-04 18:05:07,17.19,restaurant,mobile,0.0534,0
13,2025-02-04 19:32:04,10.04,cash_advance,mobile,0.0586,0
13,2025-02-05 13:11:10,17.64,electronics,mobile,0.0363,0
13,2025-02-05 15:23:31,12.18,travel,online,0.0225,0
13,2025-02-06 08:22:17,25.21,travel,pos,0.0562,0
13,2025-02-06 08:26:49,32.44,cash_advance,pos,0.0137,0
13,2025-02-06 10:45:22,9.46,entertainment,pos,0.0298,0
13,2025-02-06 20:37:44,7.32,travel,pos,0.0207,0
13,2025-02-07 14:02:33,88.09,cash_advance,online,0.0419,0
13,2025-02-07 15:04:25,54.8,cash_advance,pos,0.0146,0
13,2025-02-07 21:47:52,38.07,entertainment,online,0.0599,0
13,2025-02-07 23:40:10,19.87,travel,mobile,0.1364,0
13,2025-02-08 12:27:24,27.01,cash_advance,pos,0.0382,0
13,2025-02-09 09:52:48,53.73,cash_advance,mobile,0.0496,0
13,2025-02-09 12:45:45,33.62,cash_advance,pos,0.0972,0
13,2025-02-09 13:09:27,60.97,travel,pos,0.0757,0
13,2025-02-10 09:06:36,9.16,travel,pos,0.0292,0
13,2025-02-10 17:11:00,37.38,travel,pos,0.041,0
13,2025-02-11 00:38:37,25.9,utilities,online,0.0107,0
13,2025-02-11 13:31:09,82.52,grocery,pos,0.1418,0
13,2025-02-11 14:51:21,96.14,entertainment,pos,0.0073,0
13,2025-02-11 18:26:42,10.7,entertainment,online,0.0172,0
13,2025-02-11 23:16:19,29.76,travel,mobile,0.0178,0
13,2025-02-12 07:32:48,35.1,restaurant,mobile,0.0182,0
13,2025-02-12 16:34:05,16.76,travel,pos,0.0159,0
13,2025-02-12 20:29:39,27.26,travel,pos,0.0255,0
13,2025-02-13 10:52:20,31.52,cash_advance,atm,0.0598,0
13,2025-02-13 13:46:20,31.13,cash_advance,mobile,0.0077,0
13,2025-02-13 18:25:34,17.87,cash_advance,pos,0.0446,0
13,2025-02-14 10:02:34,6.43,entertainment,online,0.0109,0
13,2025-02-14 18:25:43,35.38,cash_advance,mobile,0.0189,0
13,2025-02-15 09:44:05,20.58,travel,mobile,0.0374,0
13,2025-02-15 14:44:30,27.55,cash_advance,online,0.0287,0
13,2025-02-16 11:47:21,12.93,travel,pos,0.0752,0
13,2025-02-16 12:53:44,12.0,utilities,pos,0.084,0
13,2025-02-16 16:05:28,24.35,restaurant,atm,0.0639,0
13,2025-02-16 17:54:15,14.92,cash_advance,online,0.0291,0
13,2025-02-17 03:31:39,75.65,fuel,online,0.0765,0
13,2025-02-17 17:33:04,15.69,cash_advance,online,0.005,0
13,2025-02-17 18:54:38,15.32,travel,atm,0.0599,0
13,2025-02-18 09:48:33,136.94,entertainment,online,0.0181,0
13,2025-02-19 09:19:34,10.15,grocery,atm,0.0569,0
13,2025-02-19 13:57:50,17.66,entertainment,pos,0.0404,0
13,2025-02-20 08:13:42,18.67,travel,pos,0.0571,0
13,2025-02-21 08:06:47,90.46,cash_advance,pos,0.0179,0
13,2025-02-21 08:52:59,46.99,travel,online,0.0446,0
13,2025-02-21 10:54:33,102.01,entertainment,mobile,0.0627,0
13,2025-02-21 11:42:35,19.04,restaurant,pos,0.005,0
13,2025-02-21 17:59:21,6.25,cash_advance,pos,0.0482,0
13,2025-02-21 18:39:52,55.04,cash_advance,online,0.0084,0
13,2025-02-22 10:05:20,7.08,travel,pos,0.082,0
13,2025-02-22 12:41:14,22.46,travel,pos,0.0314,0
13,2025-02-22 12:59:23,55.79,grocery,online,0.0355,0
13,2025-02-22 22:02:00,6.11,electronics,pos,0.0163,0
13,2025-02-23 10:16:20,12.53,travel,mobile,0.0213,0
13,2025-02-23 13:32:33,47.58,entertainment,mobile,0.0591,0
13,2025-02-23 14:36:28,59.43,travel,mobile,0.0018,0
13,2025-02-23 16:30:27,33.46,entertainment,online,0.0084,0
13,2025-02-23 23:48:12,25.67,cash_advance,atm,0.0124,0
13,2025-02-24 08:32:23,16.52,entertainment,pos,0.0352,0
13,2025-02-24 08:40:11,7.17,travel,pos,0.0141,0
13,2025-02-24 08:44:45,51.92,travel,mobile,0.0246,0
13,2025-02-24 08:49:48,231.55,travel,mobile,0.0185,0
13,2025-02-24 12:03:47,76.56,travel,online,0.0673,0
13,2025-02-24 13:53:38,19.82,cash_advance,mobile,0.0557,0
13,2025-02-24 21:50:39,15.78,travel,online,0.0228,0
13,2025-02-25 05:51:22,27.18,electronics,mobile,0.0657,0
13,2025-02-25 07:35:13,21.56,fuel,online,0.0303,0
13,2025-02-25 11:44:58,69.69,utilities,online,0.0154,0
13,2025-02-25 14:05:43,17.41,travel,online,0.0142,0
13,2025-02-26 09:23:25,32.12,entertainment,online,0.002,0
13,2025-02-27 10:57:13,14.58,cash_advance,online,0.1103,0
13,2025-02-28 00:42:40,37.23,cash_advance,online,0.0929,0
13,2025-02-28 11:17:49,9.07,entertainment,pos,0.1066,0
13,2025-03-02 10:22:42,13.11,travel,mobile,0.007,0
13,2025-03-03 17:24:55,8.41,cash_advance,online,0.0598,0
13,2025-03-03 18:04:04,36.43,restaurant,pos,0.0478,0
13,2025-03-03 21:50:53,12.61,cash_advance,online,0.0459,0
13,2025-03-03 22:22:06,100.41,jewelry,mobile,0.0236,0
13,2025-03-05 11:46:23,17.17,cash_advance,mobile,0.0828,0
13,2025-03-06 10:11:35,13.86,cash_advance,online,0.0615,0
13,2025-03-06 12:34:32,7.43,travel,online,0.0498,0
13,2025-03-06 15:44:36,14.91,entertainment,pos,0.0986,0
13,2025-03-06 20:21:07,26.73,cash_advance,online,0.0209,0
13,2025-03-07 04:27:49,27.98,cash_advance,pos,0.0442,0
13,2025-03-07 10:43:02,48.75,cash_advance,atm,0.0469,0
13,2025-03-07 10:59:35,59.8,cash_advance,pos,0.0582,0
13,2025-03-07 14:41:48,29.44,cash_advance,online,0.004,0
13,2025-03-07 14:47:32,28.89,entertainment,online,0.0185,0
13,2025-03-07 15:31:25,26.4,cash_advance,pos,0.0325,0
13,2025-03-07 17:00:36,54.57,entertainment,pos,0.0317,0
13,2025-03-08 07:48:50,13.65,entertainment,pos,0.0415,0
13,2025-03-08 14:25:19,17.95,travel,mobile,0.0168,0
13,2025-03-09 12:20:09,33.63,cash_advance,pos,0.0158,0
13,2025-03-09 15:09:10,7.77,cash_advance,mobile,0.008,0
13,2025-03-10 06:16:31,9.28,entertainment,online,0.0115,0
13,2025-03-10 10:11:04,17.12,cash_advance,pos,0.0417,0
13,2025-03-10 16:27:16,56.42,cash_advance,pos,0.0671,0
13,2025-03-10 16:45:47,58.57,travel,mobile,0.0032,0
13,2025-03-10 17:15:28,43.38,entertainment,pos,0.0288,0
13,2025-03-11 14:42:34,27.91,travel,pos,0.0526,0
13,2025-03-11 15:10:25,38.13,online_retail,online,0.0129,0
13,2025-03-11 15:56:58,21.52,electronics,online,0.1025,0
13,2025-03-11 23:22:52,45.42,cash_advance,online,0.0509,0
13,2025-03-12 12:59:43,47.37,travel,mobile,0.0334,0
13,2025-03-12 13:49:51,17.39,travel,pos,0.0128,0
13,2025-03-12 14:42:10,41.7,travel,mobile,0.0019,0
13,2025-03-12 15:52:05,11.7,cash_advance,mobile,0.0007,0
13,2025-03-13 10:31:50,27.48,cash_advance,online,0.0466,0
13,2025-03-13 19:53:46,15.76,cash_advance,online,0.0357,0
13,2025-03-14 14:29:55,26.69,grocery,pos,0.0084,0
13,2025-03-14 15:46:58,26.88,travel,online,0.0337,0
13,2025-03-15 07:26:17,26.1,travel,pos,0.0039,0
13,2025-03-15 14:51:44,22.66,utilities,pos,0.0072,0
13,2025-03-16 02:04:15,15.67,entertainment,mobile,0.0127,0
13,2025-03-16 09:34:59,26.46,travel,pos,0.0543,0
13,2025-03-16 15:17:15,22.66,utilities,online,0.0225,0
13,2025-03-16 15:59:06,28.16,travel,atm,0.0384,0
13,2025-03-17 08:11:13,25.39,entertainment,pos,0.0275,0
13,2025-03-17 08:55:31,16.34,travel,online,0.0367,0
13,2025-03-17 11:07:26,11.41,entertainment,atm,0.0029,0
13,2025-03-17 17:41:31,34.2,travel,pos,0.0207,0
13,2025-03-18 05:28:18,36.49,cash_advance,pos,0.027,0
13,2025-03-18 09:13:40,8.91,cash_advance,mobile,0.0873,0
13,2025-03-18 12:18:47,47.63,fuel,pos,0.0097,0
13,2025-03-18 19:50:01,17.75,restaurant,online,0.0084,0
13,2025-03-19 15:09:20,12.17,cash_advance,online,0.0128,0
13,2025-03-19 15:40:20,24.89,cash_advance,mobile,0.0982,0
13,2025-03-19 17:26:30,6.71,entertainment,pos,0.0001,0
13,2025-03-20 08:36:07,16.74,cash_advance,atm,0.0692,0
13,2025-03-20 12:23:30,47.24,travel,mobile,0.0023,0
13,2025-03-20 16:42:16,93.51,entertainment,online,0.0216,0
13,2025-03-20 18:08:40,20.5,entertainment,pos,0.0016,0
13,2025-03-22 17:49:57,46.9,entertainment,pos,0.0102,0
13,2025-03-23 08:58:45,56.5,restaurant,pos,0.0067,0
13,2025-03-24 09:50:23,66.7,cash_advance,online,0.05,0
13,2025-03-24 14:51:08,19.47,cash_advance,pos,0.0442,0
13,2025-03-24 20:31:50,13.61,cash_advance,online,0.0746,0
13,2025-03-26 10:33:58,36.4,jewelry,pos,0.0329,0
13,2025-03-26 12:58:33,47.68,online_retail,online,0.0488,0
13,2025-03-26 13:02:49,20.52,cash_advance,online,0.0206,0
13,2025-03-26 13:54:20,38.44,electronics,pos,0.0186,0
13,2025-03-27 15:35:56,20.85,entertainment,online,0.0023,0
13,2025-03-27 20:30:37,28.16,travel,online,0.0378,0
13,2025-03-28 15:31:16,21.92,entertainment,mobile,0.0235,0
13,2025-03-28 16:54:48,6.07,cash_advance,mobile,0.0325,0
13,2025-03-28 17:24:45,10.69,travel,mobile,0.058,0
13,2025-03-30 17:25:53,32.5,cash_advance,online,0.0495,0
13,2025-03-30 17:33:31,25.95,entertainment,pos,0.0384,0
13,2025-03-31 07:37:14,49.06,cash_advance,online,0.0723,0
13,2025-03-31 10:53:34,25.93,cash_advance,online,0.0246,0
13,2025-03-31 12:06:18,59.82,travel,pos,0.0245,0
13,2025-03-31 15:04:48,34.45,travel,pos,0.0021,0
13,2025-04-01 17:15:35,108.16,entertainment,pos,0.0599,0
13,2025-04-02 08:46:41,63.37,travel,pos,0.1292,0
13,2025-04-02 14:28:01,23.94,cash_advance,online,0.018,0
13,2025-04-02 14:29:09,41.17,travel,online,0.0058,0
13,2025-04-02 17:39:01,13.82,cash_advance,pos,0.009,0
13,2025-04-02 20:36:37,111.91,travel,pos,0.3894,1
13,2025-04-03 13:43:46,33.57,restaurant,pos,0.0349,0
13,2025-04-03 13:52:53,46.86,cash_advance,pos,0.0448,0
13,2025-04-03 16:32:07,42.52,cash_advance,mobile,0.053,0
13,2025-04-03 20:36:31,87.0,cash_advance,online,0.0097,0
13,2025-04-04 07:31:42,17.15,travel,pos,0.0269,0
13,2025-04-04 10:15:23,30.63,fuel,pos,0.0271,0
13,2025-04-06 22:09:00,6.29,cash_advance,online,0.0429,0
13,2025-04-08 06:25:33,23.88,electronics,mobile,0.0908,0
13,2025-04-08 18:28:43,55.02,entertainment,mobile,0.0131,0
13,2025-04-08 23:23:27,9.4,travel,online,0.0588,0
13,2025-04-09 14:17:44,24.77,entertainment,online,0.0241,0
13,2025-04-09 14:54:09,18.83,cash_advance,pos,0.0309,0
13,2025-04-10 06:29:16,8.01,travel,atm,0.0554,0
13,2025-04-10 12:55:53,7.03,entertainment,online,0.036,0
13,2025-04-10 13:19:42,63.17,travel,pos,0.1162,0
13,2025-04-10 14:26:50,22.08,electronics,pos,0.0153,0
13,2025-04-10 17:41:17,29.9,utilities,atm,0.0101,0
13,2025-04-10 21:43:49,29.76,electronics,pos,0.0405,0
13,2025-04-11 09:17:57,21.02,cash_advance,online,0.0264,0
13,2025-04-11 11:02:46,14.46,cash_advance,mobile,0.0769,0
13,2025-04-11 19:59:58,10.6,entertainment,atm,0.0333,0
13,2025-04-12 06:46:10,40.43,entertainment,pos,0.071,0
13,2025-04-12 13:27:55,12.83,cash_advance,pos,0.0502,0
13,2025-04-12 14:16:22,24.0,utilities,pos,0.0333,0
13,2025-04-12 15:41:07,49.67,cash_advance,atm,0.0091,0
13,2025-04-12 16:54:25,19.54,cash_advance,pos,0.0322,0
13,2025-04-13 10:26:50,53.33,entertainment,atm,0.0195,0
13,2025-04-13 18:54:12,19.45,jewelry,mobile,0.0492,0
13,2025-04-13 20:17:29,59.79,jewelry,mobile,0.0486,0
13,2025-04-14 13:02:17,15.22,travel,atm,0.0329,0
13,2025-04-14 23:55:39,30.27,cash_advance,online,0.0238,0
13,2025-04-15 03:46:10,21.15,entertainment,mobile,0.0243,0
13,2025-04-15 13:32:40,67.84,cash_advance,mobile,0.0316,0
13,2025-04-15 15:03:23,8.95,online_retail,online,0.0286,0
13,2025-04-15 16:34:24,42.26,entertainment,pos,0.0097,0
13,2025-04-16 11:02:34,59.86,entertainment,online,0.0276,0
13,2025-04-16 13:20:10,32.72,online_retail,mobile,0.0562,0
13,2025-04-17 11:52:35,43.39,travel,mobile,0.0891,0
13,2025-04-17 15:20:19,19.72,cash_advance,pos,0.0059,0
13,2025-04-17 18:21:58,32.15,travel,pos,0.0103,0
13,2025-04-17 19:44:47,16.16,fuel,mobile,0.0974,0
13,2025-04-18 17:59:40,19.77,entertainment,mobile,0.0514,0
13,2025-04-18 19:40:01,33.14,electronics,online,0.0053,0
13,2025-04-18 21:12:51,11.28,travel,pos,0.0236,0
13,2025-04-19 12:15:27,16.87,grocery,mobile,0.0943,0
13,2025-04-19 13:55:23,17.95,entertainment,online,0.016,0
13,2025-04-19 16:59:40,54.02,travel,pos,0.0019,0
13,2025-04-20 08:39:28,14.81,jewelry,online,0.0371,0
13,2025-04-22 09:21:45,32.19,cash_advance,online,0.0642,0
13,2025-04-22 09:53:48,67.43,cash_advance,mobile,0.0374,0
13,2025-04-22 11:10:03,11.09,entertainment,online,0.0595,0
13,2025-04-22 15:31:13,52.68,fuel,atm,0.0453,0
13,2025-04-22 20:07:17,19.02,travel,online,0.0354,0
13,2025-04-22 23:02:01,8.75,jewelry,pos,0.0754,0
13,2025-04-23 17:12:08,14.99,cash_advance,online,0.0794,0
13,2025-04-24 03:24:42,7.68,travel,online,0.0956,0
13,2025-04-26 13:35:32,24.57,cash_advance,pos,0.0246,0
13,2025-04-26 15:06:35,13.75,cash_advance,pos,0.0091,0
13,2025-04-26 18:59:05,85.57,restaurant,mobile,0.026,0
13,2025-04-27 11:38:02,27.59,travel,pos,0.0227,0
13,2025-04-27 12:15:08,32.92,grocery,online,0.0569,0
13,2025-04-27 15:51:47,73.43,entertainment,mobile,0.0436,0
13,2025-04-28 13:29:57,19.63,travel,online,0.0025,0
13,2025-04-28 14:18:37,17.71,entertainment,mobile,0.1033,0
13,2025-04-29 09:42:28,66.5,restaurant,pos,0.0067,0
13,2025-04-29 15:48:48,26.03,entertainment,pos,0.0543,0
13,2025-04-29 18:26:01,14.17,entertainment,pos,0.0617,0
13,2025-04-30 05:43:42,28.02,electronics,pos,0.0084,0
13,2025-04-30 23:06:39,20.19,travel,pos,0.0395,0
13,2025-05-01 12:22:58,25.01,travel,pos,0.0634,0
13,2025-05-02 04:38:21,19.73,cash_advance,online,0.0091,0
13,2025-05-03 10:09:44,58.99,cash_advance,atm,0.0077,0
13,2025-05-03 16:12:02,36.64,entertainment,online,0.0354,0
13,2025-05-04 11:03:04,24.67,electronics,online,0.0554,0
13,2025-05-04 12:11:28,53.57,cash_advance,mobile,0.0477,0
13,2025-05-04 19:38:00,24.5,cash_advance,pos,0.0367,0
13,2025-05-05 11:23:58,18.31,entertainment,online,0.0191,0
13,2025-05-05 11:34:11,63.14,travel,mobile,0.0121,0
13,2025-05-05 16:12:31,22.26,entertainment,pos,0.0072,0
13,2025-05-05 17:42:17,20.42,electronics,mobile,0.0047,0
13,2025-05-05 19:32:01,44.43,entertainment,online,0.0167,0
13,2025-05-06 03:19:50,51.31,cash_advance,online,0.0644,0
13,2025-05-06 07:39:25,23.78,entertainment,pos,0.0287,0
13,2025-05-06 15:13:21,29.69,online_retail,online,0.0314,0
13,2025-05-06 22:50:39,43.43,entertainment,online,0.0486,0
13,2025-05-07 08:42:46,29.36,restaurant,pos,0.0063,0
13,2025-05-07 10:07:32,14.44,entertainment,online,0.0144,0
13,2025-05-07 10:51:59,22.89,online_retail,mobile,0.0151,0
13,2025-05-07 12:01:18,54.54,electronics,pos,0.0109,0
13,2025-05-08 11:02:43,21.84,cash_advance,mobile,0.0516,0
13,2025-05-08 13:54:34,65.44,cash_advance,atm,0.0552,0
13,2025-05-08 18:23:22,35.81,travel,pos,0.0185,0
13,2025-05-09 08:24:58,10.64,utilities,pos,0.0799,0
13,2025-05-09 09:05:13,29.11,cash_advance,pos,0.009,0
13,2025-05-09 12:33:13,8.04,travel,mobile,0.0245,0
13,2025-05-09 21:22:12,71.49,entertainment,pos,0.0497,0
13,2025-05-11 15:45:04,28.37,cash_advance,online,0.0024,0
13,2025-05-11 16:45:29,32.81,cash_advance,online,0.0137,0
13,2025-05-11 18:25:26,23.84,travel,online,0.0755,0
13,2025-05-11 19:51:33,12.91,entertainment,online,0.0117,0
13,2025-05-12 08:08:01,21.09,online_retail,mobile,0.0327,0
13,2025-05-12 13:53:26,48.49,grocery,pos,0.0657,0
13,2025-05-12 16:07:58,13.49,cash_advance,pos,0.0322,0
13,2025-05-12 22:43:00,20.07,travel,online,0.0159,0
13,2025-05-13 12:15:12,12.52,cash_advance,pos,0.0064,0
13,2025-05-13 12:30:06,11.76,entertainment,mobile,0.0226,0
13,2025-05-13 13:35:31,12.45,cash_advance,online,0.0249,0
13,2025-05-14 09:13:18,27.97,entertainment,pos,0.0523,0
13,2025-05-14 17:32:43,43.43,travel,mobile,0.017,0
13,2025-05-15 08:43:35,17.98,entertainment,online,0.0151,0
13,2025-05-15 10:51:02,30.61,restaurant,online,0.0674,0
13,2025-05-15 15:26:16,28.54,entertainment,online,0.1257,0
13,2025-05-15 19:38:04,68.59,entertainment,mobile,0.0235,0
13,2025-05-16 06:16:18,25.22,cash_advance,pos,0.0563,0
13,2025-05-17 12:53:44,28.13,utilities,pos,0.0452,0
13,2025-05-18 14:07:19,27.42,entertainment,pos,0.0004,0
13,2025-05-18 14:45:41,21.34,cash_advance,atm,0.035,0
13,2025-05-18 18:01:19,39.37,electronics,online,0.0188,0
13,2025-05-18 19:44:53,16.14,travel,pos,0.0058,0
13,2025-05-19 18:16:44,30.19,utilities,online,0.0291,0
13,2025-05-19 18:44:26,22.17,travel,pos,0.0182,0
13,2025-05-19 20:10:09,24.36,travel,online,0.1062,0
13,2025-05-19 21:54:01,25.96,utilities,mobile,0.0418,0
13,2025-05-20 11:31:05,12.98,travel,pos,0.0317,0
13,2025-05-20 16:24:23,29.38,entertainment,online,0.0327,0
13,2025-05-21 18:47:09,12.84,cash_advance,pos,0.0133,0
13,2025-05-21 20:33:48,29.86,utilities,atm,0.0315,0
13,2025-05-22 10:44:28,13.94,travel,pos,0.034,0
13,2025-05-22 16:47:41,16.37,travel,mobile,0.0848,0
13,2025-05-22 22:31:28,34.13,travel,pos,0.0025,0
13,2025-05-22 23:40:22,17.1,travel,pos,0.0238,0
13,2025-05-24 02:08:00,17.84,travel,pos,0.1003,0
13,2025-05-25 07:09:36,33.74,entertainment,online,0.0037,0
13,2025-05-25 11:23:40,20.19,entertainment,online,0.0162,0
13,2025-05-25 14:52:56,38.49,utilities,online,0.0311,0
13,2025-05-25 15:55:53,11.43,travel,online,0.0073,0
13,2025-05-25 19:35:10,12.15,cash_advance,pos,0.0373,0
13,2025-05-26 11:08:57,37.5,utilities,mobile,0.0323,0
13,2025-05-26 13:00:55,22.75,travel,mobile,0.0538,0
13,2025-05-26 21:00:59,33.29,cash_advance,pos,0.028,0
13,2025-05-27 08:18:24,20.49,cash_advance,online,0.0074,0
13,2025-05-27 11:31:46,35.51,cash_advance,pos,0.0923,0
13,2025-05-27 12:28:23,34.08,travel,pos,0.0154,0
13,2025-05-27 17:21:23,11.14,entertainment,pos,0.1016,0
13,2025-05-28 10:45:42,26.88,entertainment,online,0.0453,0
13,2025-05-28 15:50:17,47.1,cash_advance,online,0.0862,0
13,2025-05-29 11:18:52,41.9,travel,pos,0.0032,0
13,2025-05-30 10:40:04,59.17,entertainment,pos,0.0041,0
13,2025-05-30 22:29:56,27.44,travel,online,0.0862,0
13,2025-05-31 07:04:46,22.84,cash_advance,pos,0.0467,0
13,2025-05-31 08:58:14,18.91,restaurant,pos,0.1656,0
13,2025-05-31 13:45:36,22.93,entertainment,mobile,0.0356,0
13,2025-05-31 16:49:45,36.73,cash_advance,mobile,0.0126,0
13,2025-06-01 00:30:03,36.28,fuel,mobile,0.0301,0
13,2025-06-01 05:49:28,32.46,entertainment,mobile,0.0051,0
13,2025-06-01 11:26:49,18.94,cash_advance,online,0.1068,0
13,2025-06-01 13:50:19,115.57,travel,mobile,0.0677,0
13,2025-06-01 23:07:12,39.87,travel,mobile,0.0587,0
13,2025-06-03 12:30:29,33.18,entertainment,pos,0.048,0
13,2025-06-03 14:11:24,19.49,fuel,online,0.0678,0
13,2025-06-03 16:00:33,36.24,entertainment,online,0.056,0
13,2025-06-03 16:39:52,8.4,entertainment,online,0.0752,0
13,2025-06-03 17:38:17,23.08,cash_advance,online,0.0407,0
13,2025-06-03 19:10:59,5.63,jewelry,mobile,0.0738,0
13,2025-06-04 00:47:04,16.93,entertainment,pos,0.0549,0
13,2025-06-04 05:29:08,29.51,travel,online,0.0814,0
13,2025-06-04 11:45:47,77.33,travel,online,0.0509,0
13,2025-06-04 19:55:00,27.28,travel,online,0.0421,0
13,2025-06-04 23:07:36,74.56,travel,mobile,0.0388,0
13,2025-06-05 12:40:21,43.63,travel,pos,0.0421,0
13,2025-06-05 12:42:11,71.37,cash_advance,pos,0.1052,0
13,2025-06-05 15:06:16,5.37,entertainment,pos,0.0086,0
13,2025-06-06 08:39:29,35.4,jewelry,mobile,0.0171,0
13,2025-06-06 12:29:11,15.24,travel,mobile,0.0548,0
13,2025-06-06 19:05:48,19.9,travel,pos,0.0426,0
13,2025-06-06 20:31:51,24.91,entertainment,online,0.0422,0
13,2025-06-07 13:06:36,27.84,entertainment,mobile,0.0799,0
13,2025-06-07 16:18:27,71.17,travel,online,0.0301,0
13,2025-06-07 17:03:41,19.75,cash_advance,pos,0.0707,0
13,2025-06-08 06:15:58,16.8,cash_advance,pos,0.0138,0
13,2025-06-08 11:48:12,58.58,cash_advance,online,0.0132,0
13,2025-06-08 12:25:09,34.05,cash_advance,pos,0.0235,0
13,2025-06-08 14:16:52,35.43,travel,pos,0.059,0
13,2025-06-09 08:34:31,28.4,travel,mobile,0.0364,0
13,2025-06-09 16:17:10,26.44,entertainment,mobile,0.0272,0
13,2025-06-09 22:18:39,44.5,entertainment,mobile,0.0627,0
13,2025-06-12 13:17:33,69.14,fuel,online,0.0385,0
13,2025-06-12 17:08:10,10.72,entertainment,pos,0.099,0
13,2025-06-13 12:11:08,24.95,travel,mobile,0.0158,0
13,2025-06-13 16:59:18,12.48,cash_advance,atm,0.044,0
13,2025-06-13 22:37:46,61.66,entertainment,pos,0.0081,0
13,2025-06-14 19:02:21,23.26,cash_advance,pos,0.0138,0
13,2025-06-15 05:28:07,25.69,travel,pos,0.0209,0
13,2025-06-15 10:49:01,35.24,utilities,pos,0.0481,0
13,2025-06-15 15:33:45,60.44,cash_advance,online,0.004,0
13,2025-06-17 13:17:52,97.73,travel,online,0.0173,0
13,2025-06-17 22:32:28,85.41,travel,online,0.0205,0
13,2025-06-18 06:13:04,26.72,utilities,online,0.0226,0
13,2025-06-18 07:00:53,14.29,travel,online,0.0162,0
13,2025-06-18 14:51:39,21.62,entertainment,pos,0.0452,0
13,2025-06-18 16:51:34,9.7,cash_advance,pos,0.0295,0
13,2025-06-19 11:51:27,7.84,travel,pos,0.0523,0
13,2025-06-20 08:03:13,21.72,cash_advance,mobile,0.0119,0
13,2025-06-20 11:55:12,193.74,travel,pos,0.0068,0
13,2025-06-20 12:12:39,15.85,travel,mobile,0.0305,0
13,2025-06-20 13:41:45,46.08,travel,mobile,0.0442,0
13,2025-06-20 15:25:09,68.61,travel,mobile,0.0386,0
13,2025-06-21 06:06:09,15.74,jewelry,online,0.0477,0
13,2025-06-21 13:37:13,30.0,online_retail,online,0.0398,0
13,2025-06-22 09:47:38,11.85,cash_advance,atm,0.0676,0
13,2025-06-22 18:29:43,109.48,cash_advance,online,0.0131,0
13,2025-06-22 20:01:16,40.49,fuel,online,0.0868,0
13,2025-06-23 16:34:45,39.64,travel,pos,0.062,0
13,2025-06-24 12:38:28,11.56,jewelry,pos,0.0472,0
13,2025-06-24 19:13:33,8.88,entertainment,pos,0.0033,0
13,2025-06-24 21:13:48,39.6,fuel,mobile,0.0385,0
13,2025-06-25 03:00:21,15.28,travel,pos,0.0305,0
13,2025-06-25 18:40:43,25.69,entertainment,pos,0.0181,0
13,2025-06-26 16:51:30,48.82,restaurant,atm,0.0386,0
13,2025-06-26 17:23:19,12.58,cash_advance,pos,0.0228,0
13,2025-06-27 13:07:48,24.48,travel,online,0.0329,0
13,2025-06-27 13:42:00,71.56,cash_advance,mobile,0.023,0
13,2025-06-27 15:59:44,11.7,online_retail,pos,0.0181,0
13,2025-06-27 17:22:55,34.75,travel,pos,0.0689,0
13,2025-06-28 13:34:20,32.93,entertainment,pos,0.0461,0
13,2025-06-28 16:41:23,52.29,fuel,online,0.0431,0
13,2025-06-28 16:44:24,24.52,restaurant,online,0.0026,0
13,2025-06-29 08:28:16,49.31,entertainment,pos,0.0159,0
13,2025-06-29 21:18:13,27.47,online_retail,mobile,0.0009,0
14,2025-01-05 23:47:14,19.21,online_retail,online,0.0378,0
14,2025-01-06 08:31:02,26.32,jewelry,online,0.0206,0
14,2025-01-06 09:32:28,28.21,electronics,online,0.0394,0
14,2025-01-06 11:58:29,29.69,online_retail,pos,0.0906,0
14,2025-01-07 13:50:55,63.73,cash_advance,online,0.0326,0
14,2025-01-07 17:00:27,41.06,online_retail,online,0.0091,0
14,2025-01-08 08:57:42,15.04,online_retail,online,0.0061,0
14,2025-01-08 09:14:22,31.05,jewelry,pos,0.0133,0
14,2025-01-08 10:18:46,33.14,jewelry,online,0.0189,0
14,2025-01-08 16:23:50,14.16,electronics,mobile,0.0002,0
14,2025-01-08 17:31:51,26.94,online_retail,mobile,0.0138,0
14,2025-01-09 08:43:08,30.38,jewelry,mobile,0.02,0
14,2025-01-10 08:38:59,90.55,jewelry,pos,0.0118,0
14,2025-01-10 16:46:04,39.98,jewelry,online,0.0414,0
14,2025-01-11 11:10:19,67.2,travel,pos,0.0312,0
14,2025-01-11 19:44:12,27.17,travel,pos,0.0565,0
14,2025-01-12 06:54:52,46.92,jewelry,pos,0.0362,0
14,2025-01-12 10:37:19,55.6,grocery,online,0.0137,0
14,2025-01-12 15:38:04,13.4,online_retail,pos,0.0461,0
14,2025-01-12 15:59:09,17.15,jewelry,pos,0.0227,0
14,2025-01-15 12:43:36,23.94,travel,pos,0.0734,0
14,2025-01-17 17:25:53,28.25,jewelry,online,0.076,0
14,2025-01-17 21:31:21,59.9,online_retail,online,0.0605,0
14,2025-01-18 09:36:28,20.73,jewelry,mobile,0.0475,0
14,2025-01-18 17:16:57,25.41,electronics,online,0.0118,0
14,2025-01-19 08:22:20,17.08,jewelry,mobile,0.0509,0
14,2025-01-19 12:37:44,26.11,grocery,pos,0.0439,0
14,2025-01-19 13:07:15,88.54,online_retail,online,0.0516,0
14,2025-01-19 13:11:48,7.79,entertainment,pos,0.0154,0
14,2025-01-19 14:06:12,42.0,jewelry,pos,0.0067,0
14,2025-01-19 17:10:28,29.16,online_retail,pos,0.1458,0
14,2025-01-19 20:58:38,66.09,cash_advance,online,0.2656,1
14,2025-01-20 10:20:48,22.21,travel,pos,0.0227,0
14,2025-01-20 23:08:19,16.91,jewelry,pos,0.0519,0
14,2025-01-21 13:25:51,9.96,travel,pos,0.0448,0
14,2025-01-21 15:47:47,20.13,fuel,pos,0.0658,0
14,2025-01-21 16:11:30,33.63,jewelry,online,0.002,0
14,2025-01-23 17:19:08,32.02,jewelry,pos,0.0378,0
14,2025-01-23 18:05:25,13.94,online_retail,online,0.066,0
14,2025-01-23 23:21:55,10.24,online_retail,online,0.0269,0
14,2025-01-24 08:56:08,14.28,electronics,mobile,0.0836,0
14,2025-01-24 20:05:09,40.6,online_retail,online,0.0393,0
14,2025-01-25 19:52:01,44.3,travel,pos,0.1103,0
14,2025-01-26 05:26:11,17.4,online_retail,online,0.0936,0
14,2025-01-26 09:25:14,14.03,travel,online,0.0069,0
14,2025-01-27 08:04:06,13.17,travel,online,0.0068,0
14,2025-01-28 10:38:33,20.04,grocery,mobile,0.0723,0
14,2025-01-28 15:01:10,36.78,jewelry,online,0.0756,0
14,2025-01-29 13:32:56,66.68,travel,online,0.0021,0
14,2025-01-31 14:05:44,19.21,fuel,pos,0.1031,0
14,2025-01-31 19:39:51,26.9,online_retail,online,0.0258,0
14,2025-02-01 13:51:37,14.76,online_retail,mobile,0.0295,0
14,2025-02-01 18:18:39,14.55,online_retail,pos,0.0127,0
14,2025-02-02 23:10:58,16.41,travel,pos,0.0828,0
14,2025-02-02 23:56:53,28.21,online_retail,mobile,0.0652,0
14,2025-02-03 00:01:47,32.1,travel,online,0.0105,0
14,2025-02-03 11:27:12,10.26,travel,mobile,0.0572,0
14,2025-02-03 15:59:29,9.22,online_retail,mobile,0.0213,0
14,2025-02-03 18:48:32,20.05,travel,pos,0.057,0
14,2025-02-05 09:24:36,11.69,entertainment,online,0.0552,0
14,2025-02-05 15:27:46,27.77,online_retail,atm,0.0987,0
14,2025-02-05 21:53:15,11.61,jewelry,pos,0.0662,0
14,2025-02-06 03:42:24,6.81,online_retail,pos,0.0017,0
14,2025-02-06 10:42:06,6.46,travel,mobile,0.0325,0
14,2025-02-07 07:55:22,45.38,fuel,online,0.0423,0
14,2025-02-07 12:32:11,29.54,jewelry,online,0.0324,0
14,2025-02-08 08:01:32,20.54,electronics,online,0.0297,0
14,2025-02-08 16:04:48,57.56,online_retail,pos,0.0332,0
14,2025-02-09 14:38:55,27.43,jewelry,mobile,0.0109,0
14,2025-02-10 13:50:31,7.22,travel,mobile,0.0781,0
14,2025-02-10 15:40:41,34.8,online_retail,mobile,0.0776,0
14,2025-02-11 07:56:25,14.03,online_retail,mobile,0.1083,0
14,2025-02-11 20:49:52,21.3,jewelry,online,0.0648,0
14,2025-02-11 23:12:16,62.33,travel,mobile,0.0098,0
14,2025-02-12 13:15:56,43.03,travel,mobile,0.0467,0
14,2025-02-12 15:42:55,28.61,jewelry,pos,0.0445,0
14,2025-02-12 16:14:14,7.15,travel,mobile,0.0556,0
14,2025-02-12 21:51:20,33.17,jewelry,online,0.0017,0
14,2025-02-13 23:55:26,22.41,entertainment,online,0.1167,0
14,2025-02-14 21:34:34,29.56,electronics,online,0.0545,0
14,2025-02-15 06:52:58,47.7,restaurant,mobile,0.0129,0
14,2025-02-16 06:21:31,13.9,travel,mobile,0.0219,0
14,2025-02-16 11:28:15,21.51,jewelry,online,0.075,0
14,2025-02-16 17:57:13,20.95,online_retail,pos,0.0312,0
14,2025-02-17 23:15:03,11.89,online_retail,pos,0.0108,0
14,2025-02-18 07:12:54,51.87,grocery,online,0.0351,0
14,2025-02-18 15:55:25,8.1,online_retail,mobile,0.0196,0
14,2025-02-18 17:48:31,18.69,jewelry,mobile,0.04,0
14,2025-02-18 19:14:33,9.05,travel,pos,0.0204,0
14,2025-02-18 20:39:49,14.98,jewelry,mobile,0.0045,0
14,2025-02-21 05:19:44,18.89,travel,online,0.0799,0
14,2025-02-21 05:26:28,36.4,online_retail,pos,0.0772,0
14,2025-02-21 07:01:11,21.18,online_retail,online,0.0253,0
14,2025-02-21 12:52:50,23.73,jewelry,mobile,0.0732,0
14,2025-02-22 19:02:45,61.69,online_retail,mobile,0.0104,0
14,2025-02-23 15:07:25,12.32,online_retail,pos,0.0857,0
14,2025-02-23 15:33:11,54.68,jewelry,pos,0.0398,0
14,2025-02-24 12:05:33,63.04,travel,mobile,0.0336,0
14,2025-02-25 18:03:31,33.86,jewelry,online,0.0036,0
14,2025-02-26 03:46:14,106.92,online_retail,atm,0.0555,0
14,2025-02-27 14:49:48,13.34,entertainment,atm,0.0703,0
14,2025-02-27 15:13:46,21.69,restaurant,pos,0.0992,0
14,2025-02-28 11:03:27,27.64,online_retail,pos,0.001,0
14,2025-03-01 05:26:50,25.13,utilities,pos,0.0574,0
14,2025-03-01 08:32:57,17.03,cash_advance,pos,0.0402,0
14,2025-03-01 19:37:58,30.79,jewelry,pos,0.0139,0
14,2025-03-02 05:23:18,78.62,travel,online,0.0268,0
14,2025-03-02 09:19:04,6.87,jewelry,pos,0.024,0
14,2025-03-02 13:42:44,20.72,jewelry,pos,0.1187,0
14,2025-03-02 17:27:15,18.48,travel,pos,0.0577,0
14,2025-03-02 17:44:27,41.62,online_retail,online,0.0411,0
14,2025-03-04 07:16:58,16.98,jewelry,online,0.0841,0
14,2025-03-04 18:40:19,20.64,travel,online,0.0732,0
14,2025-03-05 12:28:14,52.83,travel,mobile,0.0146,0
14,2025-03-05 15:21:02,15.16,jewelry,mobile,0.0656,0
14,2025-03-05 15:22:30,44.36,online_retail,pos,0.0466,0
14,2025-03-05 22:12:00,26.87,online_retail,atm,0.0026,0
14,2025-03-06 14:41:16,89.67,online_retail,pos,0.009,0
14,2025-03-06 15:38:27,9.05,online_retail,online,0.0342,0
14,2025-03-08 16:25:11,54.38,online_retail,online,0.0217,0
14,2025-03-09 02:19:13,13.97,travel,mobile,0.1041,0
14,2025-03-11 16:34:50,17.73,travel,mobile,0.0164,0
14,2025-03-12 18:02:13,21.93,travel,online,0.0469,0
14,2025-03-13 12:58:50,21.39,fuel,pos,0.0156,0
14,2025-03-13 14:42:18,47.86,jewelry,pos,0.0072,0
14,2025-03-14 05:57:38,50.63,online_retail,pos,0.0286,0
14,2025-03-14 16:29:14,100.33,online_retail,online,0.0379,0
14,2025-03-14 16:47:17,22.2,travel,pos,0.0156,0
14,2025-03-14 19:42:21,14.04,grocery,online,0.0214,0
14,2025-03-15 03:57:36,23.52,jewelry,online,0.0751,0
14,2025-03-15 13:41:02,19.57,jewelry,online,0.0041,0
14,2025-03-15 17:01:26,53.05,travel,online,0.0017,0
14,2025-03-16 07:14:57,9.89,travel,mobile,0.0886,0
14,2025-03-16 13:47:08,40.19,jewelry,online,0.0551,0
14,2025-03-16 17:48:06,56.46,grocery,online,0.0199,0
14,2025-03-17 11:21:04,13.58,travel,pos,0.0722,0
14,2025-03-17 13:15:13,55.65,travel,atm,0.0095,0
14,2025-03-18 11:07:04,21.07,jewelry,pos,0.0411,0
14,2025-03-18 11:59:58,19.06,cash_advance,pos,0.0434,0
14,2025-03-19 06:58:32,40.46,travel,pos,0.0497,0
14,2025-03-19 14:36:09,16.25,jewelry,pos,0.0599,0
14,2025-03-21 12:36:39,15.79,jewelry,mobile,0.0269,0
14,2025-03-22 19:41:36,22.11,online_retail,pos,0.0123,0
14,2025-03-23 10:15:08,81.05,travel,atm,0.092,0
14,2025-03-23 11:35:47,34.4,grocery,online,0.0572,0
14,2025-03-24 10:27:38,13.36,online_retail,pos,0.0103,0
14,2025-03-24 15:03:24,40.64,travel,online,0.0123,0
14,2025-03-24 15:18:27,23.12,online_retail,pos,0.0573,0
14,2025-03-24 15:45:01,17.1,restaurant,online,0.0697,0
14,2025-03-24 16:31:37,26.3,online_retail,pos,0.0342,0
14,2025-03-25 15:52:38,23.03,travel,online,0.0386,0
14,2025-03-25 21:35:27,16.73,online_retail,online,0.0156,0
14,2025-03-26 02:37:25,33.56,jewelry,online,0.0387,0
14,2025-03-26 17:25:00,33.02,travel,online,0.0106,0
14,2025-03-26 20:32:55,29.52,jewelry,online,0.0733,0
14,2025-03-27 12:42:15,53.12,travel,online,0.0114,0
14,2025-03-28 11:19:03,10.0,travel,online,0.0114,0
14,2025-03-28 16:06:46,48.6,online_retail,mobile,0.0371,0
14,2025-03-28 17:33:55,45.44,travel,pos,0.0661,0
14,2025-03-29 21:31:49,32.37,travel,pos,0.0797,0
14,2025-03-30 11:40:52,16.64,travel,mobile,0.0267,0
14,2025-03-31 02:22:40,8.2,travel,online,0.0379,0
14,2025-03-31 11:03:41,7.84,travel,atm,0.064,0
14,2025-03-31 13:11:18,9.57,travel,mobile,0.1161,0
14,2025-03-31 17:06:51,44.53,jewelry,mobile,0.0065,0
14,2025-04-01 02:21:25,26.61,online_retail,atm,0.0893,0
14,2025-04-01 08:39:14,47.17,jewelry,mobile,0.0131,0
14,2025-04-01 09:37:34,9.3,electronics,online,0.0554,0
14,2025-04-01 20:20:34,38.86,online_retail,mobile,0.0156,0
14,2025-04-02 16:10:07,60.85,fuel,pos,0.0334,0
14,2025-04-03 15:40:22,78.5,online_retail,mobile,0.04,0
14,2025-04-03 17:17:43,31.66,jewelry,pos,0.0083,0
14,2025-04-03 18:28:37,40.94,travel,pos,0.0742,0
14,2025-04-04 18:26:25,58.51,online_retail,online,0.0053,0
14,2025-04-05 11:58:45,7.78,travel,mobile,0.0054,0
14,2025-04-05 14:19:14,33.84,jewelry,mobile,0.082,0
14,2025-04-06 11:22:51,74.38,travel,pos,0.12,0
14,2025-04-06 17:34:54,51.94,jewelry,online,0.0009,0
14,2025-04-07 18:39:08,9.63,restaurant,pos,0.0255,0
14,2025-04-08 17:00:32,39.95,jewelry,mobile,0.0148,0
14,2025-04-10 06:01:41,8.18,online_retail,online,0.0207,0
14,2025-04-11 11:17:55,17.62,travel,mobile,0.0788,0
14,2025-04-11 11:18:21,9.5,restaurant,mobile,0.0055,0
14,2025-04-11 14:16:38,14.68,travel,pos,0.001,0
14,2025-04-11 14:22:58,69.27,online_retail,pos,0.0048,0
14,2025-04-12 16:36:48,8.67,jewelry,online,0.0128,0
14,2025-04-13 05:20:45,39.09,jewelry,online,0.0593,0
14,2025-04-13 09:37:42,15.08,travel,mobile,0.0137,0
14,2025-04-13 09:38:59,14.14,online_retail,online,0.0938,0
14,2025-04-13 11:42:17,53.71,online_retail,online,0.0375,0
14,2025-04-15 11:57:08,22.68,jewelry,pos,0.05,0
14,2025-04-16 08:00:16,43.34,jewelry,online,0.033,0
14,2025-04-16 15:23:36,24.61,utilities,online,0.0692,0
14,2025-04-17 16:29:30,16.43,travel,mobile,0.0179,0
14,2025-04-17 21:49:24,15.25,jewelry,online,0.0622,0
14,2025-04-18 17:47:51,9.57,fuel,online,0.0232,0
14,2025-04-19 07:50:10,20.35,jewelry,mobile,0.0131,0
14,2025-04-19 09:36:50,18.12,entertainment,online,0.0575,0
14,2025-04-19 11:36:50,38.03,fuel,online,0.0716,0
14,2025-04-19 11:53:55,21.74,entertainment,pos,0.0112,0
14,2025-04-19 12:02:55,7.98,electronics,pos,0.0617,0
14,2025-04-19 12:58:00,31.12,travel,pos,0.0693,0
14,2025-04-20 10:13:13,17.53,online_retail,pos,0.0053,0
14,2025-04-20 11:55:28,55.07,jewelry,online,0.0744,0
14,2025-04-22 13:02:40,23.34,travel,pos,0.0363,0
14,2025-04-23 15:01:38,23.92,jewelry,pos,0.0212,0
14,2025-04-24 11:14:35,23.76,jewelry,online,0.0108,0
14,2025-04-24 14:44:06,27.65,travel,online,0.0268,0
14,2025-04-24 16:45:55,49.19,online_retail,pos,0.0789,0
14,2025-04-25 18:29:58,35.37,online_retail,pos,0.0311,0
14,2025-04-25 18:44:12,48.27,utilities,pos,0.0063,0
14,2025-04-27 10:44:05,81.81,travel,online,0.04,0
14,2025-04-27 17:02:53,12.04,online_retail,mobile,0.0498,0
14,2025-04-28 23:56:14,62.25,online_retail,online,0.0024,0
14,2025-04-29 05:30:21,36.67,jewelry,online,0.0238,0
14,2025-04-29 12:54:58,20.87,travel,online,0.0817,0
14,2025-04-29 15:02:13,13.58,jewelry,online,0.0106,0
14,2025-04-29 17:21:18,37.34,travel,online,0.0029,0
14,2025-04-29 18:39:32,15.62,travel,mobile,0.0295,0
14,2025-05-01 10:44:03,45.68,online_retail,pos,0.049,0
14,2025-05-02 11:10:27,154.5,online_retail,online,0.0952,0
14,2025-05-02 14:34:39,122.09,jewelry,pos,0.0536,0
14,2025-05-02 17:59:15,21.92,jewelry,mobile,0.0461,0
14,2025-05-06 11:25:46,25.92,jewelry,online,0.0635,0
14,2025-05-06 12:03:56,30.4,online_retail,pos,0.0579,0
14,2025-05-06 17:15:43,18.43,online_retail,mobile,0.0091,0
14,2025-05-06 23:41:40,21.93,jewelry,pos,0.0507,0
14,2025-05-06 23:56:26,24.85,travel,atm,0.025,0
14,2025-05-07 11:41:49,35.56,travel,pos,0.0013,0
14,2025-05-07 12:59:53,74.81,cash_advance,mobile,0.0122,0
14,2025-05-07 13:49:28,13.49,electronics,mobile,0.0568,0
14,2025-05-08 18:28:00,10.57,travel,pos,0.0609,0
14,2025-05-09 07:03:48,30.75,entertainment,online,0.0232,0
14,2025-05-09 08:40:29,33.68,travel,online,0.0114,0
14,2025-05-09 11:04:39,62.33,travel,pos,0.0104,0
14,2025-05-09 14:57:53,17.91,jewelry,online,0.0059,0
14,2025-05-09 17:42:06,52.89,jewelry,pos,0.036,0
14,2025-05-10 05:15:00,33.62,travel,mobile,0.0524,0
14,2025-05-10 12:12:03,20.78,travel,pos,0.0338,0
14,2025-05-11 18:10:00,51.05,travel,online,0.0144,0
14,2025-05-12 22:46:08,27.02,travel,mobile,0.0084,0
14,2025-05-13 12:15:02,31.08,utilities,online,0.05,0
14,2025-05-13 13:29:23,21.1,jewelry,online,0.0835,0
14,2025-05-13 15:29:52,67.79,jewelry,pos,0.0357,0
14,2025-05-14 15:58:52,90.71,travel,pos,0.0495,0
14,2025-05-15 16:28:21,22.46,online_retail,mobile,0.0667,0
14,2025-05-16 06:35:29,27.55,jewelry,pos,0.004,0
14,2025-05-16 20:21:20,29.85,jewelry,online,0.0236,0
14,2025-05-17 12:30:58,23.42,online_retail,online,0.031,0
14,2025-05-17 16:53:34,67.08,grocery,pos,0.0841,0
14,2025-05-17 19:47:35,23.16,online_retail,online,0.0644,0
14,2025-05-18 19:59:20,23.93,travel,online,0.066,0
14,2025-05-19 17:34:48,27.56,electronics,online,0.0119,0
14,2025-05-21 15:07:49,34.79,jewelry,pos,0.0043,0
14,2025-05-21 16:06:27,50.95,jewelry,mobile,0.0256,0
14,2025-05-22 06:37:10,24.01,cash_advance,mobile,0.0678,0
14,2025-05-22 11:28:22,48.11,jewelry,pos,0.0091,0
14,2025-05-22 15:31:18,24.89,travel,online,0.0019,0
14,2025-05-23 12:41:04,24.38,online_retail,mobile,0.0131,0
14,2025-05-24 07:14:36,41.68,online_retail,mobile,0.0242,0
14,2025-05-24 13:11:55,9.27,jewelry,online,0.1199,0
14,2025-05-24 15:44:45,32.27,online_retail,mobile,0.0119,0
14,2025-05-24 16:37:31,13.85,online_retail,pos,0.004,0
14,2025-05-24 22:44:55,13.93,travel,pos,0.0476,0
14,2025-05-25 10:13:36,149.32,jewelry,online,0.0113,0
14,2025-05-26 13:02:05,164.45,online_retail,online,0.0658,0
14,2025-05-26 19:04:38,27.8,jewelry,mobile,0.0498,0
14,2025-05-27 10:56:10,25.35,online_retail,pos,0.0256,0
14,2025-05-27 15:49:19,21.77,travel,online,0.0364,0
14,2025-05-28 11:58:44,22.03,travel,online,0.1119,0
14,2025-05-29 11:24:42,21.22,online_retail,mobile,0.016,0
14,2025-05-29 12:18:58,34.91,online_retail,pos,0.0469,0
14,2025-05-30 14:19:17,36.31,travel,pos,0.0688,0
14,2025-05-30 17:02:01,15.88,online_retail,online,0.026,0
14,2025-05-30 20:10:05,25.68,fuel,online,0.1126,0
14,2025-05-31 09:25:18,46.37,travel,online,0.1052,0
14,2025-05-31 10:42:00,21.49,online_retail,online,0.0079,0
14,2025-05-31 11:37:54,17.38,travel,pos,0.019,0
14,2025-05-31 12:24:25,50.93,jewelry,pos,0.0109,0
14,2025-06-02 07:09:29,20.47,online_retail,online,0.0185,0
14,2025-06-03 13:19:58,43.96,restaurant,online,0.0403,0
14,2025-06-03 13:21:42,54.47,travel,pos,0.0062,0
14,2025-06-03 13:29:25,53.04,jewelry,pos,0.0189,0
14,2025-06-03 13:36:27,37.47,online_retail,online,0.0456,0
14,2025-06-03 17:50:19,40.78,travel,online,0.0205,0
14,2025-06-05 15:56:56,51.54,online_retail,pos,0.0309,0
14,2025-06-06 09:40:17,30.69,online_retail,pos,0.0587,0
14,2025-06-06 11:35:21,33.31,cash_advance,online,0.0045,0
14,2025-06-07 09:36:47,17.25,jewelry,mobile,0.0125,0
14,2025-06-07 12:34:57,75.63,travel,online,0.0246,0
14,2025-06-07 16:37:15,52.24,travel,online,0.0766,0
14,2025-06-07 17:49:49,28.53,restaurant,mobile,0.0101,0
14,2025-06-09 11:31:30,87.11,electronics,mobile,0.0144,0
14,2025-06-09 15:45:59,33.82,online_retail,atm,0.0944,0
14,2025-06-10 16:13:26,30.6,jewelry,mobile,0.0708,0
14,2025-06-11 13:59:39,18.15,grocery,pos,0.0071,0
14,2025-06-11 21:04:16,53.69,online_retail,online,0.0251,0
14,2025-06-11 21:22:46,36.34,restaurant,mobile,0.0473,0
14,2025-06-14 19:58:41,24.43,online_retail,online,0.0296,0
14,2025-06-14 21:39:12,31.14,grocery,pos,0.0254,0
14,2025-06-15 18:21:30,27.95,jewelry,mobile,0.0081,0
14,2025-06-16 05:40:33,15.99,travel,pos,0.0159,0
14,2025-06-17 08:35:26,52.49,online_retail,atm,0.1069,0
14,2025-06-17 12:05:30,17.45,jewelry,mobile,0.049,0
14,2025-06-17 12:54:51,45.56,travel,online,0.0081,0
14,2025-06-18 20:27:10,36.6,electronics,pos,0.0205,0
14,2025-06-19 04:04:56,9.1,travel,online,0.049,0
14,2025-06-19 19:51:27,18.0,travel,online,0.0062,0
14,2025-06-23 12:41:45,7.15,jewelry,pos,0.0461,0
14,2025-06-23 14:17:57,36.71,online_retail,online,0.0174,0
14,2025-06-23 17:39:09,20.57,jewelry,online,0.0272,0
14,2025-06-24 08:42:49,5.88,fuel,online,0.0708,0
14,2025-06-25 12:11:23,34.94,travel,online,0.0912,0
14,2025-06-26 10:48:30,47.49,online_retail,online,0.028,0
14,2025-06-26 12:21:16,31.33,jewelry,pos,0.0205,0
14,2025-06-27 07:48:28,16.59,online_retail,online,0.0249,0
14,2025-06-27 10:24:27,11.68,online_retail,online,0.0401,0
14,2025-06-27 15:47:21,9.41,travel,pos,0.0533,0
14,2025-06-27 19:54:49,29.82,online_retail,pos,0.1204,0
14,2025-06-28 09:13:07,16.29,travel,mobile,0.0521,0
14,2025-06-28 14:30:30,28.7,travel,atm,0.0417,0
14,2025-06-29 09:08:26,15.88,cash_advance,pos,0.0879,0
14,2025-06-29 12:56:05,76.93,online_retail,online,0.0409,0
15,2025-01-01 11:26:50,21.06,online_retail,mobile,0.0045,0
15,2025-01-02 10:20:30,36.84,online_retail,mobile,0.0104,0
15,2025-01-04 14:49:30,57.62,online_retail,online,0.0692,0
15,2025-01-06 05:38:40,10.29,online_retail,online,0.0847,0
15,2025-01-07 18:10:46,16.68,online_retail,mobile,0.0734,0
15,2025-01-10 11:58:01,7.79,electronics,online,0.0491,0
15,2025-01-11 12:23:40,21.35,online_retail,pos,0.0263,0
15,2025-01-11 16:24:36,3.01,online_retail,online,0.0907,0
15,2025-01-13 03:32:27,34.76,travel,pos,0.0443,0
15,2025-01-13 17:03:04,29.73,electronics,pos,0.0347,0
15,2025-01-14 16:31:34,55.96,travel,online,0.0781,0
15,2025-01-17 14:34:07,26.8,electronics,pos,0.105,0
15,2025-01-18 08:51:05,33.41,electronics,online,0.0037,0
15,2025-01-19 18:46:53,15.94,online_retail,online,0.04,0
15,2025-01-22 12:06:53,20.59,electronics,pos,0.0442,0
15,2025-01-25 09:39:14,24.95,online_retail,online,0.0209,0
15,2025-01-26 07:25:02,10.15,jewelry,online,0.0775,0
15,2025-01-26 17:12:32,12.33,utilities,mobile,0.0248,0
15,2025-01-27 09:48:38,13.9,utilities,pos,0.0482,0
15,2025-01-27 20:47:11,17.21,travel,mobile,0.0404,0
15,2025-01-28 16:21:19,12.13,electronics,mobile,0.0036,0
15,2025-01-28 17:55:58,36.63,jewelry,mobile,0.0613,0
15,2025-02-02 23:03:21,17.38,jewelry,online,0.0447,0
15,2025-02-04 08:27:12,25.9,electronics,online,0.0547,0
15,2025-02-08 22:20:57,17.5,fuel,pos,0.0231,0
15,2025-02-09 15:11:14,36.94,online_retail,mobile,0.0968,0
15,2025-02-09 16:37:01,71.11,electronics,pos,0.0649,0
15,2025-02-12 06:39:54,19.23,online_retail,pos,0.051,0
15,2025-02-22 17:22:45,62.26,online_retail,pos,0.0582,0
15,2025-02-23 11:20:37,53.39,electronics,online,0.0046,0
15,2025-02-25 14:38:51,15.54,electronics,online,0.0382,0
15,2025-02-26 20:44:58,12.85,fuel,pos,0.036,0
15,2025-02-27 11:51:07,35.92,online_retail,mobile,0.0155,0
15,2025-03-03 15:19:01,9.63,electronics,atm,0.0612,0
15,2025-03-04 09:51:40,19.81,fuel,atm,0.04,0
15,2025-03-05 23:07:36,61.81,cash_advance,mobile,0.1073,0
15,2025-03-06 13:07:53,8.57,electronics,online,0.0379,0
15,2025-03-09 06:55:59,10.22,travel,online,0.0334,0
15,2025-03-11 15:50:02,18.35,grocery,mobile,0.0055,0
15,2025-03-12 09:37:26,5.85,entertainment,mobile,0.0412,0
15,2025-03-12 19:05:33,23.55,cash_advance,pos,0.0716,0
15,2025-03-16 10:16:58,25.38,jewelry,pos,0.0026,0
15,2025-03-20 06:06:07,21.46,jewelry,atm,0.0631,0
15,2025-03-25 17:07:29,25.49,electronics,online,0.042,0
15,2025-03-25 18:13:29,20.49,jewelry,online,0.0413,0
15,2025-03-27 08:06:38,7.87,fuel,pos,0.0202,0
15,2025-03-27 17:55:39,45.45,entertainment,pos,0.1421,0
15,2025-03-30 12:17:23,30.26,online_retail,mobile,0.0666,0
15,2025-04-01 11:25:03,7.82,online_retail,mobile,0.0306,0
15,2025-04-03 10:15:45,38.31,jewelry,pos,0.0302,0
15,2025-04-04 17:33:07,88.06,online_retail,pos,0.0704,0
15,2025-04-07 13:52:48,26.43,jewelry,online,0.089,0
15,2025-04-09 13:53:41,27.25,jewelry,atm,0.1097,0
15,2025-04-09 14:20:34,31.16,electronics,pos,0.0098,0
15,2025-04-11 13:02:15,15.19,jewelry,mobile,0.0543,0
15,2025-04-13 05:47:41,12.67,electronics,online,0.0551,0
15,2025-04-17 15:15:02,18.45,jewelry,atm,0.0106,0
15,2025-04-18 19:05:04,10.87,jewelry,mobile,0.0223,0
15,2025-04-21 12:40:30,15.7,jewelry,pos,0.0467,0
15,2025-04-25 11:05:24,24.95,jewelry,online,0.0361,0
15,2025-04-28 19:24:40,56.07,electronics,online,0.0227,0
15,2025-04-29 15:30:44,31.99,online_retail,online,0.0159,0
15,2025-05-03 18:36:54,24.46,electronics,online,0.0292,0
15,2025-05-03 23:57:54,7.34,jewelry,mobile,0.0483,0
15,2025-05-05 13:33:41,11.72,online_retail,online,0.0251,0
15,2025-05-06 04:53:54,22.03,electronics,online,0.0241,0
15,2025-05-09 07:59:49,43.42,electronics,pos,0.1495,0
15,2025-05-10 23:15:16,15.37,online_retail,pos,0.0201,0
15,2025-05-11 12:10:49,11.52,online_retail,online,0.0837,0
15,2025-05-11 20:43:35,48.48,electronics,pos,0.0319,0
15,2025-05-14 17:14:19,13.76,online_retail,pos,0.0405,0
15,2025-05-15 10:40:17,13.89,electronics,pos,0.054,0
15,2025-05-15 20:39:17,21.38,online_retail,atm,0.0686,0
15,2025-05-16 16:00:40,8.02,jewelry,online,0.0423,0
15,2025-05-17 11:19:08,24.88,utilities,online,0.0942,0
15,2025-05-18 13:11:30,19.18,grocery,pos,0.0533,0
15,2025-05-20 16:13:12,14.8,jewelry,online,0.0436,0
15,2025-05-25 08:57:26,13.94,electronics,online,0.1376,0
15,2025-05-26 13:16:22,42.5,online_retail,online,0.015,0
15,2025-05-26 14:53:41,10.45,online_retail,online,0.0641,0
15,2025-05-28 14:33:04,16.57,fuel,pos,0.019,0
15,2025-06-04 00:18:21,12.68,electronics,mobile,0.0121,0
15,2025-06-04 11:38:56,13.46,jewelry,mobile,0.1244,0
15,2025-06-06 09:43:48,26.32,online_retail,mobile,0.0111,0
15,2025-06-09 00:00:58,16.65,jewelry,pos,0.0822,0
15,2025-06-10 09:06:15,31.46,electronics,pos,0.0583,0
15,2025-06-10 16:53:50,18.74,electronics,online,0.0878,0
15,2025-06-11 20:57:37,11.5,electronics,pos,0.0249,0
15,2025-06-12 09:02:19,14.14,electronics,atm,0.0236,0
15,2025-06-13 17:19:31,17.56,electronics,mobile,0.0656,0
15,2025-06-16 12:44:09,23.59,jewelry,online,0.0415,0
15,2025-06-21 12:19:53,39.94,online_retail,online,0.0345,0
15,2025-06-21 18:23:58,17.41,online_retail,online,0.0194,0
15,2025-06-23 17:41:25,18.37,online_retail,online,0.0704,0
15,2025-06-25 03:08:04,51.13,restaurant,online,0.0422,0
15,2025-06-26 07:08:53,13.21,electronics,mobile,0.0345,0
16,2025-01-02 09:39:19,25.23,utilities,mobile,0.0215,0
16,2025-01-02 23:34:50,49.28,utilities,mobile,0.0099,0
16,2025-01-03 18:50:35,85.67,fuel,pos,0.048,0
16,2025-01-04 07:41:36,21.96,online_retail,pos,0.0008,0
16,2025-01-05 00:30:20,103.18,grocery,pos,0.0203,0
16,2025-01-06 09:11:27,106.97,online_retail,pos,0.0522,0
16,2025-01-06 18:42:21,29.62,electronics,online,0.0454,0
16,2025-01-07 10:12:44,25.41,electronics,mobile,0.0823,0
16,2025-01-07 11:40:57,21.62,electronics,mobile,0.0466,0
16,2025-01-08 20:53:33,22.85,electronics,mobile,0.0422,0
16,2025-01-09 15:21:40,75.52,electronics,online,0.0429,0
16,2025-01-09 23:14:04,58.86,electronics,pos,0.1097,0
16,2025-01-11 17:25:17,45.28,online_retail,online,0.0273,0
16,2025-01-13 18:24:16,101.02,utilities,pos,0.0041,0
16,2025-01-13 21:07:08,61.78,electronics,pos,0.0431,0
16,2025-01-14 16:31:20,75.36,online_retail,online,0.0828,0
16,2025-01-15 13:32:37,37.15,utilities,mobile,0.0608,0
16,2025-01-18 22:53:20,21.21,travel,mobile,0.0666,0
16,2025-01-19 13:54:30,15.11,utilities,online,0.0204,0
16,2025-01-27 20:33:41,33.27,electronics,online,0.0433,0
16,2025-01-28 10:50:26,56.14,electronics,online,0.0488,0
16,2025-01-30 19:48:16,96.15,fuel,mobile,0.0181,0
16,2025-01-31 07:56:47,53.58,electronics,online,0.1,0
16,2025-01-31 18:45:35,15.41,online_retail,pos,0.04,0
16,2025-02-01 09:58:40,18.52,online_retail,online,0.0032,0
16,2025-02-01 13:56:35,45.71,restaurant,pos,0.0464,0
16,2025-02-04 03:47:09,39.89,online_retail,online,0.0011,0
16,2025-02-04 15:09:35,21.97,fuel,online,0.0899,0
16,2025-02-04 21:58:14,48.18,utilities,online,0.0297,0
16,2025-02-05 12:48:16,90.27,online_retail,mobile,0.0581,0
16,2025-02-05 13:49:43,19.17,online_retail,online,0.0197,0
16,2025-02-05 14:10:45,34.35,online_retail,pos,0.043,0
16,2025-02-06 07:28:49,20.84,utilities,mobile,0.0444,0
16,2025-02-08 16:05:33,45.71,utilities,online,0.0505,0
16,2025-02-09 10:59:06,98.88,fuel,pos,0.0918,0
16,2025-02-09 17:56:19,176.59,utilities,pos,0.0174,0
16,2025-02-11 18:20:28,55.65,online_retail,online,0.0652,0
16,2025-02-12 10:49:37,28.79,utilities,online,0.0123,0
16,2025-02-13 11:15:19,67.06,utilities,pos,0.0319,0
16,2025-02-13 19:04:00,64.44,electronics,mobile,0.0798,0
16,2025-02-13 19:07:56,30.46,online_retail,pos,0.0364,0
16,2025-02-14 17:08:59,20.04,restaurant,online,0.0492,0
16,2025-02-16 20:00:22,31.43,online_retail,online,0.045,0
16,2025-02-16 21:20:10,14.85,online_retail,pos,0.084,0
16,2025-02-17 15:47:50,116.94,online_retail,mobile,0.0157,0
16,2025-02-19 14:15:24,43.66,utilities,mobile,0.0001,0
16,2025-02-20 12:27:59,169.87,electronics,pos,0.1111,0
16,2025-02-20 20:52:26,20.76,online_retail,mobile,0.0075,0
16,2025-02-21 11:43:28,35.57,electronics,mobile,0.0266,0
16,2025-02-22 23:03:38,35.6,grocery,mobile,0.0088,0
16,2025-02-23 07:54:41,142.65,utilities,online,0.009,0
16,2025-02-24 06:16:59,79.38,electronics,pos,0.0345,0
16,2025-02-24 08:23:18,41.55,utilities,pos,0.0369,0
16,2025-02-25 09:30:45,8.42,utilities,online,0.0446,0
16,2025-02-25 13:28:27,62.28,online_retail,pos,0.006,0
16,2025-02-26 14:24:07,173.69,online_retail,online,0.1012,0
16,2025-02-28 03:10:30,14.99,electronics,mobile,0.0033,0
16,2025-02-28 16:31:02,49.25,online_retail,online,0.0221,0
16,2025-03-01 21:22:14,14.6,entertainment,online,0.0575,0
16,2025-03-02 15:44:31,29.55,online_retail,online,0.0072,0
16,2025-03-03 08:16:49,42.04,online_retail,mobile,0.0198,0
16,2025-03-05 17:26:32,150.64,fuel,mobile,0.042,0
16,2025-03-06 12:50:01,34.71,electronics,mobile,0.0691,0
16,2025-03-07 11:00:24,61.79,utilities,pos,0.0269,0
16,2025-03-08 12:05:05,106.56,electronics,pos,0.0037,0
16,2025-03-08 16:23:06,135.71,electronics,pos,0.0468,0
16,2025-03-08 20:54:12,33.69,online_retail,atm,0.027,0
16,2025-03-10 17:42:13,98.87,electronics,online,0.0485,0
16,2025-03-10 19:49:27,16.57,utilities,pos,0.0816,0
16,2025-03-11 14:51:12,28.61,utilities,pos,0.027,0
16,2025-03-11 19:32:53,81.05,utilities,pos,0.1225,0
16,2025-03-12 12:47:24,63.4,online_retail,mobile,0.0248,0
16,2025-03-13 11:24:55,48.57,utilities,mobile,0.0051,0
16,2025-03-13 12:50:00,41.4,grocery,pos,0.0392,0
16,2025-03-15 19:58:19,27.54,online_retail,pos,0.0479,0
16,2025-03-17 08:18:21,22.65,entertainment,pos,0.0042,0
16,2025-03-17 23:16:04,42.61,electronics,pos,0.0007,0
16,2025-03-21 15:17:36,44.01,electronics,online,0.016,0
16,2025-03-22 12:29:10,97.68,online_retail,online,0.0283,0
16,2025-03-22 18:42:37,61.49,online_retail,online,0.011,0
16,2025-03-23 16:32:53,21.65,online_retail,pos,0.0186,0
16,2025-03-23 20:28:18,39.86,utilities,pos,0.0336,0
16,2025-03-26 12:01:41,33.48,utilities,online,0.0231,0
16,2025-03-27 07:34:39,74.15,electronics,pos,0.0314,0
16,2025-04-01 04:49:29,22.89,electronics,online,0.0266,0
16,2025-04-01 06:14:21,46.88,utilities,atm,0.0001,0
16,2025-04-03 12:49:40,23.55,utilities,online,0.0079,0
16,2025-04-06 12:28:13,61.55,utilities,pos,0.0126,0
16,2025-04-07 03:31:21,110.77,online_retail,online,0.0095,0
16,2025-04-09 16:14:09,30.23,utilities,pos,0.0071,0
16,2025-04-14 16:54:20,60.67,cash_advance,pos,0.1004,0
16,2025-04-15 15:32:30,106.31,electronics,mobile,0.0108,0
16,2025-04-16 15:54:22,11.27,online_retail,mobile,0.0867,0
16,2025-04-16 16:05:07,23.59,utilities,pos,0.0244,0
16,2025-04-18 14:51:28,20.05,utilities,mobile,0.0796,0
16,2025-04-18 15:20:57,35.83,utilities,pos,0.0456,0
16,2025-04-19 11:16:23,49.76,online_retail,mobile,0.0363,0
16,2025-04-19 15:18:37,42.34,entertainment,online,0.0318,0
16,2025-04-19 17:26:52,98.62,jewelry,mobile,0.019,0
16,2025-04-20 23:36:02,25.12,utilities,pos,0.0139,0
16,2025-04-22 20:23:27,16.95,utilities,online,0.0327,0
16,2025-04-23 06:08:33,43.95,utilities,pos,0.0296,0
16,2025-04-23 23:17:07,54.86,electronics,online,0.0188,0
16,2025-04-25 20:50:43,15.83,grocery,pos,0.001,0
16,2025-04-27 12:55:56,20.24,utilities,pos,0.0213,0
16,2025-04-27 14:19:07,16.21,entertainment,atm,0.0411,0
16,2025-04-28 11:07:37,10.27,electronics,mobile,0.0692,0
16,2025-04-28 21:49:49,65.53,online_retail,pos,0.0396,0
16,2025-04-30 14:28:09,20.24,utilities,pos,0.0257,0
16,2025-04-30 19:52:30,33.75,utilities,pos,0.0614,0
16,2025-05-01 19:11:50,86.21,electronics,mobile,0.048,0
16,2025-05-02 19:35:03,81.98,electronics,online,0.0649,0
16,2025-05-03 14:46:04,40.15,utilities,online,0.0502,0
16,2025-05-05 04:20:20,159.13,electronics,mobile,0.0004,0
16,2025-05-06 15:26:25,121.45,online_retail,mobile,0.0584,0
16,2025-05-07 10:37:54,49.03,entertainment,mobile,0.0291,0
16,2025-05-09 07:20:48,79.54,electronics,online,0.0026,0
16,2025-05-10 11:38:57,102.3,online_retail,online,0.0107,0
16,2025-05-12 11:45:33,15.82,electronics,online,0.0304,0
16,2025-05-13 15:06:44,26.67,fuel,online,0.1159,0
16,2025-05-14 15:18:07,62.27,fuel,online,0.0417,0
16,2025-05-15 19:43:02,56.82,utilities,pos,0.0181,0
16,2025-05-16 04:06:34,33.65,utilities,pos,0.0741,0
16,2025-05-17 15:45:30,52.52,online_retail,online,0.0756,0
16,2025-05-17 18:28:50,83.22,travel,mobile,0.0478,0
16,2025-05-19 17:01:02,48.55,online_retail,atm,0.0147,0
16,2025-05-21 09:23:20,97.52,electronics,online,0.0245,0
16,2025-05-21 09:31:03,18.13,online_retail,online,0.0345,0
16,2025-05-21 22:57:22,41.11,online_retail,pos,0.0272,0
16,2025-05-22 10:36:16,117.44,utilities,pos,0.045,0
16,2025-05-22 14:56:17,60.21,utilities,pos,0.0584,0
16,2025-05-27 13:24:45,32.63,online_retail,online,0.0111,0
16,2025-05-28 08:54:55,32.08,online_retail,pos,0.0288,0
16,2025-05-28 09:15:55,66.29,entertainment,online,0.0523,0
16,2025-05-28 23:53:45,65.66,electronics,mobile,0.0204,0
16,2025-05-29 23:33:02,214.57,utilities,pos,0.0124,0
16,2025-05-30 09:12:25,53.5,online_retail,online,0.1408,0
16,2025-05-30 13:41:48,27.37,online_retail,pos,0.0418,0
16,2025-05-31 11:45:26,83.29,cash_advance,pos,0.0198,0
16,2025-05-31 21:15:29,35.35,utilities,pos,0.0562,0
16,2025-06-01 13:45:50,23.87,utilities,pos,0.054,0
16,2025-06-02 13:28:39,32.32,online_retail,online,0.0532,0
16,2025-06-03 08:12:28,20.37,electronics,mobile,0.0345,0
16,2025-06-04 13:04:32,123.22,online_retail,pos,0.0062,0
16,2025-06-05 14:56:39,62.49,travel,atm,0.0126,0
16,2025-06-06 11:23:53,42.11,electronics,pos,0.0054,0
16,2025-06-07 12:04:04,236.78,electronics,mobile,0.0262,0
16,2025-06-07 23:33:28,228.05,utilities,online,0.0461,0
16,2025-06-11 11:14:10,46.76,online_retail,online,0.0182,0
16,2025-06-12 14:14:28,45.37,entertainment,online,0.0492,0
16,2025-06-13 06:34:58,57.48,utilities,online,0.026,0
16,2025-06-13 15:49:36,62.74,electronics,online,0.0234,0
16,2025-06-14 16:19:41,57.29,grocery,pos,0.0082,0
16,2025-06-15 08:05:04,63.72,electronics,mobile,0.0719,0
16,2025-06-16 13:11:35,43.11,online_retail,pos,0.0721,0
16,2025-06-16 17:03:08,121.3,fuel,online,0.0047,0
16,2025-06-19 10:35:44,30.97,electronics,online,0.1053,0
16,2025-06-19 10:50:49,55.17,online_retail,online,0.0741,0
16,2025-06-19 14:41:51,56.32,online_retail,pos,0.0003,0
16,2025-06-20 14:28:27,34.3,jewelry,atm,0.0003,0
16,2025-06-21 03:43:52,297.29,electronics,mobile,0.0366,0
16,2025-06-21 07:08:20,52.12,electronics,pos,0.0575,0
16,2025-06-21 14:55:01,47.26,electronics,mobile,0.0376,0
16,2025-06-21 16:53:08,16.65,utilities,online,0.0599,0
16,2025-06-21 17:26:02,54.05,online_retail,atm,0.0273,0
16,2025-06-24 11:53:10,55.07,fuel,mobile,0.0341,0
16,2025-06-24 12:08:07,34.48,online_retail,online,0.0028,0
16,2025-06-25 12:04:45,15.42,utilities,mobile,0.0299,0
16,2025-06-25 19:33:18,29.04,online_retail,mobile,0.0035,0
16,2025-06-26 18:47:57,161.05,utilities,pos,0.0688,0
16,2025-06-28 12:42:32,123.17,online_retail,online,0.0257,0
16,2025-06-29 17:51:30,31.68,electronics,mobile,0.0389,0
16,2025-06-29 23:05:54,37.02,electronics,mobile,0.0539,0
17,2025-01-01 14:07:04,68.98,online_retail,pos,0.0383,0
17,2025-01-04 06:03:06,56.49,electronics,online,0.028,0
17,2025-01-05 15:35:14,15.97,fuel,mobile,0.0824,0
17,2025-01-08 11:24:14,72.98,travel,atm,0.0871,0
17,2025-01-08 18:02:08,34.2,travel,mobile,0.0693,0
17,2025-01-09 17:27:32,24.07,travel,online,0.0118,0
17,2025-01-12 17:29:24,81.18,jewelry,mobile,0.0131,0
17,2025-01-13 10:28:51,9.82,restaurant,pos,0.0703,0
17,2025-01-13 14:39:42,4.94,entertainment,mobile,0.0216,0
17,2025-01-14 09:59:23,81.79,electronics,pos,0.0227,0
17,2025-01-14 11:56:58,13.45,jewelry,pos,0.0301,0
17,2025-01-14 14:38:54,35.63,restaurant,pos,0.0285,0
17,2025-01-15 23:11:04,27.03,travel,pos,0.0257,0
17,2025-01-16 11:39:34,41.74,fuel,mobile,0.0,0
17,2025-01-16 13:05:15,14.25,fuel,pos,0.0055,0
17,2025-01-16 19:20:39,5.44,grocery,online,0.0813,0
17,2025-01-17 15:06:10,25.53,travel,pos,0.0185,0
17,2025-01-20 15:47:10,18.14,fuel,online,0.0163,0
17,2025-01-20 16:33:58,38.26,travel,pos,0.0058,0
17,2025-01-21 13:39:12,56.56,fuel,online,0.0194,0
17,2025-01-21 17:07:00,19.02,fuel,pos,0.0245,0
17,2025-01-22 11:26:18,14.67,grocery,pos,0.0467,0
17,2025-01-25 18:18:43,15.18,fuel,mobile,0.022,0
17,2025-01-26 17:23:44,15.19,fuel,online,0.0145,0
17,2025-01-29 06:57:15,6.86,grocery,mobile,0.0318,0
17,2025-01-29 23:42:46,44.5,grocery,pos,0.0313,0
17,2025-01-30 06:27:01,47.86,cash_advance,mobile,0.0774,0
17,2025-01-30 09:07:30,29.8,fuel,pos,0.0645,0
17,2025-01-30 11:28:21,23.44,grocery,mobile,0.0458,0
17,2025-01-30 14:47:28,10.11,fuel,online,0.0662,0
17,2025-01-31 10:54:53,22.25,travel,mobile,0.0598,0
17,2025-01-31 11:22:20,53.98,jewelry,atm,0.0105,0
17,2025-02-04 13:41:55,33.98,travel,pos,0.0312,0
17,2025-02-05 04:18:02,77.17,entertainment,mobile,0.009,0
17,2025-02-05 07:57:23,8.99,grocery,pos,0.0391,0
17,2025-02-05 14:47:12,12.13,online_retail,pos,0.0655,0
17,2025-02-05 18:08:41,133.83,fuel,mobile,0.0496,0
17,2025-02-07 06:27:44,15.93,travel,online,0.0366,0
17,2025-02-07 12:10:50,31.26,grocery,pos,0.1003,0
17,2025-02-07 15:15:21,13.95,fuel,pos,0.0323,0
17,2025-02-08 05:18:50,12.24,grocery,pos,0.021,0
17,2025-02-08 07:16:11,3.18,fuel,online,0.0396,0
17,2025-02-08 10:59:51,26.38,travel,mobile,0.0461,0
17,2025-02-08 21:09:56,11.35,grocery,pos,0.0085,0
17,2025-02-09 06:31:52,47.89,grocery,pos,0.0558,0
17,2025-02-10 15:34:57,21.36,grocery,mobile,0.0169,0
17,2025-02-11 08:43:39,12.88,fuel,pos,0.0033,0
17,2025-02-13 16:57:58,16.09,online_retail,pos,0.0909,0
17,2025-02-14 14:13:24,32.59,travel,online,0.0572,0
17,2025-02-16 13:31:33,32.52,fuel,atm,0.0421,0
17,2025-02-17 07:12:12,12.75,grocery,mobile,0.0314,0
17,2025-02-17 13:35:44,17.62,grocery,mobile,0.0117,0
17,2025-02-18 17:45:16,19.45,fuel,pos,0.0183,0
17,2025-02-21 20:36:10,46.86,travel,pos,0.0354,0
17,2025-02-22 08:40:48,46.47,travel,pos,0.009,0
17,2025-02-22 19:50:31,24.72,cash_advance,pos,0.0369,0
17,2025-02-22 22:01:49,60.62,grocery,online,0.0053,0
17,2025-02-23 08:47:49,47.36,grocery,pos,0.0174,0
17,2025-02-24 10:56:09,40.48,travel,atm,0.0784,0
17,2025-02-24 13:05:58,24.3,electronics,pos,0.0108,0
17,2025-02-24 18:01:26,11.92,fuel,atm,0.0259,0
17,2025-02-25 14:19:27,22.04,grocery,online,0.0378,0
17,2025-02-26 15:39:49,34.48,travel,pos,0.0393,0
17,2025-02-27 11:33:08,24.88,fuel,pos,0.0222,0
17,2025-02-27 18:56:39,44.66,utilities,mobile,0.0081,0
17,2025-02-27 20:27:39,20.87,grocery,online,0.0214,0
17,2025-02-28 12:57:22,10.09,grocery,pos,0.0477,0
17,2025-02-28 12:59:34,18.88,grocery,online,0.0579,0
17,2025-03-01 14:20:26,38.86,restaurant,pos,0.0263,0
17,2025-03-01 16:00:10,69.8,grocery,pos,0.0381,0
17,2025-03-02 19:42:56,21.45,fuel,pos,0.0194,0
17,2025-03-03 04:54:58,72.23,fuel,online,0.0314,0
17,2025-03-04 12:18:14,27.76,grocery,pos,0.0241,0
17,2025-03-04 17:53:13,25.94,electronics,pos,0.0153,0
17,2025-03-05 12:21:25,18.39,travel,pos,0.0245,0
17,2025-03-05 14:26:34,26.89,grocery,pos,0.0515,0
17,2025-03-06 14:02:14,37.45,jewelry,online,0.0289,0
17,2025-03-07 20:59:52,39.93,travel,mobile,0.029,0
17,2025-03-11 14:09:19,32.82,jewelry,online,0.037,0
17,2025-03-11 17:21:19,21.49,fuel,pos,0.057,0
17,2025-03-12 14:28:28,37.71,fuel,online,0.0289,0
17,2025-03-13 12:47:01,14.49,grocery,online,0.0499,0
17,2025-03-14 21:50:52,44.06,fuel,online,0.0112,0
17,2025-03-15 17:44:48,12.16,travel,pos,0.0088,0
17,2025-03-16 16:22:54,20.87,grocery,pos,0.0781,0
17,2025-03-17 12:17:40,32.23,fuel,pos,0.03,0
17,2025-03-17 13:08:45,45.4,travel,mobile,0.0097,0
17,2025-03-18 15:12:24,25.14,travel,pos,0.003,0
17,2025-03-19 10:26:36,20.41,fuel,mobile,0.02,0
17,2025-03-21 11:48:29,26.93,fuel,atm,0.0146,0
17,2025-03-21 20:00:59,19.9,fuel,pos,0.0877,0
17,2025-03-22 12:13:34,36.88,online_retail,pos,0.0657,0
17,2025-03-22 15:07:27,33.96,grocery,online,0.0602,0
17,2025-03-23 10:38:15,24.62,fuel,atm,0.0886,0
17,2025-03-24 16:44:51,18.55,grocery,online,0.0469,0
17,2025-03-25 17:20:04,32.85,grocery,mobile,0.0517,0
17,2025-03-26 02:05:45,16.5,travel,pos,0.025,0
17,2025-03-26 17:03:41,34.58,travel,mobile,0.0025,0
17,2025-03-27 09:55:21,30.24,fuel,mobile,0.1182,0
17,2025-03-29 09:03:13,5.91,grocery,online,0.0131,0
17,2025-03-29 10:01:13,71.91,electronics,online,0.0079,0
17,2025-03-29 15:48:03,39.79,travel,mobile,0.0788,0
17,2025-03-29 18:36:31,17.88,fuel,online,0.0323,0
17,2025-03-31 13:59:32,33.17,electronics,online,0.0329,0
17,2025-03-31 16:31:39,15.12,fuel,pos,0.0303,0
17,2025-04-02 07:58:17,5.36,jewelry,online,0.0091,0
17,2025-04-05 06:34:47,12.5,fuel,pos,0.0131,0
17,2025-04-05 21:08:09,17.63,fuel,online,0.0129,0
17,2025-04-07 15:52:33,29.4,travel,pos,0.0244,0
17,2025-04-08 08:31:40,18.16,travel,online,0.002,0
17,2025-04-08 10:28:11,25.9,grocery,mobile,0.0576,0
17,2025-04-09 07:04:16,11.22,entertainment,online,0.056,0
17,2025-04-09 08:32:18,105.86,fuel,mobile,0.0672,0
17,2025-04-09 16:33:21,7.2,fuel,pos,0.017,0
17,2025-04-09 16:36:56,6.61,travel,mobile,0.0137,0
17,2025-04-10 03:46:12,50.25,grocery,online,0.0653,0
17,2025-04-10 12:57:32,9.84,online_retail,online,0.1296,0
17,2025-04-12 17:44:01,19.23,travel,pos,0.0403,0
17,2025-04-14 12:48:12,12.79,grocery,mobile,0.0031,0
17,2025-04-14 14:46:15,29.04,electronics,online,0.1026,0
17,2025-04-15 12:28:40,14.34,travel,pos,0.0325,0
17,2025-04-15 12:40:44,31.87,jewelry,pos,0.0187,0
17,2025-04-16 10:58:23,18.72,cash_advance,online,0.0058,0
17,2025-04-17 10:11:51,16.37,fuel,pos,0.0523,0
17,2025-04-17 12:55:22,30.39,travel,pos,0.0012,0
17,2025-04-17 15:04:28,29.0,grocery,online,0.0351,0
17,2025-04-17 17:46:50,29.11,travel,mobile,0.0624,0
17,2025-04-18 04:43:08,16.11,grocery,mobile,0.054,0
17,2025-04-18 17:11:17,60.38,fuel,online,0.0594,0
17,2025-04-19 13:23:02,47.71,restaurant,mobile,0.0155,0
17,2025-04-22 11:59:09,14.41,cash_advance,pos,0.012,0
17,2025-04-23 14:09:25,90.15,travel,online,0.0516,0
17,2025-04-23 15:36:49,42.42,travel,pos,0.06,0
17,2025-04-23 22:12:12,31.18,travel,pos,0.0783,0
17,2025-04-24 19:14:03,20.06,utilities,mobile,0.0028,0
17,2025-04-26 12:24:39,16.86,grocery,online,0.0464,0
17,2025-04-27 16:57:09,65.75,travel,pos,0.0586,0
17,2025-04-28 12:35:10,115.51,fuel,pos,0.013,0
17,2025-04-28 13:08:20,8.42,grocery,pos,0.012,0
17,2025-04-28 16:08:49,41.38,fuel,mobile,0.0047,0
17,2025-04-28 19:28:29,29.22,fuel,mobile,0.0558,0
17,2025-04-29 16:47:39,20.6,grocery,pos,0.0157,0
17,2025-04-30 17:47:21,50.16,travel,pos,0.0251,0
17,2025-05-01 14:01:16,49.9,cash_advance,atm,0.0907,0
17,2025-05-01 14:56:46,15.7,grocery,online,0.0472,0
17,2025-05-01 19:12:28,31.56,grocery,pos,0.0861,0
17,2025-05-02 09:22:59,25.85,grocery,online,0.0557,0
17,2025-05-02 14:56:49,10.14,travel,mobile,0.0632,0
17,2025-05-02 16:37:39,9.59,travel,online,0.0593,0
17,2025-05-02 23:05:28,34.11,grocery,online,0.0108,0
17,2025-05-04 15:41:16,10.19,grocery,mobile,0.0056,0
17,2025-05-05 06:48:15,55.35,electronics,pos,0.033,0
17,2025-05-05 08:45:57,7.82,grocery,online,0.015,0
17,2025-05-06 18:31:36,23.58,fuel,mobile,0.0363,0
17,2025-05-08 08:06:48,68.6,grocery,pos,0.0018,0
17,2025-05-08 14:18:55,11.41,utilities,online,0.0181,0
17,2025-05-09 13:19:30,128.61,grocery,mobile,0.0347,0
17,2025-05-09 16:13:37,17.85,grocery,online,0.0529,0
17,2025-05-09 17:39:14,32.76,travel,pos,0.0397,0
17,2025-05-11 04:28:14,6.21,grocery,mobile,0.0195,0
17,2025-05-11 11:43:01,10.56,travel,mobile,0.018,0
17,2025-05-11 18:44:58,30.16,restaurant,pos,0.0112,0
17,2025-05-12 19:26:58,74.23,travel,online,0.103,0
17,2025-05-14 20:08:37,10.38,travel,online,0.0233,0
17,2025-05-17 11:41:15,16.12,utilities,mobile,0.0518,0
17,2025-05-21 15:00:20,49.28,grocery,online,0.0235,0
17,2025-05-21 23:26:34,32.99,travel,pos,0.0003,0
17,2025-05-22 13:20:36,27.56,grocery,atm,0.0226,0
17,2025-05-22 23:24:56,45.06,grocery,online,0.0095,0
17,2025-05-24 20:04:38,89.33,fuel,pos,0.0084,0
17,2025-05-26 20:04:48,37.48,fuel,online,0.0183,0
17,2025-05-27 16:33:13,50.96,utilities,pos,0.0049,0
17,2025-05-28 05:22:23,46.45,grocery,pos,0.0001,0
17,2025-05-28 11:15:00,43.84,grocery,atm,0.0185,0
17,2025-05-29 19:08:46,11.2,online_retail,online,0.0618,0
17,2025-05-29 20:29:29,19.64,travel,pos,0.0076,0
17,2025-06-03 14:35:02,53.73,grocery,mobile,0.0126,0
17,2025-06-03 23:02:13,33.15,grocery,pos,0.0184,0
17,2025-06-05 12:04:41,26.7,restaurant,pos,0.0511,0
17,2025-06-07 15:46:50,12.55,grocery,online,0.0633,0
17,2025-06-08 17:20:44,9.03,grocery,online,0.0256,0
17,2025-06-08 19:16:57,38.98,grocery,online,0.045,0
17,2025-06-10 04:30:27,20.24,fuel,mobile,0.0609,0
17,2025-06-12 16:39:16,9.25,travel,mobile,0.024,0
17,2025-06-13 07:10:31,14.86,fuel,online,0.0103,0
17,2025-06-14 19:09:21,35.39,electronics,pos,0.0096,0
17,2025-06-17 14:18:01,24.62,fuel,mobile,0.0903,0
17,2025-06-18 02:11:29,47.34,fuel,pos,0.0027,0
17,2025-06-18 07:15:04,15.14,grocery,pos,0.028,0
17,2025-06-18 11:43:32,62.99,grocery,mobile,0.0001,0
17,2025-06-18 12:26:10,14.01,grocery,online,0.0191,0
17,2025-06-18 15:38:25,39.89,restaurant,pos,0.1266,0
17,2025-06-18 17:04:11,14.23,travel,mobile,0.0167,0
17,2025-06-19 10:26:32,51.25,fuel,online,0.0211,0
17,2025-06-20 15:09:30,66.64,travel,mobile,0.0638,0
17,2025-06-22 16:55:50,37.14,grocery,mobile,0.095,0
17,2025-06-23 11:29:31,36.5,electronics,pos,0.0069,0
17,2025-06-24 08:46:28,22.96,travel,pos,0.0404,0
17,2025-06-24 13:04:39,20.85,grocery,pos,0.0154,0
17,2025-06-24 13:39:14,15.44,fuel,mobile,0.1186,0
17,2025-06-25 16:08:00,70.8,utilities,pos,0.03,0
17,2025-06-26 13:41:33,32.4,fuel,mobile,0.064,0
17,2025-06-28 14:49:48,9.58,travel,online,0.0626,0
17,2025-06-28 15:58:38,16.44,fuel,mobile,0.0105,0
17,2025-06-29 16:50:40,20.54,travel,pos,0.0172,0
18,2025-01-01 17:58:09,43.22,jewelry,pos,0.0311,0
18,2025-01-03 11:46:41,109.24,electronics,mobile,0.0184,0
18,2025-01-03 19:53:47,34.94,electronics,online,0.0665,0
18,2025-01-04 11:54:36,41.36,jewelry,mobile,0.0105,0
18,2025-01-04 13:46:20,23.78,restaurant,pos,0.0613,0
18,2025-01-15 16:31:21,55.6,restaurant,mobile,0.0112,0
18,2025-01-17 11:22:56,17.47,jewelry,online,0.0053,0
18,2025-01-18 08:36:19,83.05,restaurant,online,0.0659,0
18,2025-01-18 23:55:03,70.96,restaurant,pos,0.0282,0
18,2025-01-22 11:30:35,40.99,jewelry,online,0.0454,0
18,2025-01-24 08:29:22,195.66,jewelry,online,0.0244,0
18,2025-01-29 19:50:34,76.33,restaurant,pos,0.0235,0
18,2025-02-03 08:31:28,64.18,electronics,online,0.024,0
18,2025-02-03 18:10:19,51.29,jewelry,online,0.071,0
18,2025-02-04 18:26:47,54.21,entertainment,online,0.0485,0
18,2025-02-05 11:56:31,29.47,electronics,pos,0.0409,0
18,2025-02-07 09:04:47,127.04,electronics,mobile,0.0019,0
18,2025-02-10 12:27:25,67.06,electronics,online,0.0156,0
18,2025-02-11 11:37:45,16.47,restaurant,pos,0.0384,0
18,2025-02-15 00:07:17,126.87,jewelry,pos,0.1266,0
18,2025-02-16 12:02:03,92.29,electronics,mobile,0.0236,0
18,2025-02-16 22:38:55,125.43,cash_advance,mobile,0.0267,0
18,2025-02-21 02:09:19,42.15,restaurant,pos,0.0057,0
18,2025-02-21 12:38:28,54.55,restaurant,online,0.0329,0
18,2025-02-22 11:02:03,119.9,travel,online,0.0396,0
18,2025-02-23 10:25:08,38.03,jewelry,pos,0.1333,0
18,2025-02-23 10:34:10,39.75,electronics,mobile,0.0088,0
18,2025-02-23 22:52:04,22.02,electronics,pos,0.0308,0
18,2025-02-26 12:06:57,109.64,restaurant,pos,0.0219,0
18,2025-02-27 07:28:48,75.88,grocery,mobile,0.0584,0
18,2025-02-27 20:27:39,38.61,travel,mobile,0.0243,0
18,2025-02-28 06:39:15,57.92,jewelry,online,0.0029,0
18,2025-03-02 13:06:51,135.23,restaurant,mobile,0.096,0
18,2025-03-03 17:03:14,134.2,restaurant,mobile,0.0233,0
18,2025-03-04 06:11:42,47.31,restaurant,mobile,0.2088,1
18,2025-03-06 13:01:03,26.13,electronics,online,0.0351,0
18,2025-03-10 14:38:18,85.15,cash_advance,atm,0.0918,0
18,2025-03-12 15:39:37,89.59,jewelry,online,0.0823,0
18,2025-03-13 16:24:41,25.66,electronics,online,0.0314,0
18,2025-03-13 18:17:48,19.4,jewelry,mobile,0.0387,0
18,2025-03-17 16:03:26,227.43,restaurant,mobile,0.0574,0
18,2025-03-18 05:05:31,23.73,electronics,pos,0.0232,0
18,2025-03-18 18:58:30,182.73,travel,online,0.0427,0
18,2025-03-21 16:12:21,15.31,electronics,mobile,0.047,0
18,2025-03-22 14:11:24,46.64,restaurant,mobile,0.0225,0
18,2025-03-23 15:27:12,41.09,electronics,pos,0.03,0
18,2025-03-24 05:59:45,16.1,restaurant,online,0.0426,0
18,2025-03-24 09:18:33,219.31,electronics,pos,0.0151,0
18,2025-03-26 16:56:35,94.29,restaurant,pos,0.0067,0
18,2025-03-31 09:04:15,55.0,jewelry,pos,0.0175,0
18,2025-03-31 17:58:29,15.5,utilities,online,0.0309,0
18,2025-03-31 22:51:02,33.33,electronics,online,0.033,0
18,2025-04-01 20:18:38,51.3,restaurant,pos,0.0599,0
18,2025-04-02 22:17:58,74.23,jewelry,pos,0.0024,0
18,2025-04-03 12:58:08,33.0,jewelry,mobile,0.0395,0
18,2025-04-03 16:28:33,36.43,restaurant,mobile,0.077,0
18,2025-04-04 23:06:49,36.73,restaurant,pos,0.0358,0
18,2025-04-05 07:54:03,88.84,jewelry,mobile,0.0353,0
18,2025-04-05 12:34:32,38.14,jewelry,pos,0.0343,0
18,2025-04-05 17:06:59,39.34,jewelry,atm,0.0132,0
18,2025-04-06 15:29:48,16.89,jewelry,online,0.0007,0
18,2025-04-10 08:31:32,69.43,restaurant,online,0.0522,0
18,2025-04-12 02:49:13,108.3,jewelry,mobile,0.0339,0
18,2025-04-13 13:03:53,94.22,electronics,pos,0.0342,0
18,2025-04-15 10:21:57,141.51,restaurant,mobile,0.0192,0
18,2025-04-18 11:39:48,36.5,electronics,pos,0.0223,0
18,2025-04-19 08:56:34,151.71,restaurant,online,0.0647,0
18,2025-04-19 15:38:54,44.82,restaurant,mobile,0.021,0
18,2025-04-24 15:46:19,134.66,jewelry,mobile,0.0473,0
18,2025-04-29 09:44:00,68.86,cash_advance,pos,0.0896,0
18,2025-04-29 13:41:53,148.82,jewelry,online,0.0067,0
18,2025-04-30 07:29:16,49.29,jewelry,online,0.0531,0
18,2025-04-30 10:08:48,39.36,electronics,atm,0.0063,0
18,2025-04-30 10:30:10,33.76,jewelry,atm,0.0448,0
18,2025-04-30 13:23:15,58.66,electronics,pos,0.0465,0
18,2025-05-02 11:39:52,40.54,electronics,pos,0.062,0
18,2025-05-04 17:55:56,28.96,restaurant,mobile,0.0472,0
18,2025-05-04 19:23:30,19.79,electronics,online,0.0569,0
18,2025-05-09 11:44:29,105.13,restaurant,online,0.0644,0
18,2025-05-16 16:51:52,46.99,jewelry,online,0.037,0
18,2025-05-17 09:22:01,18.71,utilities,online,0.0635,0
18,2025-05-17 13:11:56,47.89,jewelry,online,0.0566,0
18,2025-05-18 12:43:13,23.28,jewelry,atm,0.009,0
18,2025-05-19 06:05:33,189.67,restaurant,online,0.0251,0
18,2025-05-19 14:40:55,34.2,electronics,online,0.0361,0
18,2025-05-20 10:45:45,22.6,cash_advance,mobile,0.0215,0
18,2025-05-20 19:55:35,53.41,restaurant,online,0.018,0
18,2025-05-23 09:58:09,55.6,jewelry,mobile,0.0608,0
18,2025-05-23 13:23:11,39.19,electronics,pos,0.0264,0
18,2025-05-28 18:10:11,80.99,electronics,mobile,0.0551,0
18,2025-06-01 13:48:19,18.79,entertainment,online,0.0336,0
18,2025-06-03 16:11:41,49.03,electronics,mobile,0.0618,0
18,2025-06-03 18:20:14,75.95,online_retail,online,0.0238,0
18,2025-06-05 19:23:01,281.42,electronics,pos,0.035,0
18,2025-06-06 23:40:13,81.72,restaurant,pos,0.0376,0
18,2025-06-07 10:32:58,78.44,restaurant,mobile,0.0122,0
18,2025-06-09 06:26:15,36.15,electronics,mobile,0.0451,0
18,2025-06-09 09:31:32,252.94,restaurant,online,0.0489,0
18,2025-06-09 16:04:32,17.28,restaurant,online,0.0203,0
18,2025-06-10 07:35:59,49.67,fuel,atm,0.0217,0
18,2025-06-10 11:16:59,15.88,jewelry,pos,0.0391,0
18,2025-06-10 11:51:15,30.55,restaurant,pos,0.0366,0
18,2025-06-10 15:17:20,238.34,grocery,pos,0.0939,0
18,2025-06-12 12:46:22,51.35,jewelry,pos,0.0137,0
18,2025-06-13 02:44:38,17.44,restaurant,mobile,0.0526,0
18,2025-06-13 16:47:25,62.68,electronics,mobile,0.004,0
18,2025-06-14 12:25:07,44.09,travel,mobile,0.0565,0
18,2025-06-14 13:00:31,16.9,restaurant,pos,0.0031,0
18,2025-06-17 09:32:51,32.09,electronics,atm,0.0415,0
18,2025-06-17 15:08:06,72.89,electronics,online,0.0347,0
18,2025-06-18 07:17:54,12.76,restaurant,pos,0.0976,0
18,2025-06-19 07:13:52,69.96,jewelry,atm,0.0017,0
18,2025-06-20 07:05:34,43.19,jewelry,online,0.0215,0
18,2025-06-21 12:37:34,65.28,entertainment,mobile,0.0372,0
18,2025-06-25 13:13:23,28.77,fuel,atm,0.043,0
18,2025-06-27 09:35:36,43.81,electronics,pos,0.0204,0
19,2025-01-01 22:42:34,31.85,jewelry,mobile,0.0722,0
19,2025-01-02 09:34:26,30.92,cash_advance,pos,0.0268,0
19,2025-01-02 12:06:58,65.83,cash_advance,pos,0.0033,0
19,2025-01-02 12:13:41,36.2,restaurant,atm,0.075,0
19,2025-01-03 11:24:46,14.59,cash_advance,pos,0.0259,0
19,2025-01-03 17:49:52,25.34,entertainment,mobile,0.0206,0
19,2025-01-03 21:52:08,54.11,restaurant,pos,0.0024,0
19,2025-01-04 15:39:42,11.3,grocery,online,0.0574,0
19,2025-01-05 09:02:03,34.09,cash_advance,online,0.0741,0
19,2025-01-05 18:57:28,16.74,jewelry,pos,0.0082,0
19,2025-01-07 05:10:54,103.35,electronics,pos,0.0386,0
19,2025-01-07 09:46:47,15.83,jewelry,pos,0.0333,0
19,2025-01-07 12:49:25,26.06,cash_advance,online,0.0202,0
19,2025-01-07 16:25:28,31.66,jewelry,pos,0.0304,0
19,2025-01-07 22:16:55,30.97,cash_advance,online,0.0212,0
19,2025-01-09 07:30:19,35.81,travel,pos,0.0644,0
19,2025-01-09 07:44:41,122.55,jewelry,online,0.0496,0
19,2025-01-09 19:35:50,11.29,restaurant,online,0.0283,0
19,2025-01-10 03:16:37,24.05,jewelry,online,0.0641,0
19,2025-01-10 09:32:30,28.28,jewelry,online,0.0442,0
19,2025-01-10 10:52:25,71.38,jewelry,online,0.0529,0
19,2025-01-10 15:40:23,18.16,jewelry,mobile,0.0504,0
19,2025-01-10 16:59:20,12.61,jewelry,mobile,0.0547,0
19,2025-01-12 06:24:07,29.88,utilities,mobile,0.0248,0
19,2025-01-12 17:28:45,28.43,jewelry,mobile,0.0866,0
19,2025-01-12 18:59:43,29.39,travel,pos,0.02,0
19,2025-01-13 12:12:43,18.87,restaurant,online,0.0203,0
19,2025-01-13 15:01:45,15.04,jewelry,mobile,0.0706,0
19,2025-01-14 07:59:16,26.39,cash_advance,pos,0.0245,0
19,2025-01-14 19:37:40,42.86,jewelry,atm,0.0156,0
19,2025-01-15 09:57:09,39.64,cash_advance,pos,0.0532,0
19,2025-01-15 10:16:41,17.62,cash_advance,pos,0.0613,0
19,2025-01-15 10:27:22,29.4,restaurant,pos,0.0016,0
19,2025-01-15 18:39:59,17.74,restaurant,mobile,0.0941,0
19,2025-01-16 12:59:24,11.93,utilities,online,0.0632,0
19,2025-01-17 10:33:01,18.37,cash_advance,online,0.0326,0
19,2025-01-18 13:16:32,64.01,cash_advance,pos,0.0286,0
19,2025-01-18 13:43:29,32.99,jewelry,mobile,0.0247,0
19,2025-01-18 14:44:33,30.0,jewelry,online,0.0103,0
19,2025-01-18 15:19:28,18.49,restaurant,pos,0.0835,0
19,2025-01-20 16:33:07,16.91,jewelry,pos,0.0585,0
19,2025-01-21 09:39:23,17.08,jewelry,online,0.0465,0
19,2025-01-22 09:43:43,14.33,restaurant,online,0.0192,0
19,2025-01-22 12:24:51,26.47,cash_advance,mobile,0.0533,0
19,2025-01-23 07:31:45,12.42,restaurant,online,0.0401,0
19,2025-01-23 14:02:00,16.17,jewelry,pos,0.004,0
19,2025-01-23 14:39:37,130.81,restaurant,pos,0.035,0
19,2025-01-23 21:44:34,24.23,cash_advance,pos,0.0422,0
19,2025-01-24 14:02:26,14.41,entertainment,pos,0.027,0
19,2025-01-25 09:05:46,99.63,restaurant,mobile,0.0576,0
19,2025-01-25 13:42:53,73.63,travel,mobile,0.0395,0
19,2025-01-25 14:05:37,35.56,jewelry,pos,0.0225,0
19,2025-01-26 12:22:43,14.04,grocery,pos,0.0374,0
19,2025-01-26 13:09:38,24.94,jewelry,online,0.0065,0
19,2025-01-26 22:44:30,18.7,cash_advance,pos,0.0691,0
19,2025-01-27 14:15:56,4.54,restaurant,pos,0.0029,0
19,2025-01-28 12:15:12,33.75,cash_advance,online,0.0102,0
19,2025-01-29 15:01:32,45.71,jewelry,pos,0.0184,0
19,2025-01-29 15:25:24,14.2,restaurant,online,0.0117,0
19,2025-01-29 16:07:48,14.21,jewelry,pos,0.0576,0
19,2025-01-30 11:09:55,39.98,cash_advance,online,0.0114,0
19,2025-01-30 17:18:12,44.16,jewelry,pos,0.0012,0
19,2025-01-30 17:55:11,18.27,cash_advance,online,0.0511,0
19,2025-01-30 19:48:06,19.98,jewelry,online,0.0158,0
19,2025-01-31 09:07:10,32.42,cash_advance,pos,0.0455,0
19,2025-01-31 10:18:13,10.46,cash_advance,pos,0.0014,0
19,2025-02-01 02:30:33,64.32,online_retail,mobile,0.0204,0
19,2025-02-01 14:24:30,19.07,cash_advance,online,0.0129,0
19,2025-02-01 18:13:47,78.64,travel,pos,0.0537,0
19,2025-02-02 01:13:20,25.1,entertainment,pos,0.0983,0
19,2025-02-02 11:36:06,36.43,restaurant,online,0.0001,0
19,2025-02-02 12:39:35,16.97,cash_advance,pos,0.0434,0
19,2025-02-02 20:55:31,29.06,restaurant,online,0.0061,0
19,2025-02-03 07:56:09,48.11,restaurant,mobile,0.0046,0
19,2025-02-03 15:06:53,20.52,jewelry,mobile,0.0721,0
19,2025-02-04 03:12:35,18.59,jewelry,pos,0.0061,0
19,2025-02-04 04:40:56,8.64,online_retail,mobile,0.0576,0
19,2025-02-04 11:17:18,6.08,utilities,online,0.1091,0
19,2025-02-04 15:14:38,12.67,jewelry,mobile,0.0519,0
19,2025-02-04 19:26:00,27.73,utilities,online,0.052,0
19,2025-02-05 03:27:33,45.67,cash_advance,pos,0.0512,0
19,2025-02-05 15:51:32,12.88,online_retail,online,0.0378,0
19,2025-02-05 17:00:34,95.18,restaurant,online,0.0596,0
19,2025-02-05 19:17:24,15.27,jewelry,pos,0.0003,0
19,2025-02-06 11:47:24,16.23,jewelry,pos,0.0628,0
19,2025-02-06 13:13:05,4.82,restaurant,online,0.0209,0
19,2025-02-06 13:49:41,7.39,jewelry,pos,0.1832,0
19,2025-02-07 13:24:09,42.11,restaurant,online,0.0122,0
19,2025-02-07 16:41:28,43.8,jewelry,pos,0.02,0
19,2025-02-08 14:26:53,28.67,restaurant,pos,0.0225,0
19,2025-02-08 20:08:14,15.47,cash_advance,mobile,0.0643,0
19,2025-02-09 15:55:12,62.94,jewelry,mobile,0.0582,0
19,2025-02-09 19:41:19,47.74,cash_advance,mobile,0.0271,0
19,2025-02-10 16:50:52,12.36,restaurant,pos,0.0008,0
19,2025-02-11 09:34:29,89.83,cash_advance,online,0.0334,0
19,2025-02-11 14:49:44,36.71,cash_advance,pos,0.0674,0
19,2025-02-11 17:49:28,40.69,jewelry,pos,0.0314,0
19,2025-02-12 11:06:05,11.86,restaurant,pos,0.0125,0
19,2025-02-12 15:09:30,13.01,cash_advance,pos,0.0237,0
19,2025-02-12 17:30:17,21.9,online_retail,pos,0.0207,0
19,2025-02-12 18:58:38,23.77,cash_advance,pos,0.0629,0
19,2025-02-12 23:34:34,53.37,cash_advance,mobile,0.0504,0
19,2025-02-12 23:34:49,28.77,restaurant,pos,0.0013,0
19,2025-02-13 08:24:03,11.81,travel,online,0.0477,0
19,2025-02-13 11:25:53,9.79,restaurant,mobile,0.0578,0
19,2025-02-13 12:40:34,204.86,jewelry,pos,0.0546,0
19,2025-02-14 16:45:14,74.84,restaurant,online,0.1024,0
19,2025-02-14 20:00:57,15.39,restaurant,mobile,0.0464,0
19,2025-02-15 09:04:19,39.39,restaurant,mobile,0.0509,0
19,2025-02-16 15:36:49,26.4,cash_advance,mobile,0.0138,0
19,2025-02-16 18:10:54,21.67,cash_advance,online,0.1125,0
19,2025-02-16 20:13:40,43.48,restaurant,mobile,0.0558,0
19,2025-02-16 20:34:20,30.62,restaurant,atm,0.0006,0
19,2025-02-17 11:18:03,89.47,fuel,online,0.0285,0
19,2025-02-17 16:20:26,27.72,cash_advance,pos,0.0755,0
19,2025-02-17 17:43:33,11.19,jewelry,online,0.0042,0
19,2025-02-18 10:10:24,72.09,jewelry,mobile,0.0215,0
19,2025-02-18 14:16:18,35.2,restaurant,online,0.0281,0
19,2025-02-19 12:05:42,45.26,restaurant,online,0.0156,0
19,2025-02-19 23:59:32,11.88,jewelry,online,0.036,0
19,2025-02-20 09:28:26,82.71,jewelry,mobile,0.0476,0
19,2025-02-20 16:30:06,15.46,jewelry,pos,0.0509,0
19,2025-02-21 08:31:35,110.45,restaurant,online,0.0119,0
19,2025-02-21 09:23:57,14.97,cash_advance,mobile,0.0125,0
19,2025-02-21 19:43:20,21.87,restaurant,atm,0.0072,0
19,2025-02-22 09:19:48,22.26,entertainment,online,0.0045,0
19,2025-02-23 07:40:24,14.1,grocery,online,0.0577,0
19,2025-02-23 10:42:35,17.07,cash_advance,online,0.0054,0
19,2025-02-23 14:55:19,19.25,jewelry,mobile,0.0095,0
19,2025-02-23 16:38:22,77.22,cash_advance,online,0.0247,0
19,2025-02-23 20:15:14,44.67,cash_advance,pos,0.0823,0
19,2025-02-23 23:39:45,44.07,restaurant,online,0.0092,0
19,2025-02-24 11:00:14,28.14,jewelry,online,0.0309,0
19,2025-02-24 14:47:49,48.73,jewelry,online,0.0442,0
19,2025-02-24 18:42:14,25.3,cash_advance,pos,0.0292,0
19,2025-02-25 13:03:13,7.64,cash_advance,pos,0.0173,0
19,2025-02-25 14:02:57,10.98,grocery,pos,0.0403,0
19,2025-02-25 19:12:17,50.61,restaurant,mobile,0.0261,0
19,2025-02-26 08:00:07,17.88,utilities,mobile,0.0928,0
19,2025-02-26 11:10:04,10.09,restaurant,mobile,0.0683,0
19,2025-02-26 13:48:55,15.74,jewelry,mobile,0.0761,0
19,2025-02-27 13:22:50,51.72,restaurant,pos,0.054,0
19,2025-02-27 16:11:40,17.46,fuel,mobile,0.0469,0
19,2025-02-27 17:01:47,75.28,cash_advance,online,0.0499,0
19,2025-02-28 09:48:33,51.34,restaurant,pos,0.0904,0
19,2025-02-28 17:38:34,25.85,restaurant,online,0.0013,0
19,2025-03-01 12:51:02,24.85,fuel,pos,0.0435,0
19,2025-03-01 15:29:25,13.75,cash_advance,online,0.0488,0
19,2025-03-02 07:43:16,12.26,jewelry,pos,0.0441,0
19,2025-03-02 15:13:05,31.22,cash_advance,online,0.0058,0
19,2025-03-02 16:58:26,41.66,electronics,mobile,0.0131,0
19,2025-03-03 09:41:04,28.37,restaurant,pos,0.0025,0
19,2025-03-03 20:06:30,4.86,cash_advance,mobile,0.0096,0
19,2025-03-04 01:34:03,42.25,restaurant,mobile,0.0157,0
19,2025-03-04 04:38:42,15.49,cash_advance,atm,0.0151,0
19,2025-03-04 06:16:03,35.92,jewelry,pos,0.0381,0
19,2025-03-05 07:59:34,34.49,restaurant,mobile,0.0515,0
19,2025-03-05 12:11:46,67.25,entertainment,online,0.0539,0
19,2025-03-05 17:51:07,31.47,cash_advance,mobile,0.0862,0
19,2025-03-05 19:55:47,143.75,restaurant,atm,0.0284,0
19,2025-03-06 10:51:22,38.75,cash_advance,online,0.018,0
19,2025-03-06 11:45:15,51.6,grocery,pos,0.0351,0
19,2025-03-06 14:30:12,38.47,restaurant,pos,0.0121,0
19,2025-03-06 15:18:48,30.45,cash_advance,online,0.0655,0
19,2025-03-06 17:12:32,34.36,cash_advance,online,0.0516,0
19,2025-03-06 18:24:55,9.55,cash_advance,online,0.0086,0
19,2025-03-06 20:39:25,18.34,restaurant,online,0.0033,0
19,2025-03-07 05:57:22,36.0,restaurant,online,0.0618,0
19,2025-03-08 16:53:42,18.21,grocery,mobile,0.0301,0
19,2025-03-08 18:08:40,18.5,restaurant,online,0.0031,0
19,2025-03-09 11:38:14,14.0,cash_advance,online,0.02,0
19,2025-03-10 08:24:07,14.88,cash_advance,pos,0.0436,0
19,2025-03-10 12:15:19,6.65,cash_advance,online,0.0865,0
19,2025-03-10 13:24:09,40.12,restaurant,pos,0.0108,0
19,2025-03-11 08:51:59,63.78,jewelry,online,0.0385,0
19,2025-03-11 13:04:03,7.98,jewelry,mobile,0.0068,0
19,2025-03-11 13:26:02,20.54,restaurant,online,0.0959,0
19,2025-03-11 19:24:56,30.4,restaurant,pos,0.0739,0
19,2025-03-11 23:41:59,19.22,cash_advance,mobile,0.0492,0
19,2025-03-12 20:42:16,10.92,cash_advance,pos,0.0657,0
19,2025-03-13 13:32:49,11.6,restaurant,mobile,0.0916,0
19,2025-03-13 18:24:06,18.41,restaurant,online,0.0934,0
19,2025-03-14 20:07:53,35.43,restaurant,pos,0.0347,0
19,2025-03-14 21:47:11,15.65,cash_advance,online,0.0261,0
19,2025-03-15 11:20:03,19.84,jewelry,online,0.0537,0
19,2025-03-15 16:54:21,34.95,restaurant,pos,0.0166,0
19,2025-03-15 18:51:08,12.0,jewelry,pos,0.0135,0
19,2025-03-15 21:41:39,35.01,electronics,pos,0.0691,0
19,2025-03-16 08:41:07,57.89,restaurant,mobile,0.0672,0
19,2025-03-16 16:49:46,22.32,restaurant,mobile,0.0167,0
19,2025-03-16 19:52:55,30.34,jewelry,pos,0.02,0
19,2025-03-16 20:11:55,41.21,cash_advance,online,0.0186,0
19,2025-03-19 08:35:11,53.34,restaurant,online,0.1,0
19,2025-03-20 03:47:18,26.42,utilities,mobile,0.0799,0
19,2025-03-20 08:46:01,15.67,electronics,online,0.0292,0
19,2025-03-21 13:43:34,21.91,restaurant,mobile,0.0163,0
19,2025-03-22 11:53:46,8.18,restaurant,online,0.0679,0
19,2025-03-22 19:37:26,34.18,cash_advance,mobile,0.0661,0
19,2025-03-24 13:28:41,13.63,jewelry,online,0.067,0
19,2025-03-24 14:49:45,39.29,cash_advance,mobile,0.0272,0
19,2025-03-24 15:04:44,8.11,restaurant,mobile,0.0763,0
19,2025-03-24 17:30:12,9.47,restaurant,pos,0.0413,0
19,2025-03-25 12:08:24,19.74,cash_advance,pos,0.0292,0
19,2025-03-25 14:13:27,42.55,cash_advance,mobile,0.0112,0
19,2025-03-25 19:38:24,25.73,restaurant,mobile,0.0248,0
19,2025-03-27 09:45:17,41.1,restaurant,pos,0.0685,0
19,2025-03-27 15:37:40,19.39,jewelry,pos,0.004,0
19,2025-03-28 02:11:27,24.94,grocery,online,0.0602,0
19,2025-03-28 05:07:02,28.84,utilities,mobile,0.0404,0
19,2025-03-28 13:14:40,27.77,entertainment,online,0.0232,0
19,2025-03-28 15:39:37,11.62,jewelry,online,0.0745,0
19,2025-03-29 10:40:04,25.52,restaurant,mobile,0.0448,0
19,2025-03-29 14:48:22,15.02,jewelry,mobile,0.0383,0
19,2025-03-29 21:12:09,37.7,online_retail,online,0.0249,0
19,2025-03-30 07:30:31,23.2,jewelry,pos,0.0388,0
19,2025-03-31 13:52:42,62.4,jewelry,online,0.0731,0
19,2025-03-31 15:40:26,111.8,cash_advance,online,0.0165,0
19,2025-03-31 18:07:48,12.33,jewelry,pos,0.0021,0
19,2025-04-01 11:39:28,61.33,cash_advance,pos,0.0105,0
19,2025-04-02 14:39:07,18.6,jewelry,online,0.0164,0
19,2025-04-02 21:11:07,7.09,cash_advance,online,0.0298,0
19,2025-04-04 04:14:58,56.68,restaurant,online,0.051,0
19,2025-04-04 12:46:30,58.38,restaurant,pos,0.1021,0
19,2025-04-04 17:54:47,55.21,cash_advance,pos,0.0226,0
19,2025-04-04 18:56:58,16.54,jewelry,pos,0.0231,0
19,2025-04-05 00:35:13,20.7,cash_advance,online,0.0151,0
19,2025-04-05 09:59:15,9.21,jewelry,mobile,0.0132,0
19,2025-04-05 11:44:26,11.5,jewelry,pos,0.0144,0
19,2025-04-05 13:35:32,17.85,restaurant,pos,0.066,0
19,2025-04-05 15:45:36,13.55,cash_advance,online,0.0162,0
19,2025-04-06 16:40:10,22.23,jewelry,atm,0.0295,0
19,2025-04-07 03:54:52,31.63,restaurant,mobile,0.0511,0
19,2025-04-07 14:04:22,64.53,restaurant,online,0.0157,0
19,2025-04-07 14:15:31,29.71,fuel,online,0.0372,0
19,2025-04-07 15:56:49,34.3,electronics,pos,0.042,0
19,2025-04-07 22:06:11,49.08,entertainment,mobile,0.0103,0
19,2025-04-08 18:29:11,31.68,entertainment,mobile,0.0092,0
19,2025-04-09 10:00:36,84.81,cash_advance,mobile,0.0281,0
19,2025-04-09 12:16:51,44.68,restaurant,pos,0.0446,0
19,2025-04-09 14:20:57,6.53,cash_advance,pos,0.0742,0
19,2025-04-09 15:30:12,13.33,restaurant,online,0.0163,0
19,2025-04-09 19:22:34,42.07,online_retail,pos,0.0317,0
19,2025-04-09 20:24:04,24.8,jewelry,pos,0.0992,0
19,2025-04-10 14:01:50,11.06,restaurant,online,0.0063,0
19,2025-04-12 02:44:57,30.09,travel,pos,0.039,0
19,2025-04-12 15:18:56,10.17,jewelry,mobile,0.0046,0
19,2025-04-12 18:01:28,45.55,jewelry,online,0.0571,0
19,2025-04-13 09:22:31,37.98,jewelry,online,0.0088,0
19,2025-04-13 12:29:38,18.92,jewelry,pos,0.0252,0
19,2025-04-13 15:41:33,52.17,grocery,mobile,0.0303,0
19,2025-04-14 13:26:30,22.01,restaurant,pos,0.0085,0
19,2025-04-14 14:55:32,45.68,cash_advance,online,0.0132,0
19,2025-04-14 20:37:11,20.03,cash_advance,online,0.0174,0
19,2025-04-15 09:06:32,58.23,jewelry,mobile,0.0151,0
19,2025-04-15 10:33:39,12.71,restaurant,online,0.0345,0
19,2025-04-15 13:13:35,41.56,cash_advance,online,0.0787,0
19,2025-04-15 14:55:44,51.86,cash_advance,mobile,0.0236,0
19,2025-04-16 06:09:40,11.81,cash_advance,mobile,0.0386,0
19,2025-04-16 16:09:19,15.27,utilities,mobile,0.0081,0
19,2025-04-16 19:57:29,32.97,electronics,online,0.0707,0
19,2025-04-17 09:46:59,36.36,restaurant,pos,0.0,0
19,2025-04-17 10:46:07,17.24,jewelry,pos,0.0448,0
19,2025-04-17 18:17:52,7.93,restaurant,mobile,0.0449,0
19,2025-04-17 19:04:39,16.27,jewelry,online,0.0123,0
19,2025-04-18 06:50:46,77.22,cash_advance,mobile,0.0294,0
19,2025-04-19 07:14:03,14.11,restaurant,pos,0.0423,0
19,2025-04-19 09:57:05,52.59,cash_advance,mobile,0.0066,0
19,2025-04-19 10:28:26,56.37,cash_advance,online,0.0376,0
19,2025-04-19 13:19:29,44.42,restaurant,mobile,0.0339,0
19,2025-04-19 20:44:03,29.12,travel,mobile,0.0265,0
19,2025-04-19 22:00:46,9.87,cash_advance,atm,0.0425,0
19,2025-04-19 23:44:09,24.67,jewelry,pos,0.1171,0
19,2025-04-20 11:24:58,32.29,jewelry,online,0.0255,0
19,2025-04-20 14:29:25,55.96,cash_advance,mobile,0.0082,0
19,2025-04-20 15:40:55,61.06,jewelry,online,0.0517,0
19,2025-04-20 16:33:55,91.65,cash_advance,atm,0.0375,0
19,2025-04-20 23:55:04,51.62,jewelry,mobile,0.026,0
19,2025-04-21 12:16:46,24.9,jewelry,pos,0.0702,0
19,2025-04-21 19:18:27,10.26,restaurant,online,0.0192,0
19,2025-04-22 09:58:00,30.23,restaurant,online,0.0718,0
19,2025-04-22 15:35:37,12.14,restaurant,pos,0.0092,0
19,2025-04-22 16:13:13,13.43,jewelry,mobile,0.0243,0
19,2025-04-22 17:52:57,16.36,restaurant,pos,0.0365,0
19,2025-04-22 19:20:12,27.71,restaurant,pos,0.0135,0
19,2025-04-23 14:34:54,24.0,jewelry,mobile,0.0024,0
19,2025-04-23 14:48:32,28.5,cash_advance,pos,0.0302,0
19,2025-04-23 15:02:10,60.24,cash_advance,atm,0.0796,0
19,2025-04-23 16:15:27,13.78,jewelry,online,0.0494,0
19,2025-04-23 16:51:27,40.45,jewelry,pos,0.0056,0
19,2025-04-24 11:10:23,14.07,cash_advance,mobile,0.0587,0
19,2025-04-24 11:36:29,46.78,fuel,online,0.0221,0
19,2025-04-24 14:51:51,43.89,jewelry,online,0.0047,0
19,2025-04-24 14:55:07,18.34,cash_advance,mobile,0.0404,0
19,2025-04-24 17:55:01,30.84,cash_advance,pos,0.0326,0
19,2025-04-25 05:46:16,107.44,restaurant,online,0.0447,0
19,2025-04-25 17:54:29,29.44,restaurant,pos,0.0684,0
19,2025-04-25 21:25:14,30.74,cash_advance,online,0.0075,0
19,2025-04-26 10:18:37,12.91,cash_advance,mobile,0.0117,0
19,2025-04-27 09:50:56,34.04,jewelry,mobile,0.0029,0
19,2025-04-27 10:27:29,38.06,cash_advance,pos,0.0321,0
19,2025-04-27 11:09:36,64.62,cash_advance,pos,0.0,0
19,2025-04-27 13:04:59,70.57,cash_advance,online,0.0046,0
19,2025-04-27 16:04:29,30.96,jewelry,online,0.0033,0
19,2025-04-28 00:15:52,7.92,restaurant,mobile,0.0237,0
19,2025-04-28 18:22:18,37.91,restaurant,online,0.0338,0
19,2025-04-29 14:17:41,24.05,restaurant,online,0.0164,0
19,2025-04-29 15:13:02,23.37,travel,pos,0.0321,0
19,2025-04-30 15:11:52,121.2,cash_advance,pos,0.0013,0
19,2025-04-30 15:48:15,31.57,cash_advance,pos,0.0252,0
19,2025-04-30 17:44:33,10.91,restaurant,pos,0.0344,0
19,2025-05-02 17:09:30,28.57,cash_advance,online,0.0197,0
19,2025-05-03 05:14:42,34.86,travel,pos,0.0276,0
19,2025-05-03 13:34:28,28.74,restaurant,pos,0.0743,0
19,2025-05-04 08:49:13,64.17,fuel,online,0.0383,0
19,2025-05-04 09:38:51,33.37,electronics,online,0.0837,0
19,2025-05-05 13:05:48,7.2,restaurant,mobile,0.0211,0
19,2025-05-05 15:14:25,19.62,restaurant,online,0.0119,0
19,2025-05-05 19:33:46,17.09,restaurant,online,0.0318,0
19,2025-05-06 15:00:58,23.93,restaurant,mobile,0.0051,0
19,2025-05-06 15:24:29,15.21,cash_advance,online,0.0156,0
19,2025-05-07 18:34:35,31.67,jewelry,mobile,0.0742,0
19,2025-05-07 19:59:16,27.59,cash_advance,online,0.005,0
19,2025-05-08 05:26:00,18.94,fuel,online,0.0295,0
19,2025-05-08 07:22:59,44.1,restaurant,online,0.0643,0
19,2025-05-08 08:11:11,43.78,restaurant,pos,0.0559,0
19,2025-05-08 13:10:22,28.98,jewelry,atm,0.0731,0
19,2025-05-09 17:47:58,13.7,fuel,mobile,0.0103,0
19,2025-05-09 21:49:05,46.78,entertainment,online,0.0367,0
19,2025-05-10 13:35:50,15.38,restaurant,mobile,0.0287,0
19,2025-05-11 07:56:26,60.7,restaurant,online,0.015,0
19,2025-05-11 14:44:47,17.66,entertainment,online,0.0056,0
19,2025-05-11 23:24:05,22.28,restaurant,online,0.0339,0
19,2025-05-12 14:27:10,8.29,jewelry,pos,0.0677,0
19,2025-05-12 16:06:00,72.25,cash_advance,pos,0.0417,0
19,2025-05-12 16:56:15,22.75,restaurant,online,0.0863,0
19,2025-05-13 08:08:57,15.84,online_retail,mobile,0.0187,0
19,2025-05-14 14:04:19,26.28,online_retail,pos,0.0204,0
19,2025-05-15 03:28:35,16.33,restaurant,online,0.0566,0
19,2025-05-15 11:50:21,25.54,restaurant,mobile,0.0456,0
19,2025-05-15 12:36:03,17.04,cash_advance,pos,0.0284,0
19,2025-05-15 12:58:27,4.81,cash_advance,online,0.1215,0
19,2025-05-15 13:58:37,86.31,cash_advance,pos,0.0668,0
19,2025-05-15 14:34:52,27.83,entertainment,mobile,0.0729,0
19,2025-05-15 20:27:53,13.85,restaurant,pos,0.0056,0
19,2025-05-16 10:13:14,12.52,jewelry,pos,0.0542,0
19,2025-05-16 11:35:58,75.26,online_retail,online,0.0032,0
19,2025-05-17 13:29:03,24.69,jewelry,online,0.0496,0
19,2025-05-17 14:56:52,28.15,cash_advance,pos,0.0138,0
19,2025-05-17 16:16:36,26.75,jewelry,online,0.0067,0
19,2025-05-18 04:03:45,56.43,jewelry,pos,0.0806,0
19,2025-05-18 11:50:13,7.12,restaurant,online,0.1135,0
19,2025-05-18 13:06:16,14.2,restaurant,mobile,0.0609,0
19,2025-05-18 13:44:48,5.6,entertainment,online,0.0117,0
19,2025-05-18 21:29:00,16.08,entertainment,pos,0.0263,0
19,2025-05-19 11:17:27,18.57,restaurant,pos,0.1082,0
19,2025-05-19 13:25:56,24.44,jewelry,pos,0.0197,0
19,2025-05-19 18:08:47,28.98,jewelry,online,0.0123,0
19,2025-05-20 05:42:14,1.82,restaurant,pos,0.0569,0
19,2025-05-20 11:08:33,15.73,electronics,atm,0.0066,0
19,2025-05-20 19:41:24,45.73,restaurant,online,0.0319,0
19,2025-05-22 10:16:07,5.76,jewelry,pos,0.0139,0
19,2025-05-22 14:13:02,45.1,restaurant,online,0.023,0
19,2025-05-22 15:37:42,22.19,cash_advance,pos,0.059,0
19,2025-05-22 15:49:35,15.71,restaurant,online,0.0356,0
19,2025-05-22 18:18:23,49.4,grocery,online,0.0055,0
19,2025-05-22 22:31:15,55.51,cash_advance,pos,0.0423,0
19,2025-05-22 23:33:16,16.66,restaurant,pos,0.0866,0
19,2025-05-23 10:21:17,26.43,entertainment,pos,0.0566,0
19,2025-05-23 11:18:30,27.28,utilities,mobile,0.0245,0
19,2025-05-23 13:47:25,27.1,restaurant,pos,0.0484,0
19,2025-05-23 14:59:19,17.54,online_retail,online,0.055,0
19,2025-05-23 15:46:38,40.32,restaurant,online,0.0143,0
19,2025-05-23 17:39:32,51.31,electronics,pos,0.0218,0
19,2025-05-23 20:01:00,41.36,cash_advance,mobile,0.0277,0
19,2025-05-24 03:09:52,63.16,jewelry,online,0.049,0
19,2025-05-24 15:57:27,28.92,jewelry,mobile,0.0497,0
19,2025-05-24 23:27:26,19.39,jewelry,online,0.0819,0
19,2025-05-25 23:32:16,93.33,travel,mobile,0.0582,0
19,2025-05-25 23:53:01,23.91,jewelry,pos,0.0417,0
19,2025-05-26 08:22:10,53.65,jewelry,online,0.0869,0
19,2025-05-26 09:58:32,50.6,jewelry,atm,0.0179,0
19,2025-05-28 07:03:47,23.44,fuel,atm,0.0534,0
19,2025-05-28 13:30:03,27.25,restaurant,pos,0.0402,0
19,2025-05-28 15:59:05,7.1,jewelry,mobile,0.0014,0
19,2025-05-29 11:07:49,34.08,entertainment,online,0.08,0
19,2025-05-31 10:29:03,48.94,jewelry,online,0.047,0
19,2025-05-31 12:13:58,30.47,cash_advance,online,0.0167,0
19,2025-05-31 13:57:58,103.62,jewelry,mobile,0.0186,0
19,2025-05-31 16:12:31,71.77,jewelry,online,0.037,0
19,2025-05-31 17:21:37,18.07,jewelry,pos,0.0396,0
19,2025-05-31 20:11:34,43.97,cash_advance,online,0.0366,0
19,2025-06-01 08:40:24,15.83,cash_advance,pos,0.0581,0
19,2025-06-01 12:20:00,30.73,jewelry,online,0.0569,0
19,2025-06-01 16:58:12,95.33,cash_advance,online,0.0326,0
19,2025-06-01 23:43:35,9.88,restaurant,online,0.0105,0
19,2025-06-02 08:41:21,16.99,restaurant,mobile,0.0593,0
19,2025-06-02 23:17:07,100.82,restaurant,mobile,0.0693,0
19,2025-06-03 08:16:05,23.93,cash_advance,online,0.03,0
19,2025-06-03 12:31:24,15.46,cash_advance,mobile,0.013,0
19,2025-06-03 15:10:35,21.3,restaurant,atm,0.0126,0
19,2025-06-03 21:03:40,32.3,cash_advance,pos,0.0141,0
19,2025-06-04 14:58:07,62.68,cash_advance,atm,0.0704,0
19,2025-06-05 09:27:38,29.25,cash_advance,online,0.0853,0
19,2025-06-05 11:24:32,117.11,restaurant,online,0.0212,0
19,2025-06-05 11:34:46,15.11,travel,online,0.0515,0
19,2025-06-06 12:20:57,66.74,cash_advance,mobile,0.0263,0
19,2025-06-06 18:40:35,28.08,entertainment,mobile,0.0383,0
19,2025-06-06 20:32:21,108.4,jewelry,mobile,0.0206,0
19,2025-06-06 23:36:54,8.75,cash_advance,online,0.0436,0
19,2025-06-07 00:57:50,24.09,cash_advance,pos,0.0664,0
19,2025-06-07 03:02:24,19.82,restaurant,online,0.0558,0
19,2025-06-07 08:07:39,14.78,jewelry,online,0.1047,0
19,2025-06-07 17:07:05,10.47,jewelry,mobile,0.0117,0
19,2025-06-07 21:07:51,25.05,entertainment,mobile,0.0351,0
19,2025-06-08 10:49:30,34.65,jewelry,online,0.0942,0
19,2025-06-10 07:16:34,36.83,electronics,online,0.0108,0
19,2025-06-10 16:52:57,74.48,restaurant,mobile,0.0365,0
19,2025-06-10 21:28:20,23.11,electronics,pos,0.0209,0
19,2025-06-11 15:45:44,37.17,cash_advance,online,0.029,0
19,2025-06-11 22:07:29,14.15,grocery,online,0.0572,0
19,2025-06-12 11:19:55,23.31,restaurant,pos,0.0415,0
19,2025-06-13 06:45:06,30.77,jewelry,mobile,0.0319,0
19,2025-06-13 09:38:28,59.35,cash_advance,online,0.0078,0
19,2025-06-13 14:16:34,66.61,cash_advance,mobile,0.0392,0
19,2025-06-13 14:44:44,23.42,cash_advance,mobile,0.0673,0
19,2025-06-13 15:14:15,29.55,restaurant,pos,0.0387,0
19,2025-06-15 08:05:34,26.28,restaurant,mobile,0.1292,0
19,2025-06-15 13:00:26,29.27,entertainment,online,0.1399,0
19,2025-06-15 15:56:40,27.41,restaurant,pos,0.0203,0
19,2025-06-15 19:38:59,24.36,restaurant,online,0.0283,0
19,2025-06-16 06:59:47,24.82,jewelry,online,0.0744,0
19,2025-06-16 15:10:26,12.01,jewelry,pos,0.0482,0
19,2025-06-16 15:31:30,5.84,cash_advance,pos,0.0049,0
19,2025-06-17 07:16:30,7.16,cash_advance,mobile,0.0129,0
19,2025-06-17 12:09:08,7.97,cash_advance,pos,0.0949,0
19,2025-06-17 15:38:48,18.23,entertainment,pos,0.0306,0
19,2025-06-17 18:52:20,20.97,jewelry,mobile,0.0745,0
19,2025-06-17 23:25:54,90.97,online_retail,pos,0.0097,0
19,2025-06-18 07:40:45,58.15,cash_advance,mobile,0.0083,0
19,2025-06-18 12:46:17,23.71,restaurant,online,0.0472,0
19,2025-06-19 09:24:19,12.26,restaurant,online,0.0283,0
19,2025-06-19 11:42:37,11.01,cash_advance,online,0.006,0
19,2025-06-19 14:35:02,91.26,cash_advance,online,0.0392,0
19,2025-06-19 16:44:35,7.28,jewelry,online,0.0446,0
19,2025-06-20 14:45:00,22.64,jewelry,online,0.0465,0
19,2025-06-20 18:16:44,19.16,restaurant,online,0.0282,0
19,2025-06-21 23:06:34,67.04,restaurant,pos,0.0068,0
19,2025-06-22 11:00:41,73.61,restaurant,online,0.0325,0
19,2025-06-22 13:09:14,43.79,cash_advance,online,0.0301,0
19,2025-06-23 14:01:07,14.59,restaurant,online,0.0079,0
19,2025-06-23 20:13:49,12.27,grocery,online,0.0046,0
19,2025-06-23 20:58:50,95.08,jewelry,online,0.0798,0
19,2025-06-24 04:15:09,58.02,restaurant,online,0.0037,0
19,2025-06-25 16:47:15,21.19,restaurant,online,0.0046,0
19,2025-06-26 14:49:45,69.88,cash_advance,atm,0.0269,0
19,2025-06-27 14:17:14,14.14,cash_advance,online,0.0362,0
19,2025-06-28 20:45:10,37.25,restaurant,pos,0.0225,0
19,2025-06-29 14:33:34,9.83,restaurant,pos,0.0427,0
19,2025-06-29 15:03:30,28.17,jewelry,online,0.0276,0
20,2025-01-01 08:19:40,3.28,online_retail,mobile,0.028,0
20,2025-01-01 16:47:01,7.62,cash_advance,mobile,0.0607,0
20,2025-01-01 23:08:56,8.87,jewelry,pos,0.0611,0
20,2025-01-02 11:29:09,15.85,entertainment,mobile,0.0215,0
20,2025-01-02 11:42:11,29.73,fuel,online,0.1048,0
20,2025-01-02 12:18:14,15.85,entertainment,pos,0.0125,0
20,2025-01-02 19:32:01,27.1,electronics,mobile,0.0304,0
20,2025-01-03 14:55:59,10.19,online_retail,pos,0.057,0
20,2025-01-03 21:47:00,9.03,entertainment,pos,0.0268,0
20,2025-01-04 08:07:25,7.79,electronics,mobile,0.0486,0
20,2025-01-04 17:40:44,9.13,electronics,pos,0.0984,0
20,2025-01-06 13:24:58,9.49,entertainment,online,0.0458,0
20,2025-01-06 15:41:14,9.44,electronics,atm,0.0618,0
20,2025-01-07 05:45:24,10.46,entertainment,pos,0.015,0
20,2025-01-08 05:57:30,18.97,utilities,mobile,0.0153,0
20,2025-01-08 16:40:10,13.03,cash_advance,online,0.0137,0
20,2025-01-10 08:53:30,9.01,restaurant,pos,0.1042,0
20,2025-01-10 10:09:05,11.21,online_retail,online,0.0424,0
20,2025-01-10 10:31:30,11.45,entertainment,online,0.003,0
20,2025-01-10 17:17:31,6.44,utilities,pos,0.0654,0
20,2025-01-11 06:05:19,19.03,entertainment,pos,0.0789,0
20,2025-01-12 16:16:53,8.71,entertainment,mobile,0.1076,0
20,2025-01-12 16:24:57,5.93,online_retail,online,0.051,0
20,2025-01-13 16:19:45,26.34,online_retail,online,0.139,0
20,2025-01-14 13:26:07,14.92,electronics,mobile,0.0677,0
20,2025-01-14 14:14:27,15.88,online_retail,online,0.0348,0
20,2025-01-15 06:35:46,10.93,entertainment,online,0.0307,0
20,2025-01-15 09:44:40,10.3,jewelry,online,0.0186,0
20,2025-01-15 10:10:26,18.2,online_retail,pos,0.0822,0
20,2025-01-15 15:10:59,6.74,jewelry,mobile,0.013,0
20,2025-01-15 18:30:27,33.94,electronics,mobile,0.0504,0
20,2025-01-15 21:07:16,3.3,fuel,online,0.0881,0
20,2025-01-16 09:00:34,14.01,travel,mobile,0.0289,0
20,2025-01-16 12:28:37,12.7,utilities,pos,0.0252,0
20,2025-01-16 15:41:30,13.81,entertainment,pos,0.0011,0
20,2025-01-16 20:30:22,4.05,entertainment,online,0.0925,0
20,2025-01-17 15:03:49,16.86,electronics,online,0.0585,0
20,2025-01-18 14:53:53,8.87,electronics,online,0.0175,0
20,2025-01-18 19:49:19,3.21,entertainment,mobile,0.0514,0
20,2025-01-18 19:54:00,5.3,entertainment,pos,0.0431,0
20,2025-01-19 12:49:49,7.91,entertainment,mobile,0.0348,0
20,2025-01-19 14:19:01,18.92,electronics,mobile,0.0313,0
20,2025-01-19 15:10:02,12.31,electronics,pos,0.0207,0
20,2025-01-19 17:24:07,13.77,electronics,mobile,0.02,0
20,2025-01-20 17:27:09,8.16,online_retail,online,0.0107,0
20,2025-01-21 12:10:30,19.3,restaurant,pos,0.0256,0
20,2025-01-21 15:11:22,14.07,online_retail,online,0.0136,0
20,2025-01-22 11:49:13,22.79,fuel,online,0.0578,0
20,2025-01-22 15:59:13,22.1,entertainment,online,0.0155,0
20,2025-01-22 18:13:00,4.52,online_retail,mobile,0.0017,0
20,2025-01-23 12:13:48,21.98,entertainment,mobile,0.0562,0
20,2025-01-24 10:04:29,7.35,jewelry,pos,0.0448,0
20,2025-01-24 12:41:57,2.65,entertainment,online,0.0127,0
20,2025-01-24 13:00:03,17.2,online_retail,online,0.0157,0
20,2025-01-25 13:20:43,10.15,grocery,pos,0.0824,0
20,2025-01-26 02:12:28,11.61,electronics,online,0.1128,0
20,2025-01-26 09:52:14,21.54,entertainment,pos,0.0261,0
20,2025-01-26 11:23:57,6.33,online_retail,mobile,0.1651,0
20,2025-01-27 06:15:05,9.35,grocery,online,0.0317,0
20,2025-01-27 15:28:30,5.22,entertainment,mobile,0.0114,0
20,2025-01-27 21:44:48,2.97,online_retail,mobile,0.0612,0
20,2025-01-29 08:59:51,7.49,restaurant,mobile,0.0506,0
20,2025-01-30 10:01:48,4.37,entertainment,mobile,0.1304,0
20,2025-01-31 14:26:19,34.84,online_retail,mobile,0.0328,0
20,2025-02-02 16:06:35,5.08,electronics,pos,0.0101,0
20,2025-02-04 07:50:01,13.96,electronics,mobile,0.1161,0
20,2025-02-04 17:36:30,9.16,online_retail,pos,0.1114,0
20,2025-02-04 19:53:25,21.47,entertainment,online,0.0037,0
20,2025-02-06 09:39:39,27.52,entertainment,mobile,0.0076,0
20,2025-02-06 13:48:01,8.0,entertainment,mobile,0.0075,0
20,2025-02-06 15:31:29,18.85,online_retail,online,0.0945,0
20,2025-02-06 19:29:21,17.47,entertainment,online,0.0255,0
20,2025-02-06 22:13:34,2.19,entertainment,mobile,0.0492,0
20,2025-02-07 10:19:54,11.02,entertainment,online,0.0696,0
20,2025-02-08 11:53:01,19.13,electronics,online,0.0457,0
20,2025-02-08 12:07:00,21.23,electronics,pos,0.0253,0
20,2025-02-08 13:32:16,171.65,online_retail,online,0.0344,0
20,2025-02-08 14:07:05,30.45,entertainment,online,0.0026,0
20,2025-02-08 16:19:00,12.14,online_retail,pos,0.0565,0
20,2025-02-09 21:25:32,33.63,fuel,pos,0.0722,0
20,2025-02-10 01:18:58,19.96,online_retail,online,0.0133,0
20,2025-02-11 08:20:16,28.21,entertainment,pos,0.1236,0
20,2025-02-11 08:40:29,11.61,electronics,atm,0.0076,0
20,2025-02-11 17:02:42,5.73,online_retail,pos,0.0006,0
20,2025-02-12 18:21:30,8.98,online_retail,online,0.0042,0
20,2025-02-12 22:56:09,25.51,electronics,mobile,0.0553,0
20,2025-02-14 11:11:39,29.56,entertainment,mobile,0.0828,0
20,2025-02-15 07:10:57,24.14,entertainment,pos,0.0104,0
20,2025-02-15 07:33:07,16.26,entertainment,pos,0.0208,0
20,2025-02-15 15:01:00,7.75,electronics,online,0.0228,0
20,2025-02-15 15:46:57,9.54,restaurant,mobile,0.0112,0
20,2025-02-16 15:15:11,5.84,travel,pos,0.0426,0
20,2025-02-19 03:08:00,36.43,online_retail,online,0.0085,0
20,2025-02-19 07:17:26,9.16,travel,atm,0.0933,0
20,2025-02-20 14:59:44,4.24,electronics,pos,0.0092,0
20,2025-02-21 22:56:38,2.23,electronics,online,0.0309,0
20,2025-02-22 07:43:38,7.38,entertainment,online,0.0476,0
20,2025-02-22 19:00:07,20.9,cash_advance,mobile,0.0669,0
20,2025-02-22 20:56:50,9.83,entertainment,pos,0.027,0
20,2025-02-23 09:26:51,17.58,online_retail,pos,0.0886,0
20,2025-02-23 15:47:05,71.27,online_retail,online,0.0434,0
20,2025-02-23 16:11:54,20.97,entertainment,atm,0.0504,0
20,2025-02-23 17:25:36,7.01,electronics,pos,0.059,0
20,2025-02-25 10:08:49,20.68,online_retail,online,0.0138,0
20,2025-02-25 23:55:06,6.68,entertainment,mobile,0.0289,0
20,2025-02-26 08:42:02,18.18,electronics,online,0.0177,0
20,2025-02-26 11:26:02,13.1,online_retail,pos,0.0172,0
20,2025-03-02 04:36:50,16.25,entertainment,mobile,0.0333,0
20,2025-03-02 07:45:36,8.3,entertainment,online,0.0181,0
20,2025-03-02 16:55:12,6.63,entertainment,online,0.1079,0
20,2025-03-03 07:47:25,20.66,online_retail,pos,0.0118,0
20,2025-03-03 11:11:24,19.13,electronics,pos,0.092,0
20,2025-03-03 12:00:35,29.19,cash_advance,pos,0.0024,0
20,2025-03-03 20:49:54,6.71,electronics,mobile,0.0184,0
20,2025-03-03 23:03:42,17.29,electronics,atm,0.0254,0
20,2025-03-04 10:25:57,50.46,online_retail,pos,0.064,0
20,2025-03-04 12:45:35,10.91,restaurant,mobile,0.131,0
20,2025-03-05 14:33:49,9.3,electronics,online,0.0296,0
20,2025-03-05 18:59:05,13.63,online_retail,online,0.017,0
20,2025-03-05 20:06:45,4.96,electronics,mobile,0.0121,0
20,2025-03-06 12:26:22,17.26,cash_advance,pos,0.0269,0
20,2025-03-07 06:06:16,5.99,fuel,pos,0.0191,0
20,2025-03-07 10:11:17,27.99,electronics,mobile,0.0575,0
20,2025-03-08 10:22:55,39.85,online_retail,pos,0.0676,0
20,2025-03-08 16:15:46,6.29,fuel,pos,0.0163,0
20,2025-03-08 16:30:54,27.84,online_retail,pos,0.0983,0
20,2025-03-09 16:54:06,11.81,electronics,online,0.0172,0
20,2025-03-10 17:14:58,29.11,entertainment,mobile,0.0109,0
20,2025-03-10 19:50:09,19.43,online_retail,pos,0.0381,0
20,2025-03-11 15:29:02,13.09,electronics,pos,0.006,0
20,2025-03-12 18:11:55,2.42,utilities,pos,0.0405,0
20,2025-03-12 20:38:40,7.09,entertainment,mobile,0.1214,0
20,2025-03-15 12:51:08,16.13,electronics,pos,0.035,0
20,2025-03-16 05:12:45,13.22,entertainment,pos,0.036,0
20,2025-03-16 14:01:36,13.2,entertainment,pos,0.1199,0
20,2025-03-17 22:51:55,8.22,electronics,pos,0.0302,0
20,2025-03-19 04:13:13,7.67,electronics,mobile,0.0008,0
20,2025-03-19 05:14:58,4.69,online_retail,online,0.0048,0
20,2025-03-20 16:09:16,4.59,restaurant,pos,0.103,0
20,2025-03-20 21:21:26,6.47,online_retail,pos,0.0971,0
20,2025-03-21 06:22:56,9.42,utilities,pos,0.0296,0
20,2025-03-21 17:33:05,25.21,jewelry,pos,0.0308,0
20,2025-03-22 13:56:58,19.27,online_retail,pos,0.0157,0
20,2025-03-22 15:08:13,2.66,online_retail,atm,0.0982,0
20,2025-03-23 15:56:38,7.32,grocery,online,0.0541,0
20,2025-03-24 10:34:54,19.16,entertainment,online,0.001,0
20,2025-03-24 12:01:19,23.44,online_retail,pos,0.0113,0
20,2025-03-24 12:02:22,13.99,electronics,mobile,0.0056,0
20,2025-03-24 14:36:26,13.95,electronics,online,0.0188,0
20,2025-03-26 08:19:59,10.44,grocery,mobile,0.1102,0
20,2025-03-26 16:28:08,5.0,grocery,online,0.0394,0
20,2025-03-26 22:20:12,9.28,jewelry,pos,0.026,0
20,2025-03-27 20:48:49,15.23,entertainment,mobile,0.0012,0
20,2025-03-28 08:48:10,10.51,electronics,pos,0.0275,0
20,2025-03-28 12:02:46,4.73,online_retail,online,0.0485,0
20,2025-03-29 10:03:04,13.09,electronics,pos,0.0027,0
20,2025-03-29 19:57:10,45.97,online_retail,mobile,0.0106,0
20,2025-03-30 12:02:53,6.03,electronics,pos,0.0099,0
20,2025-03-30 13:11:18,8.47,online_retail,online,0.0371,0
20,2025-03-31 10:49:01,9.94,entertainment,online,0.0241,0
20,2025-03-31 15:08:44,2.52,online_retail,online,0.0218,0
20,2025-04-02 10:35:21,7.41,online_retail,pos,0.0018,0
20,2025-04-02 11:12:28,15.33,entertainment,mobile,0.0297,0
20,2025-04-03 14:18:04,8.83,electronics,pos,0.0049,0
20,2025-04-03 17:48:18,15.28,electronics,pos,0.0272,0
20,2025-04-04 11:48:31,18.78,electronics,online,0.0421,0
20,2025-04-04 20:08:59,5.54,entertainment,mobile,0.0674,0
20,2025-04-07 18:40:19,8.31,jewelry,mobile,0.0167,0
20,2025-04-09 08:52:40,16.58,electronics,online,0.0473,0
20,2025-04-10 14:27:19,9.26,electronics,pos,0.0884,0
20,2025-04-11 11:29:59,6.92,electronics,online,0.0071,0
20,2025-04-11 14:34:25,7.06,restaurant,mobile,0.0287,0
20,2025-04-11 18:02:23,2.03,online_retail,mobile,0.0432,0
20,2025-04-12 08:04:17,9.75,electronics,pos,0.0212,0
20,2025-04-12 14:25:45,21.89,fuel,pos,0.0554,0
20,2025-04-12 16:18:18,8.36,electronics,pos,0.0169,0
20,2025-04-12 22:34:26,18.77,electronics,pos,0.0459,0
20,2025-04-13 07:48:03,7.95,entertainment,mobile,0.0578,0
20,2025-04-13 17:50:37,14.71,electronics,pos,0.0387,0
20,2025-04-14 11:27:01,8.18,entertainment,online,0.0326,0
20,2025-04-14 11:35:25,4.21,online_retail,pos,0.0287,0
20,2025-04-14 11:57:49,9.09,electronics,online,0.0063,0
20,2025-04-15 07:18:04,14.73,online_retail,online,0.0187,0
20,2025-04-15 17:38:11,18.8,electronics,mobile,0.0671,0
20,2025-04-16 08:39:18,8.16,online_retail,online,0.0674,0
20,2025-04-16 09:32:48,11.1,entertainment,pos,0.0284,0
20,2025-04-16 12:48:00,6.24,entertainment,mobile,0.0877,0
20,2025-04-16 12:56:38,2.28,online_retail,online,0.0326,0
20,2025-04-16 15:24:40,29.9,online_retail,pos,0.0077,0
20,2025-04-17 10:08:48,14.97,jewelry,pos,0.0008,0
20,2025-04-17 12:18:01,13.11,electronics,mobile,0.0654,0
20,2025-04-17 18:48:36,14.9,online_retail,online,0.035,0
20,2025-04-18 15:57:12,24.44,online_retail,atm,0.0155,0
20,2025-04-19 10:02:11,4.49,entertainment,online,0.0421,0
20,2025-04-19 13:29:41,30.49,entertainment,pos,0.0225,0
20,2025-04-19 14:43:16,5.19,electronics,mobile,0.0488,0
20,2025-04-19 20:25:30,12.37,online_retail,atm,0.0534,0
20,2025-04-20 22:43:59,7.84,entertainment,online,0.0329,0
20,2025-04-21 04:40:25,10.2,entertainment,pos,0.0175,0
20,2025-04-21 09:28:50,32.69,travel,online,0.0936,0
20,2025-04-24 23:42:03,12.84,online_retail,pos,0.0519,0
20,2025-04-25 12:44:21,3.78,online_retail,pos,0.0134,0
20,2025-04-25 12:58:21,16.45,entertainment,pos,0.0033,0
20,2025-04-26 13:28:16,8.99,grocery,online,0.0594,0
20,2025-04-26 13:53:56,48.43,online_retail,pos,0.0603,0
20,2025-04-26 22:17:07,6.33,entertainment,pos,0.0024,0
20,2025-04-27 19:11:22,69.71,online_retail,online,0.0487,0
20,2025-04-28 08:17:53,3.39,entertainment,online,0.0604,0
20,2025-04-29 07:27:33,28.48,online_retail,pos,0.0676,0
20,2025-04-29 10:16:08,10.61,online_retail,pos,0.0516,0
20,2025-04-29 19:46:26,11.26,electronics,mobile,0.108,0
20,2025-04-29 20:15:40,4.62,entertainment,pos,0.0179,0
20,2025-04-30 14:37:28,7.9,online_retail,online,0.13,0
20,2025-05-01 08:28:17,21.5,online_retail,pos,0.1038,0
20,2025-05-01 10:50:23,41.81,online_retail,online,0.0369,0
20,2025-05-02 07:14:21,17.32,electronics,mobile,0.0102,0
20,2025-05-02 12:17:46,58.63,entertainment,online,0.0896,0
20,2025-05-03 12:38:36,23.19,electronics,pos,0.0373,0
20,2025-05-04 06:10:30,3.65,electronics,online,0.0245,0
20,2025-05-04 14:54:31,21.99,grocery,pos,0.0082,0
20,2025-05-04 23:16:41,9.9,entertainment,mobile,0.0763,0
20,2025-05-05 10:05:02,8.7,entertainment,pos,0.081,0
20,2025-05-06 10:16:40,13.97,entertainment,mobile,0.0022,0
20,2025-05-06 21:21:06,7.26,electronics,pos,0.0288,0
20,2025-05-09 09:16:34,15.52,online_retail,mobile,0.0499,0
20,2025-05-09 10:55:51,10.9,online_retail,pos,0.0385,0
20,2025-05-10 11:13:12,15.14,online_retail,online,0.0312,0
20,2025-05-10 12:43:13,5.14,entertainment,online,0.0073,0
20,2025-05-10 13:25:22,18.39,electronics,online,0.0128,0
20,2025-05-10 22:58:57,6.98,online_retail,pos,0.0351,0
20,2025-05-11 21:59:07,51.1,entertainment,mobile,0.047,0
20,2025-05-13 02:16:48,11.96,online_retail,online,0.0452,0
20,2025-05-14 07:27:56,20.68,entertainment,online,0.0136,0
20,2025-05-14 18:50:42,32.56,electronics,mobile,0.019,0
20,2025-05-15 12:45:25,9.01,entertainment,mobile,0.0273,0
20,2025-05-15 15:07:58,11.0,grocery,online,0.0247,0
20,2025-05-15 23:35:46,12.21,electronics,online,0.0096,0
20,2025-05-16 20:40:13,9.34,online_retail,pos,0.0074,0
20,2025-05-17 09:41:06,5.95,online_retail,mobile,0.0117,0
20,2025-05-18 06:27:32,51.86,electronics,online,0.0595,0
20,2025-05-18 08:00:44,22.44,grocery,pos,0.0202,0
20,2025-05-18 18:26:09,5.21,entertainment,online,0.053,0
20,2025-05-19 12:05:57,13.56,electronics,pos,0.0658,0
20,2025-05-19 12:31:06,12.95,electronics,mobile,0.0241,0
20,2025-05-20 09:17:18,16.86,entertainment,pos,0.0343,0
20,2025-05-20 09:43:05,5.18,online_retail,mobile,0.0845,0
20,2025-05-20 10:28:10,3.29,online_retail,pos,0.0048,0
20,2025-05-20 16:55:46,19.24,entertainment,online,0.0606,0
20,2025-05-21 10:28:08,19.78,entertainment,pos,0.0188,0
20,2025-05-21 12:06:09,8.07,entertainment,mobile,0.0442,0
20,2025-05-21 13:17:34,33.29,restaurant,pos,0.0324,0
20,2025-05-21 13:24:03,6.39,electronics,pos,0.0612,0
20,2025-05-21 20:16:49,22.64,entertainment,mobile,0.0485,0
20,2025-05-22 13:16:11,36.52,electronics,online,0.009,0
20,2025-05-22 18:05:07,5.64,cash_advance,pos,0.0052,0
20,2025-05-23 06:57:01,22.26,online_retail,online,0.0111,0
20,2025-05-23 17:25:42,20.47,entertainment,online,0.0093,0
20,2025-05-25 21:47:06,21.62,electronics,online,0.0464,0
20,2025-05-26 12:06:30,12.06,online_retail,mobile,0.0008,0
20,2025-05-26 15:59:11,10.85,electronics,online,0.0566,0
20,2025-05-27 10:39:25,8.25,entertainment,online,0.0593,0
20,2025-05-27 12:06:07,7.9,online_retail,mobile,0.0226,0
20,2025-05-27 17:17:37,5.07,entertainment,pos,0.0186,0
20,2025-05-28 13:59:31,18.75,electronics,online,0.0297,0
20,2025-05-29 04:06:50,8.95,online_retail,mobile,0.0302,0
20,2025-05-29 08:21:39,9.97,entertainment,pos,0.0717,0
20,2025-05-29 11:37:38,31.87,entertainment,online,0.0047,0
20,2025-05-29 18:15:45,29.71,online_retail,mobile,0.0509,0
20,2025-05-29 18:42:14,3.16,online_retail,online,0.0422,0
20,2025-05-31 11:29:06,4.69,online_retail,online,0.0898,0
20,2025-05-31 13:19:32,36.3,electronics,mobile,0.0568,0
20,2025-05-31 13:37:23,2.85,online_retail,pos,0.0626,0
20,2025-06-01 15:01:11,22.34,online_retail,online,0.0182,0
20,2025-06-01 15:30:25,8.26,entertainment,mobile,0.0675,0
20,2025-06-06 10:33:19,6.48,entertainment,pos,0.0159,0
20,2025-06-06 16:02:37,5.7,entertainment,pos,0.0053,0
20,2025-06-06 23:04:40,7.84,online_retail,pos,0.008,0
20,2025-06-07 11:33:25,32.14,electronics,online,0.0896,0
20,2025-06-07 16:43:26,25.06,online_retail,mobile,0.0533,0
20,2025-06-09 10:18:30,7.38,online_retail,pos,0.0665,0
20,2025-06-09 15:54:26,9.58,grocery,pos,0.1073,0
20,2025-06-10 10:11:41,6.37,entertainment,atm,0.0305,0
20,2025-06-11 15:40:46,10.38,electronics,online,0.0203,0
20,2025-06-12 11:23:00,3.94,entertainment,mobile,0.054,0
20,2025-06-13 12:29:01,24.22,electronics,online,0.0299,0
20,2025-06-14 04:40:09,13.16,entertainment,online,0.0365,0
20,2025-06-15 11:18:23,9.86,cash_advance,online,0.0117,0
20,2025-06-15 11:47:16,34.51,online_retail,mobile,0.0298,0
20,2025-06-15 14:49:40,7.87,online_retail,online,0.0281,0
20,2025-06-16 07:45:28,7.24,entertainment,online,0.0327,0
20,2025-06-16 13:02:51,5.38,entertainment,mobile,0.0777,0
20,2025-06-16 22:00:05,11.2,fuel,pos,0.0965,0
20,2025-06-16 23:00:33,11.73,online_retail,pos,0.0365,0
20,2025-06-17 17:26:51,14.47,entertainment,online,0.0044,0
20,2025-06-18 06:16:23,24.22,grocery,pos,0.0047,0
20,2025-06-18 18:38:27,5.61,cash_advance,online,0.0478,0
20,2025-06-19 10:44:25,12.35,electronics,online,0.0499,0
20,2025-06-19 11:23:20,11.16,utilities,pos,0.0217,0
20,2025-06-19 12:08:31,7.34,entertainment,pos,0.1082,0
20,2025-06-19 16:57:27,10.68,electronics,online,0.0137,0
20,2025-06-19 18:47:14,21.93,entertainment,online,0.0779,0
20,2025-06-20 15:43:11,10.88,electronics,online,0.0133,0
20,2025-06-21 02:59:04,6.06,online_retail,mobile,0.0756,0
20,2025-06-21 10:39:13,16.28,online_retail,pos,0.0229,0
20,2025-06-21 13:01:56,24.94,electronics,pos,0.0138,0
20,2025-06-21 14:57:45,50.77,electronics,mobile,0.0085,0
20,2025-06-21 19:42:19,4.15,travel,pos,0.0249,0
20,2025-06-22 14:48:09,13.92,electronics,pos,0.1108,0
20,2025-06-23 07:06:40,10.7,online_retail,pos,0.0637,0
20,2025-06-23 13:19:13,18.34,electronics,online,0.0837,0
20,2025-06-23 16:28:47,4.73,entertainment,atm,0.0297,0
20,2025-06-23 16:32:29,17.15,online_retail,mobile,0.0046,0
20,2025-06-23 16:38:01,27.16,entertainment,mobile,0.0529,0
20,2025-06-23 20:50:36,6.0,entertainment,online,0.0399,0
20,2025-06-24 08:17:08,11.81,entertainment,pos,0.0679,0
20,2025-06-25 11:53:14,6.64,entertainment,pos,0.0433,0
20,2025-06-25 13:31:01,10.2,electronics,online,0.026,0
20,2025-06-26 21:12:35,20.23,online_retail,online,0.0031,0
20,2025-06-27 16:24:54,6.08,jewelry,online,0.0703,0
20,2025-06-28 12:10:56,1.94,jewelry,online,0.0211,0
20,2025-06-29 12:29:31,9.19,online_retail,atm,0.0432,0
20,2025-06-29 13:40:23,41.7,online_retail,online,0.0476,0
21,2025-01-01 14:41:01,7.83,restaurant,online,0.0038,0
21,2025-01-02 05:45:04,47.51,restaurant,mobile,0.042,0
21,2025-01-02 05:52:31,24.42,restaurant,pos,0.0579,0
21,2025-01-02 09:11:37,28.29,utilities,pos,0.0581,0
21,2025-01-03 12:15:56,23.52,fuel,mobile,0.0126,0
21,2025-01-03 16:31:47,14.5,utilities,mobile,0.0509,0
21,2025-01-03 18:08:01,19.85,fuel,mobile,0.0078,0
21,2025-01-03 23:50:28,13.41,restaurant,mobile,0.008,0
21,2025-01-04 07:36:29,20.18,utilities,online,0.0675,0
21,2025-01-04 07:53:19,19.67,restaurant,pos,0.0669,0
21,2025-01-04 14:04:38,11.97,online_retail,online,0.0001,0
21,2025-01-05 08:51:59,12.49,travel,pos,0.032,0
21,2025-01-05 11:13:20,11.21,restaurant,online,0.0298,0
21,2025-01-05 16:09:51,28.28,fuel,pos,0.0128,0
21,2025-01-05 19:44:41,15.06,fuel,pos,0.0024,0
21,2025-01-05 21:41:53,20.99,restaurant,online,0.0156,0
21,2025-01-05 22:08:22,8.1,fuel,online,0.0292,0
21,2025-01-06 07:10:21,20.38,restaurant,mobile,0.0097,0
21,2025-01-06 07:45:16,52.19,utilities,mobile,0.0253,0
21,2025-01-06 10:35:50,9.06,fuel,mobile,0.0813,0
21,2025-01-06 17:49:23,19.77,restaurant,online,0.0196,0
21,2025-01-07 09:40:58,21.77,fuel,pos,0.0465,0
21,2025-01-07 10:12:41,4.19,fuel,online,0.0266,0
21,2025-01-07 16:32:21,15.83,restaurant,pos,0.0032,0
21,2025-01-07 18:16:01,100.84,entertainment,pos,0.0447,0
21,2025-01-08 03:57:46,21.42,restaurant,online,0.039,0
21,2025-01-08 05:00:32,16.43,fuel,pos,0.017,0
21,2025-01-08 08:59:33,29.64,utilities,pos,0.0755,0
21,2025-01-08 10:43:12,15.52,fuel,online,0.1325,0
21,2025-01-08 22:44:03,11.72,restaurant,pos,0.0411,0
21,2025-01-08 23:30:16,25.3,utilities,pos,0.048,0
21,2025-01-09 04:17:55,18.25,utilities,online,0.0042,0
21,2025-01-09 09:56:51,15.04,utilities,pos,0.0326,0
21,2025-01-09 12:14:42,19.41,grocery,pos,0.0102,0
21,2025-01-09 15:19:00,11.98,fuel,pos,0.0097,0
21,2025-01-09 17:02:29,23.73,utilities,pos,0.0586,0
21,2025-01-09 17:10:28,30.43,restaurant,pos,0.0099,0
21,2025-01-09 17:42:22,32.51,fuel,pos,0.0507,0
21,2025-01-10 10:20:06,44.27,restaurant,pos,0.1241,0
21,2025-01-10 12:07:59,12.2,restaurant,mobile,0.0791,0
21,2025-01-10 18:34:09,17.93,travel,online,0.0477,0
21,2025-01-10 20:18:37,19.36,fuel,pos,0.0276,0
21,2025-01-10 22:10:49,68.46,restaurant,online,0.103,0
21,2025-01-10 23:26:48,41.12,restaurant,pos,0.0275,0
21,2025-01-11 04:20:25,21.7,online_retail,pos,0.0278,0
21,2025-01-11 09:39:12,31.23,fuel,pos,0.003,0
21,2025-01-11 10:19:06,19.51,fuel,online,0.1089,0
21,2025-01-11 13:32:57,33.24,restaurant,online,0.0408,0
21,2025-01-11 15:49:57,45.42,electronics,online,0.0294,0
21,2025-01-11 16:40:06,3.13,utilities,mobile,0.0283,0
21,2025-01-11 17:54:58,27.92,fuel,mobile,0.0108,0
21,2025-01-11 22:37:14,12.68,utilities,pos,0.0118,0
21,2025-01-11 22:49:15,13.23,fuel,online,0.0266,0
21,2025-01-12 08:49:13,29.5,utilities,pos,0.0055,0
21,2025-01-12 14:21:52,16.81,fuel,online,0.0736,0
21,2025-01-12 19:05:28,22.26,restaurant,mobile,0.0509,0
21,2025-01-13 15:18:31,23.8,restaurant,mobile,0.0164,0
21,2025-01-13 15:51:19,10.15,fuel,online,0.0172,0
21,2025-01-13 21:09:22,7.88,restaurant,pos,0.0879,0
21,2025-01-13 21:17:11,6.93,restaurant,pos,0.0459,0
21,2025-01-14 10:07:29,11.39,utilities,pos,0.0951,0
21,2025-01-14 10:29:22,19.36,utilities,online,0.0302,0
21,2025-01-14 11:30:39,64.61,online_retail,pos,0.0254,0
21,2025-01-14 15:00:39,16.51,fuel,mobile,0.0325,0
21,2025-01-14 16:58:38,18.56,utilities,online,0.0142,0
21,2025-01-15 09:12:19,13.08,fuel,mobile,0.0462,0
21,2025-01-15 16:39:38,27.24,restaurant,online,0.0789,0
21,2025-01-15 17:52:26,20.35,fuel,mobile,0.0054,0
21,2025-01-15 19:36:23,8.92,fuel,mobile,0.086,0
21,2025-01-15 21:59:39,13.19,travel,mobile,0.0055,0
21,2025-01-16 12:06:20,21.45,restaurant,pos,0.0685,0
21,2025-01-16 14:19:36,8.14,restaurant,online,0.0352,0
21,2025-01-16 15:35:14,6.98,restaurant,mobile,0.0362,0
21,2025-01-16 18:10:26,63.02,utilities,online,0.0097,0
21,2025-01-16 23:20:55,26.57,restaurant,mobile,0.0438,0
21,2025-01-17 04:46:26,16.34,restaurant,pos,0.0123,0
21,2025-01-17 10:39:32,4.23,restaurant,mobile,0.0046,0
21,2025-01-17 13:03:06,12.89,utilities,pos,0.0895,0
21,2025-01-17 13:19:34,19.57,electronics,online,0.0298,0
21,2025-01-17 23:33:49,19.15,restaurant,online,0.038,0
21,2025-01-18 14:35:13,9.94,utilities,pos,0.0174,0
21,2025-01-20 06:58:23,4.72,restaurant,online,0.0351,0
21,2025-01-20 08:55:10,15.86,restaurant,online,0.0786,0
21,2025-01-20 09:16:11,27.55,utilities,mobile,0.0723,0
21,2025-01-20 11:42:43,8.82,restaurant,online,0.0068,0
21,2025-01-20 14:01:35,5.88,restaurant,pos,0.0798,0
21,2025-01-21 17:22:33,25.83,utilities,mobile,0.0505,0
21,2025-01-21 23:13:04,27.68,utilities,online,0.0028,0
21,2025-01-22 02:37:40,45.51,online_retail,online,0.6176,1
21,2025-01-22 09:48:02,4.99,utilities,pos,0.027,0
21,2025-01-22 13:38:10,25.29,restaurant,pos,0.0988,0
21,2025-01-22 16:39:36,13.14,fuel,online,0.0671,0
21,2025-01-23 09:22:02,26.94,fuel,pos,0.0453,0
21,2025-01-23 10:09:38,12.85,restaurant,online,0.0191,0
21,2025-01-23 18:45:14,14.21,fuel,pos,0.0007,0
21,2025-01-24 02:40:35,13.3,electronics,online,0.0633,0
21,2025-01-24 12:50:31,26.46,fuel,pos,0.0823,0
21,2025-01-25 08:39:09,123.15,utilities,pos,0.0067,0
21,2025-01-25 12:30:27,14.05,travel,atm,0.098,0
21,2025-01-25 14:50:25,5.15,fuel,online,0.0397,0
21,2025-01-25 15:16:13,20.53,travel,pos,0.1027,0
21,2025-01-25 16:05:33,40.2,fuel,mobile,0.0155,0
21,2025-01-25 18:59:41,26.22,restaurant,mobile,0.054,0
21,2025-01-26 04:11:50,11.36,electronics,pos,0.0041,0
21,2025-01-26 10:17:23,14.18,electronics,online,0.0725,0
21,2025-01-26 12:41:11,8.27,fuel,pos,0.0259,0
21,2025-01-26 13:27:12,20.35,fuel,online,0.0372,0
21,2025-01-26 18:31:00,14.49,utilities,pos,0.0455,0
21,2025-01-27 12:24:33,11.94,fuel,pos,0.0571,0
21,2025-01-27 12:43:41,144.27,restaurant,online,0.0635,0
21,2025-01-27 14:30:24,17.2,utilities,pos,0.0133,0
21,2025-01-27 18:12:44,20.81,utilities,online,0.0287,0
21,2025-01-27 23:19:40,6.65,fuel,online,0.0401,0
21,2025-01-28 12:26:09,9.92,fuel,mobile,0.0875,0
21,2025-01-28 16:46:57,10.68,restaurant,online,0.0245,0
21,2025-01-28 21:58:14,41.23,fuel,atm,0.0107,0
21,2025-01-29 16:10:03,19.48,utilities,online,0.0371,0
21,2025-01-30 09:03:20,18.31,fuel,pos,0.0337,0
21,2025-01-30 14:15:33,38.25,fuel,mobile,0.0407,0
21,2025-01-31 09:46:57,3.38,fuel,online,0.0511,0
21,2025-01-31 11:27:44,16.18,restaurant,online,0.0272,0
21,2025-01-31 19:58:33,38.83,fuel,atm,0.0386,0
21,2025-02-01 07:24:17,10.33,restaurant,online,0.0575,0
21,2025-02-02 11:56:58,9.15,fuel,online,0.0134,0
21,2025-02-02 12:43:04,24.91,travel,online,0.0039,0
21,2025-02-02 15:27:28,16.6,utilities,mobile,0.019,0
21,2025-02-02 18:03:48,79.76,restaurant,pos,0.1172,0
21,2025-02-02 23:11:17,5.98,travel,mobile,0.0931,0
21,2025-02-03 08:15:38,3.24,entertainment,atm,0.0668,0
21,2025-02-03 11:09:02,6.02,fuel,mobile,0.0425,0
21,2025-02-03 12:25:52,11.55,utilities,online,0.0823,0
21,2025-02-03 13:30:19,32.63,cash_advance,online,0.0348,0
21,2025-02-03 13:48:01,60.93,restaurant,online,0.0494,0
21,2025-02-03 15:37:28,9.6,online_retail,mobile,0.0127,0
21,2025-02-04 07:57:08,3.69,restaurant,pos,0.1513,0
21,2025-02-04 09:13:18,32.55,fuel,mobile,0.0468,0
21,2025-02-04 16:03:58,24.02,restaurant,mobile,0.0091,0
21,2025-02-04 16:18:10,26.0,restaurant,online,0.0103,0
21,2025-02-05 14:36:07,29.32,fuel,atm,0.0549,0
21,2025-02-06 07:17:21,27.66,cash_advance,online,0.0031,0
21,2025-02-06 09:59:28,14.7,utilities,pos,0.034,0
21,2025-02-06 16:17:16,13.64,fuel,mobile,0.0775,0
21,2025-02-06 17:38:55,23.56,restaurant,pos,0.0666,0
21,2025-02-06 18:15:39,23.91,utilities,pos,0.0203,0
21,2025-02-07 11:49:59,28.49,travel,mobile,0.0076,0
21,2025-02-08 13:14:58,14.56,electronics,online,0.0317,0
21,2025-02-08 14:33:35,6.95,utilities,atm,0.0063,0
21,2025-02-09 07:58:07,18.75,restaurant,pos,0.0062,0
21,2025-02-09 10:05:39,33.17,utilities,pos,0.0689,0
21,2025-02-09 14:08:36,43.55,utilities,online,0.057,0
21,2025-02-09 17:13:02,16.72,utilities,mobile,0.0275,0
21,2025-02-10 10:06:23,31.95,fuel,mobile,0.027,0
21,2025-02-10 11:45:39,17.05,utilities,mobile,0.0243,0
21,2025-02-10 12:46:01,20.47,restaurant,online,0.0012,0
21,2025-02-10 12:49:53,4.71,restaurant,pos,0.0305,0
21,2025-02-10 14:13:10,4.96,restaurant,online,0.0378,0
21,2025-02-10 17:44:54,49.09,utilities,atm,0.0508,0
21,2025-02-10 23:45:19,10.96,fuel,online,0.0145,0
21,2025-02-10 23:55:40,31.03,restaurant,mobile,0.104,0
21,2025-02-11 01:12:45,15.42,restaurant,mobile,0.0022,0
21,2025-02-11 13:33:01,22.88,restaurant,mobile,0.0488,0
21,2025-02-11 19:15:48,13.75,restaurant,online,0.0078,0
21,2025-02-11 23:21:20,17.35,restaurant,pos,0.0027,0
21,2025-02-12 12:55:54,9.24,cash_advance,pos,0.0241,0
21,2025-02-12 17:35:38,16.63,utilities,pos,0.0422,0
21,2025-02-13 05:58:55,13.89,restaurant,pos,0.0766,0
21,2025-02-13 13:30:54,11.91,fuel,mobile,0.0362,0
21,2025-02-13 17:33:35,6.77,fuel,pos,0.071,0
21,2025-02-14 14:22:56,46.78,utilities,mobile,0.0346,0
21,2025-02-14 18:52:26,8.72,utilities,pos,0.035,0
21,2025-02-14 21:30:57,33.89,fuel,mobile,0.0579,0
21,2025-02-15 03:42:23,25.04,utilities,pos,0.0403,0
21,2025-02-15 05:48:45,11.4,fuel,mobile,0.0556,0
21,2025-02-15 07:41:43,12.85,fuel,pos,0.0415,0
21,2025-02-15 10:30:32,5.22,restaurant,pos,0.0186,0
21,2025-02-15 11:00:40,40.99,fuel,online,0.0753,0
21,2025-02-15 16:28:34,11.46,utilities,online,0.0274,0
21,2025-02-16 11:38:58,64.44,cash_advance,pos,0.0101,0
21,2025-02-17 11:16:20,28.98,fuel,online,0.03,0
21,2025-02-17 16:01:45,5.15,restaurant,pos,0.0182,0
21,2025-02-17 21:44:47,20.56,fuel,pos,0.0176,0
21,2025-02-18 11:54:31,18.28,utilities,mobile,0.0062,0
21,2025-02-18 13:20:13,28.0,fuel,online,0.0649,0
21,2025-02-18 13:43:01,14.67,utilities,mobile,0.0485,0
21,2025-02-19 10:19:57,16.27,fuel,online,0.0231,0
21,2025-02-19 11:57:01,11.88,restaurant,mobile,0.1303,0
21,2025-02-19 12:12:19,9.47,fuel,pos,0.0319,0
21,2025-02-19 20:28:11,53.49,grocery,atm,0.0181,0
21,2025-02-20 06:28:23,27.59,utilities,online,0.0095,0
21,2025-02-20 13:46:45,15.34,fuel,pos,0.0453,0
21,2025-02-20 15:53:34,12.88,restaurant,online,0.0262,0
21,2025-02-21 09:47:33,7.57,utilities,online,0.0531,0
21,2025-02-21 15:41:18,13.37,fuel,online,0.0895,0
21,2025-02-21 17:06:17,5.72,electronics,pos,0.0125,0
21,2025-02-22 13:22:46,7.6,cash_advance,mobile,0.001,0
21,2025-02-22 13:23:59,8.24,utilities,mobile,0.0583,0
21,2025-02-22 18:13:50,18.54,utilities,online,0.0169,0
21,2025-02-23 10:53:24,37.28,restaurant,online,0.0444,0
21,2025-02-23 16:05:46,32.18,restaurant,pos,0.0108,0
21,2025-02-23 20:31:41,13.29,restaurant,online,0.0256,0
21,2025-02-23 21:28:52,5.19,fuel,online,0.0338,0
21,2025-02-24 11:34:14,19.93,restaurant,online,0.011,0
21,2025-02-24 16:24:24,35.96,fuel,online,0.0216,0
21,2025-02-25 09:56:18,42.88,travel,atm,0.0779,0
21,2025-02-25 13:43:47,17.24,fuel,online,0.062,0
21,2025-02-25 16:29:35,14.96,travel,online,0.0325,0
21,2025-02-26 09:14:33,47.77,utilities,online,0.013,0
21,2025-02-26 20:49:00,10.41,restaurant,pos,0.0884,0
21,2025-02-26 23:50:20,36.98,restaurant,pos,0.0967,0
21,2025-02-27 08:23:06,33.52,utilities,pos,0.014,0
21,2025-02-27 09:58:11,27.59,utilities,pos,0.0838,0
21,2025-02-27 10:21:14,35.56,fuel,online,0.0786,0
21,2025-02-27 12:31:57,40.03,utilities,pos,0.0937,0
21,2025-02-27 13:31:31,21.97,travel,atm,0.0531,0
21,2025-02-27 17:46:37,21.65,utilities,mobile,0.004,0
21,2025-02-28 11:26:54,16.81,fuel,pos,0.0114,0
21,2025-02-28 12:42:03,72.94,utilities,atm,0.0463,0
21,2025-02-28 13:38:22,26.79,fuel,online,0.012,0
21,2025-02-28 14:27:39,6.59,restaurant,pos,0.1264,0
21,2025-02-28 16:33:33,8.47,restaurant,mobile,0.0798,0
21,2025-02-28 19:46:02,13.46,utilities,online,0.0176,0
21,2025-02-28 20:12:27,48.47,utilities,online,0.0213,0
21,2025-02-28 21:37:23,24.42,utilities,pos,0.0006,0
21,2025-02-28 23:26:24,59.56,restaurant,mobile,0.0828,0
21,2025-03-01 13:33:52,12.91,fuel,mobile,0.0733,0
21,2025-03-01 19:36:25,24.74,fuel,pos,0.0454,0
21,2025-03-02 11:20:02,9.14,fuel,pos,0.0755,0
21,2025-03-02 11:52:16,30.55,utilities,pos,0.0468,0
21,2025-03-02 14:27:16,9.05,utilities,online,0.0382,0
21,2025-03-02 18:43:39,13.51,restaurant,online,0.0999,0
21,2025-03-02 19:03:06,8.39,utilities,mobile,0.0019,0
21,2025-03-02 23:43:33,15.9,restaurant,online,0.0325,0
21,2025-03-03 10:29:28,23.05,utilities,pos,0.0592,0
21,2025-03-03 11:56:37,7.95,utilities,mobile,0.0378,0
21,2025-03-03 13:40:41,5.97,utilities,pos,0.0349,0
21,2025-03-03 15:36:11,28.34,online_retail,pos,0.0845,0
21,2025-03-03 16:35:52,33.59,utilities,mobile,0.0077,0
21,2025-03-03 17:00:08,15.22,cash_advance,pos,0.0516,0
21,2025-03-04 07:50:52,9.83,fuel,online,0.0074,0
21,2025-03-04 14:24:28,20.64,restaurant,online,0.0905,0
21,2025-03-04 14:55:53,37.94,utilities,online,0.0254,0
21,2025-03-04 15:58:37,11.51,restaurant,pos,0.0966,0
21,2025-03-04 19:59:33,10.77,entertainment,atm,0.0341,0
21,2025-03-05 03:46:55,33.14,utilities,online,0.01,0
21,2025-03-05 16:23:19,12.98,restaurant,mobile,0.0062,0
21,2025-03-05 20:13:06,23.97,utilities,online,0.0278,0
21,2025-03-06 07:00:46,19.95,restaurant,mobile,0.0145,0
21,2025-03-06 16:31:10,14.85,fuel,online,0.0023,0
21,2025-03-06 17:53:13,55.69,restaurant,pos,0.0917,0
21,2025-03-06 20:22:10,19.85,utilities,pos,0.0186,0
21,2025-03-06 21:23:23,21.76,fuel,atm,0.0923,0
21,2025-03-07 05:05:40,18.49,utilities,pos,0.0238,0
21,2025-03-07 05:16:23,11.48,grocery,pos,0.0062,0
21,2025-03-07 08:24:39,36.4,fuel,online,0.0483,0
21,2025-03-07 15:28:25,16.96,restaurant,mobile,0.0479,0
21,2025-03-07 17:44:58,23.73,restaurant,mobile,0.0129,0
21,2025-03-07 23:10:48,14.82,fuel,online,0.0325,0
21,2025-03-08 10:59:32,4.17,utilities,pos,0.0103,0
21,2025-03-09 13:37:40,29.26,restaurant,online,0.0271,0
21,2025-03-09 14:35:56,7.98,fuel,online,0.0567,0
21,2025-03-09 18:06:04,7.47,utilities,online,0.0174,0
21,2025-03-10 08:16:22,3.43,restaurant,pos,0.0063,0
21,2025-03-10 12:24:19,20.83,utilities,pos,0.1485,0
21,2025-03-10 18:09:42,27.19,electronics,online,0.0277,0
21,2025-03-10 19:49:08,5.95,utilities,online,0.01,0
21,2025-03-11 06:46:35,7.46,utilities,mobile,0.0333,0
21,2025-03-11 08:38:10,18.72,utilities,mobile,0.0189,0
21,2025-03-11 12:30:31,14.98,fuel,pos,0.0045,0
21,2025-03-11 16:34:54,28.73,utilities,pos,0.0297,0
21,2025-03-12 05:01:45,37.33,utilities,mobile,0.1051,0
21,2025-03-13 06:11:14,13.8,fuel,pos,0.0151,0
21,2025-03-13 15:58:58,11.56,utilities,online,0.0923,0
21,2025-03-13 16:54:05,21.96,entertainment,atm,0.0024,0
21,2025-03-13 23:31:12,15.45,restaurant,atm,0.0423,0
21,2025-03-14 08:24:19,38.96,utilities,online,0.0493,0
21,2025-03-14 08:24:58,4.2,fuel,online,0.0407,0
21,2025-03-14 10:38:12,9.55,restaurant,pos,0.0119,0
21,2025-03-14 15:23:33,19.87,fuel,online,0.0804,0
21,2025-03-14 15:36:25,25.38,utilities,mobile,0.0304,0
21,2025-03-15 08:01:50,10.05,utilities,mobile,0.0183,0
21,2025-03-15 10:57:25,15.86,restaurant,pos,0.054,0
21,2025-03-15 11:15:30,43.43,restaurant,mobile,0.0236,0
21,2025-03-15 11:39:24,4.82,restaurant,pos,0.0412,0
21,2025-03-15 16:48:26,10.25,fuel,online,0.0082,0
21,2025-03-15 18:58:04,9.88,restaurant,atm,0.0592,0
21,2025-03-15 23:23:59,19.25,restaurant,pos,0.0342,0
21,2025-03-16 03:51:23,14.39,utilities,atm,0.0519,0
21,2025-03-16 04:36:21,15.98,fuel,pos,0.0052,0
21,2025-03-17 04:01:03,24.98,fuel,atm,0.0437,0
21,2025-03-17 07:53:47,8.61,fuel,online,0.0554,0
21,2025-03-17 14:03:30,7.08,electronics,mobile,0.032,0
21,2025-03-17 15:53:43,25.64,fuel,online,0.0566,0
21,2025-03-17 17:53:25,21.73,restaurant,pos,0.0076,0
21,2025-03-18 04:05:47,63.44,utilities,pos,0.0376,0
21,2025-03-18 14:42:27,8.16,fuel,pos,0.0287,0
21,2025-03-18 16:29:33,21.37,entertainment,mobile,0.1271,0
21,2025-03-19 06:48:16,11.31,fuel,mobile,0.0099,0
21,2025-03-19 11:37:57,7.46,fuel,online,0.0091,0
21,2025-03-19 16:32:33,20.01,utilities,online,0.0136,0
21,2025-03-19 18:21:31,14.72,restaurant,pos,0.0663,0
21,2025-03-19 20:10:46,7.9,online_retail,pos,0.1711,0
21,2025-03-20 08:13:24,29.85,restaurant,atm,0.0043,0
21,2025-03-20 14:07:36,5.9,restaurant,mobile,0.0723,0
21,2025-03-20 19:58:40,10.47,fuel,mobile,0.0459,0
21,2025-03-21 09:49:24,12.24,online_retail,online,0.0024,0
21,2025-03-21 10:37:49,9.26,fuel,online,0.0792,0
21,2025-03-21 10:53:00,48.27,restaurant,pos,0.0701,0
21,2025-03-21 15:53:15,41.76,fuel,pos,0.0417,0
21,2025-03-22 06:16:41,10.13,restaurant,mobile,0.0436,0
21,2025-03-22 13:26:11,35.84,online_retail,mobile,0.0432,0
21,2025-03-22 17:49:36,9.62,utilities,online,0.0012,0
21,2025-03-23 09:06:54,32.77,utilities,pos,0.061,0
21,2025-03-23 12:28:09,59.7,restaurant,online,0.0077,0
21,2025-03-23 14:33:24,8.09,fuel,atm,0.0064,0
21,2025-03-23 15:23:38,8.2,fuel,online,0.0184,0
21,2025-03-23 16:38:21,6.03,fuel,mobile,0.0023,0
21,2025-03-24 10:05:47,4.61,utilities,online,0.0154,0
21,2025-03-24 10:42:25,12.02,fuel,online,0.0337,0
21,2025-03-24 14:01:13,72.1,utilities,mobile,0.0602,0
21,2025-03-24 21:50:58,12.34,utilities,online,0.0703,0
21,2025-03-25 06:40:51,22.01,cash_advance,online,0.0271,0
21,2025-03-25 11:48:18,38.59,utilities,online,0.0153,0
21,2025-03-25 14:46:11,41.77,jewelry,online,0.1544,0
21,2025-03-25 16:25:45,18.38,cash_advance,pos,0.0596,0
21,2025-03-25 19:00:10,17.56,restaurant,pos,0.0015,0
21,2025-03-26 08:23:21,14.51,utilities,online,0.0081,0
21,2025-03-26 12:59:16,33.89,online_retail,mobile,0.0207,0
21,2025-03-26 14:12:15,23.95,fuel,online,0.0074,0
21,2025-03-26 21:55:10,24.79,restaurant,pos,0.0481,0
21,2025-03-27 06:10:49,11.29,utilities,mobile,0.0742,0
21,2025-03-27 16:19:04,35.6,restaurant,pos,0.059,0
21,2025-03-28 05:58:21,7.79,utilities,online,0.0661,0
21,2025-03-28 09:23:03,7.33,fuel,pos,0.019,0
21,2025-03-28 10:28:31,13.78,electronics,pos,0.0572,0
21,2025-03-28 15:42:53,13.93,restaurant,pos,0.0306,0
21,2025-03-28 15:45:43,39.22,restaurant,online,0.0214,0
21,2025-03-28 17:19:23,12.4,utilities,mobile,0.0265,0
21,2025-03-29 06:06:21,9.11,fuel,atm,0.0303,0
21,2025-03-29 09:08:30,18.11,fuel,pos,0.004,0
21,2025-03-29 09:18:08,30.51,fuel,pos,0.0374,0
21,2025-03-29 14:43:17,26.23,grocery,pos,0.0207,0
21,2025-03-29 15:45:05,3.48,utilities,online,0.0199,0
21,2025-03-30 05:14:54,60.84,fuel,pos,0.0384,0
21,2025-03-30 06:23:40,37.18,entertainment,mobile,0.0227,0
21,2025-03-30 12:36:19,18.55,fuel,atm,0.0129,0
21,2025-03-30 16:01:45,36.81,utilities,pos,0.0032,0
21,2025-03-30 16:44:38,44.21,utilities,online,0.0007,0
21,2025-03-30 20:32:59,6.31,utilities,pos,0.012,0
21,2025-03-31 07:22:10,8.98,online_retail,mobile,0.0822,0
21,2025-03-31 11:06:44,28.54,cash_advance,online,0.0507,0
21,2025-03-31 18:53:18,10.91,fuel,pos,0.0064,0
21,2025-04-01 10:15:07,7.03,restaurant,mobile,0.0342,0
21,2025-04-01 18:05:10,13.9,utilities,mobile,0.0229,0
21,2025-04-02 05:50:52,13.22,utilities,pos,0.0005,0
21,2025-04-02 11:05:43,15.65,restaurant,mobile,0.1031,0
21,2025-04-02 16:00:13,11.84,online_retail,pos,0.0218,0
21,2025-04-02 17:44:16,35.52,utilities,pos,0.0401,0
21,2025-04-03 09:44:56,6.16,fuel,pos,0.0083,0
21,2025-04-03 16:22:41,6.25,fuel,pos,0.0173,0
21,2025-04-04 10:45:13,17.0,restaurant,mobile,0.0076,0
21,2025-04-04 11:17:41,10.32,restaurant,pos,0.004,0
21,2025-04-04 13:54:23,16.48,utilities,online,0.0111,0
21,2025-04-04 18:04:56,7.47,utilities,mobile,0.0351,0
21,2025-04-05 22:56:05,30.48,restaurant,pos,0.0358,0
21,2025-04-06 06:52:58,16.01,fuel,pos,0.0627,0
21,2025-04-06 13:11:10,20.71,fuel,online,0.0119,0
21,2025-04-06 15:18:40,90.25,restaurant,pos,0.0373,0
21,2025-04-06 23:44:55,10.01,fuel,mobile,0.0648,0
21,2025-04-07 20:23:30,37.66,restaurant,mobile,0.0144,0
21,2025-04-08 08:18:12,26.09,utilities,pos,0.0102,0
21,2025-04-08 11:33:28,26.24,utilities,online,0.0691,0
21,2025-04-08 13:54:49,57.9,utilities,online,0.108,0
21,2025-04-08 14:47:03,18.79,grocery,pos,0.0671,0
21,2025-04-08 18:21:11,16.65,utilities,pos,0.0918,0
21,2025-04-09 14:24:38,11.64,fuel,online,0.0377,0
21,2025-04-09 14:35:00,10.47,jewelry,pos,0.02,0
21,2025-04-10 14:31:57,21.64,fuel,pos,0.0313,0
21,2025-04-10 15:06:59,6.37,fuel,pos,0.0255,0
21,2025-04-10 16:04:02,36.57,restaurant,pos,0.0017,0
21,2025-04-10 19:16:09,18.17,fuel,pos,0.068,0
21,2025-04-10 19:36:37,11.74,restaurant,mobile,0.037,0
21,2025-04-10 21:00:37,17.52,utilities,mobile,0.0748,0
21,2025-04-11 02:53:16,53.54,fuel,mobile,0.0884,0
21,2025-04-11 10:01:07,4.59,restaurant,atm,0.02,0
21,2025-04-11 11:05:14,21.88,restaurant,mobile,0.0599,0
21,2025-04-11 13:41:05,54.71,restaurant,online,0.0405,0
21,2025-04-11 15:40:48,7.9,restaurant,online,0.0237,0
21,2025-04-12 08:34:16,23.19,restaurant,online,0.0047,0
21,2025-04-12 14:42:20,8.52,online_retail,pos,0.0418,0
21,2025-04-12 16:04:34,46.88,restaurant,online,0.0178,0
21,2025-04-14 06:27:16,11.06,restaurant,pos,0.1082,0
21,2025-04-14 09:57:46,23.44,travel,online,0.0218,0
21,2025-04-14 10:30:34,28.46,restaurant,online,0.0544,0
21,2025-04-14 14:40:29,9.8,online_retail,pos,0.057,0
21,2025-04-14 17:59:18,24.6,electronics,online,0.0339,0
21,2025-04-14 19:39:13,29.17,utilities,atm,0.0457,0
21,2025-04-15 05:23:51,9.45,fuel,pos,0.0363,0
21,2025-04-15 08:00:06,4.86,fuel,mobile,0.0183,0
21,2025-04-15 10:02:08,18.59,fuel,online,0.0636,0
21,2025-04-15 15:23:38,31.17,restaurant,pos,0.068,0
21,2025-04-15 15:28:55,5.9,utilities,pos,0.054,0
21,2025-04-15 15:43:13,22.65,utilities,online,0.0948,0
21,2025-04-15 16:13:40,12.32,restaurant,pos,0.0903,0
21,2025-04-16 09:54:42,22.61,travel,atm,0.0033,0
21,2025-04-16 10:11:57,24.55,restaurant,online,0.0744,0
21,2025-04-16 10:14:52,23.86,entertainment,online,0.1119,0
21,2025-04-16 12:40:48,43.89,fuel,mobile,0.0138,0
21,2025-04-16 18:59:03,32.66,utilities,online,0.0858,0
21,2025-04-16 23:41:36,7.71,fuel,online,0.0554,0
21,2025-04-17 14:26:27,17.38,fuel,online,0.0852,0
21,2025-04-17 15:57:51,39.18,utilities,pos,0.0412,0
21,2025-04-17 19:15:14,33.53,utilities,online,0.0257,0
21,2025-04-18 11:04:53,29.11,utilities,pos,0.0344,0
21,2025-04-18 11:05:08,16.88,utilities,pos,0.0368,0
21,2025-04-18 14:09:55,35.96,fuel,atm,0.0732,0
21,2025-04-18 16:10:50,15.1,utilities,pos,0.0272,0
21,2025-04-18 18:13:51,6.01,travel,atm,0.0922,0
21,2025-04-18 18:45:18,27.54,utilities,online,0.0377,0
21,2025-04-18 20:45:40,17.87,restaurant,pos,0.0827,0
21,2025-04-18 21:08:23,8.99,restaurant,pos,0.1206,0
21,2025-04-19 12:31:18,28.65,utilities,online,0.0125,0
21,2025-04-19 13:50:49,20.62,utilities,pos,0.0809,0
21,2025-04-19 14:57:34,30.07,restaurant,mobile,0.0184,0
21,2025-04-19 16:11:10,11.77,fuel,online,0.036,0
21,2025-04-19 16:18:22,24.88,utilities,pos,0.0704,0
21,2025-04-19 18:02:29,13.88,utilities,online,0.041,0
21,2025-04-21 05:13:10,21.78,cash_advance,online,0.0259,0
21,2025-04-21 10:55:55,5.27,utilities,online,0.0522,0
21,2025-04-21 12:34:23,9.52,fuel,pos,0.0399,0
21,2025-04-21 13:38:57,26.71,fuel,pos,0.0213,0
21,2025-04-22 14:42:24,59.73,electronics,online,0.0056,0
21,2025-04-22 15:19:26,65.47,restaurant,online,0.0015,0
21,2025-04-22 18:15:43,15.82,utilities,pos,0.0755,0
21,2025-04-22 21:25:52,63.51,utilities,mobile,0.0387,0
21,2025-04-22 23:01:03,20.76,restaurant,mobile,0.0316,0
21,2025-04-23 08:17:00,11.49,restaurant,pos,0.044,0
21,2025-04-23 09:39:55,10.29,fuel,online,0.0708,0
21,2025-04-23 09:50:12,8.47,fuel,online,0.0239,0
21,2025-04-23 13:31:15,85.97,fuel,pos,0.0081,0
21,2025-04-23 15:21:05,5.64,travel,atm,0.0218,0
21,2025-04-23 17:24:43,26.64,fuel,pos,0.0125,0
21,2025-04-23 19:32:35,19.68,utilities,online,0.0614,0
21,2025-04-24 07:06:07,19.4,fuel,pos,0.0297,0
21,2025-04-24 16:04:51,21.08,utilities,online,0.0211,0
21,2025-04-24 19:16:33,9.31,utilities,pos,0.0015,0
21,2025-04-24 23:57:21,16.74,grocery,mobile,0.0474,0
21,2025-04-25 14:26:03,16.31,restaurant,online,0.0649,0
21,2025-04-25 17:04:02,28.4,cash_advance,online,0.0518,0
21,2025-04-25 17:27:59,5.81,jewelry,atm,0.0561,0
21,2025-04-25 18:35:50,20.27,restaurant,pos,0.0036,0
21,2025-04-25 19:49:44,15.73,utilities,mobile,0.0305,0
21,2025-04-26 08:04:10,11.04,fuel,online,0.0049,0
21,2025-04-26 12:35:41,9.17,restaurant,online,0.0351,0
21,2025-04-26 17:41:18,18.1,utilities,pos,0.0234,0
21,2025-04-26 21:00:55,22.87,fuel,online,0.009,0
21,2025-04-27 00:48:07,29.93,restaurant,mobile,0.0277,0
21,2025-04-27 08:04:40,5.78,restaurant,pos,0.0482,0
21,2025-04-27 08:34:31,3.68,utilities,online,0.053,0
21,2025-04-27 12:32:05,19.42,utilities,online,0.0351,0
21,2025-04-27 13:41:17,14.06,restaurant,pos,0.0298,0
21,2025-04-27 14:49:05,8.06,utilities,mobile,0.0089,0
21,2025-04-27 17:28:21,43.5,jewelry,online,0.0533,0
21,2025-04-28 04:03:44,63.32,online_retail,online,0.8247,1
21,2025-04-28 14:07:40,18.02,fuel,pos,0.0188,0
21,2025-04-28 16:50:27,23.16,utilities,pos,0.0286,0
21,2025-04-29 05:21:38,61.05,restaurant,mobile,0.0114,0
21,2025-04-29 16:47:04,34.43,restaurant,online,0.0006,0
21,2025-04-29 21:07:51,9.99,fuel,mobile,0.0121,0
21,2025-04-30 10:00:33,13.68,utilities,online,0.019,0
21,2025-04-30 13:51:56,18.3,restaurant,online,0.0108,0
21,2025-04-30 17:33:28,15.35,grocery,mobile,0.072,0
21,2025-05-01 04:47:35,7.99,restaurant,online,0.0388,0
21,2025-05-01 15:05:20,7.85,fuel,online,0.0098,0
21,2025-05-02 05:28:20,26.2,restaurant,atm,0.0026,0
21,2025-05-02 07:09:42,32.22,online_retail,mobile,0.0086,0
21,2025-05-02 10:52:16,8.03,restaurant,atm,0.1297,0
21,2025-05-02 14:11:50,36.62,utilities,atm,0.0279,0
21,2025-05-02 17:35:26,5.52,fuel,online,0.0,0
21,2025-05-03 05:53:29,7.8,fuel,mobile,0.0813,0
21,2025-05-03 06:19:11,5.67,utilities,online,0.0052,0
21,2025-05-03 14:49:55,6.29,cash_advance,atm,0.0393,0
21,2025-05-03 18:04:59,11.26,fuel,pos,0.0322,0
21,2025-05-03 20:15:03,11.32,fuel,pos,0.0459,0
21,2025-05-03 20:46:59,3.37,utilities,online,0.0352,0
21,2025-05-04 15:12:35,8.29,fuel,pos,0.0871,0
21,2025-05-04 18:13:52,18.47,utilities,mobile,0.0168,0
21,2025-05-04 21:42:51,22.19,fuel,atm,0.0481,0
21,2025-05-05 07:43:29,20.46,electronics,pos,0.1191,0
21,2025-05-05 11:12:12,42.89,fuel,mobile,0.0567,0
21,2025-05-05 13:46:44,13.19,online_retail,pos,0.0676,0
21,2025-05-06 09:22:54,8.52,utilities,online,0.0037,0
21,2025-05-06 10:09:08,12.37,jewelry,online,0.1174,0
21,2025-05-06 13:36:51,14.29,utilities,online,0.0697,0
21,2025-05-06 18:20:36,12.39,fuel,mobile,0.0646,0
21,2025-05-06 23:01:01,37.41,jewelry,mobile,0.0056,0
21,2025-05-07 07:48:47,8.69,online_retail,mobile,0.0294,0
21,2025-05-08 14:43:49,13.32,fuel,online,0.0063,0
21,2025-05-08 15:53:24,26.41,restaurant,pos,0.036,0
21,2025-05-09 04:28:58,26.27,fuel,mobile,0.0876,0
21,2025-05-09 09:23:07,34.17,utilities,pos,0.071,0
21,2025-05-09 14:19:06,17.67,electronics,pos,0.0425,0
21,2025-05-09 16:16:20,7.85,fuel,mobile,0.044,0
21,2025-05-09 23:07:03,2.63,utilities,pos,0.0746,0
21,2025-05-10 06:53:30,70.41,restaurant,online,0.037,0
21,2025-05-10 07:57:54,27.07,fuel,online,0.0048,0
21,2025-05-10 10:12:30,7.27,restaurant,mobile,0.0565,0
21,2025-05-10 18:10:34,28.1,fuel,online,0.0276,0
21,2025-05-10 21:18:15,24.61,utilities,atm,0.0004,0
21,2025-05-11 07:25:53,20.03,fuel,mobile,0.098,0
21,2025-05-11 12:17:11,20.72,restaurant,mobile,0.0222,0
21,2025-05-11 12:58:17,36.51,restaurant,pos,0.0654,0
21,2025-05-11 15:13:58,9.95,online_retail,online,0.0039,0
21,2025-05-12 09:52:03,34.41,cash_advance,mobile,0.0175,0
21,2025-05-13 09:18:31,38.87,restaurant,online,0.0151,0
21,2025-05-13 10:43:14,9.69,fuel,online,0.0178,0
21,2025-05-13 12:51:12,10.22,cash_advance,online,0.088,0
21,2025-05-13 21:06:27,28.31,cash_advance,pos,0.0,0
21,2025-05-14 14:19:05,8.18,cash_advance,mobile,0.0699,0
21,2025-05-15 07:04:53,24.03,restaurant,online,0.0008,0
21,2025-05-15 13:59:16,9.07,cash_advance,pos,0.072,0
21,2025-05-15 14:44:11,9.9,fuel,online,0.0588,0
21,2025-05-15 15:21:54,8.69,utilities,pos,0.01,0
21,2025-05-15 16:33:57,11.01,cash_advance,online,0.0119,0
21,2025-05-15 17:34:41,11.31,utilities,online,0.0552,0
21,2025-05-16 06:39:08,16.71,fuel,online,0.0115,0
21,2025-05-16 11:17:49,9.08,utilities,online,0.0365,0
21,2025-05-16 18:40:39,12.79,restaurant,mobile,0.1181,0
21,2025-05-17 11:10:21,15.16,utilities,online,0.0355,0
21,2025-05-17 14:17:20,23.62,restaurant,mobile,0.0096,0
21,2025-05-17 20:23:31,14.59,fuel,online,0.0038,0
21,2025-05-17 21:45:00,7.53,fuel,mobile,0.0726,0
21,2025-05-17 22:43:06,2.86,fuel,online,0.0619,0
21,2025-05-18 13:45:51,6.52,fuel,online,0.0159,0
21,2025-05-18 16:21:32,17.14,fuel,atm,0.0149,0
21,2025-05-18 16:30:24,6.73,utilities,pos,0.0027,0
21,2025-05-18 22:02:52,6.5,restaurant,pos,0.0542,0
21,2025-05-19 10:35:25,17.38,restaurant,pos,0.0524,0
21,2025-05-19 12:01:00,8.2,online_retail,online,0.0273,0
21,2025-05-19 13:51:10,17.81,fuel,pos,0.0023,0
21,2025-05-20 03:17:18,36.41,restaurant,pos,0.0006,0
21,2025-05-20 06:17:16,25.81,restaurant,pos,0.0273,0
21,2025-05-20 15:55:41,5.46,restaurant,mobile,0.1133,0
21,2025-05-21 10:35:34,7.1,utilities,mobile,0.002,0
21,2025-05-21 13:30:22,13.91,travel,atm,0.0398,0
21,2025-05-21 15:25:00,13.87,online_retail,pos,0.0502,0
21,2025-05-22 06:34:20,11.48,utilities,online,0.056,0
21,2025-05-22 11:40:39,18.78,restaurant,online,0.0509,0
21,2025-05-22 15:09:51,17.17,restaurant,pos,0.0487,0
21,2025-05-22 17:15:07,9.4,utilities,mobile,0.0187,0
21,2025-05-22 19:29:11,9.59,fuel,online,0.0366,0
21,2025-05-22 20:02:18,16.94,cash_advance,online,0.0148,0
21,2025-05-23 13:17:31,13.72,restaurant,pos,0.0089,0
21,2025-05-23 20:05:44,12.92,fuel,mobile,0.043,0
21,2025-05-24 15:47:34,17.78,utilities,mobile,0.0195,0
21,2025-05-24 16:55:46,31.68,restaurant,mobile,0.0954,0
21,2025-05-24 20:08:07,14.83,grocery,pos,0.0529,0
21,2025-05-25 15:59:00,30.22,restaurant,mobile,0.0938,0
21,2025-05-25 18:03:24,14.92,utilities,online,0.085,0
21,2025-05-25 18:38:11,8.25,restaurant,pos,0.0683,0
21,2025-05-25 20:10:34,3.76,utilities,online,0.0078,0
21,2025-05-26 07:30:19,22.24,utilities,online,0.0091,0
21,2025-05-26 12:22:28,20.66,fuel,online,0.0597,0
21,2025-05-26 12:47:50,9.55,utilities,mobile,0.1532,0
21,2025-05-26 13:56:20,7.84,fuel,mobile,0.0006,0
21,2025-05-26 20:17:57,11.38,restaurant,pos,0.039,0
21,2025-05-27 01:18:05,17.39,entertainment,mobile,0.0305,0
21,2025-05-27 07:16:58,20.91,jewelry,online,0.0229,0
21,2025-05-27 15:18:04,9.06,fuel,pos,0.0524,0
21,2025-05-28 06:16:24,7.52,online_retail,pos,0.0964,0
21,2025-05-28 09:57:46,5.58,electronics,pos,0.1124,0
21,2025-05-28 14:21:37,21.59,online_retail,pos,0.0226,0
21,2025-05-28 15:35:35,34.42,online_retail,online,0.1752,0
21,2025-05-28 16:08:56,10.12,travel,online,0.0413,0
21,2025-05-28 16:59:48,6.09,restaurant,pos,0.0173,0
21,2025-05-29 11:22:57,11.82,travel,online,0.0223,0
21,2025-05-29 14:04:19,9.93,fuel,online,0.0335,0
21,2025-05-29 14:50:24,8.24,online_retail,pos,0.066,0
21,2025-05-30 11:30:34,15.86,utilities,mobile,0.0825,0
21,2025-05-31 19:31:15,14.05,restaurant,pos,0.0274,0
21,2025-05-31 23:27:32,18.15,entertainment,mobile,0.0304,0
21,2025-06-01 05:00:12,7.44,utilities,online,0.0223,0
21,2025-06-01 11:12:54,11.68,fuel,pos,0.0278,0
21,2025-06-01 13:58:55,32.5,utilities,online,0.0848,0
21,2025-06-01 16:00:52,17.09,utilities,pos,0.0129,0
21,2025-06-02 16:55:12,24.02,fuel,mobile,0.0729,0
21,2025-06-02 17:58:21,33.13,fuel,mobile,0.0837,0
21,2025-06-02 19:27:33,12.92,restaurant,pos,0.0263,0
21,2025-06-03 10:14:12,4.46,fuel,pos,0.0125,0
21,2025-06-03 10:32:58,13.95,fuel,atm,0.0141,0
21,2025-06-03 13:42:44,3.88,restaurant,online,0.0754,0
21,2025-06-03 18:27:52,9.52,utilities,online,0.0128,0
21,2025-06-03 19:39:31,5.55,restaurant,atm,0.0509,0
21,2025-06-04 05:52:16,4.88,utilities,online,0.0829,0
21,2025-06-04 08:25:48,26.98,restaurant,mobile,0.0189,0
21,2025-06-04 09:57:07,28.21,restaurant,mobile,0.0556,0
21,2025-06-04 11:04:02,54.58,fuel,atm,0.002,0
21,2025-06-04 12:35:26,20.96,utilities,pos,0.0088,0
21,2025-06-04 13:18:57,22.29,restaurant,online,0.0246,0
21,2025-06-04 14:54:57,6.79,travel,pos,0.0199,0
21,2025-06-06 03:52:49,4.95,utilities,online,0.0334,0
21,2025-06-06 11:55:10,9.23,fuel,online,0.0227,0
21,2025-06-06 14:22:51,26.33,utilities,mobile,0.1188,0
21,2025-06-06 14:26:40,4.97,cash_advance,online,0.0044,0
21,2025-06-06 14:44:12,14.03,restaurant,online,0.028,0
21,2025-06-06 15:34:10,9.92,travel,online,0.0001,0
21,2025-06-06 19:32:12,4.25,fuel,online,0.0236,0
21,2025-06-06 21:27:34,9.91,utilities,pos,0.0224,0
21,2025-06-07 08:50:46,41.44,jewelry,pos,0.0141,0
21,2025-06-07 11:26:50,28.37,utilities,pos,0.0661,0
21,2025-06-07 12:48:48,29.86,travel,online,0.0101,0
21,2025-06-07 17:15:48,21.19,utilities,pos,0.0341,0
21,2025-06-07 21:27:27,23.47,fuel,online,0.0751,0
21,2025-06-08 12:28:54,99.96,restaurant,pos,0.0173,0
21,2025-06-08 15:26:50,9.14,restaurant,pos,0.0501,0
21,2025-06-09 17:26:44,7.56,fuel,pos,0.039,0
21,2025-06-09 21:20:20,15.84,restaurant,mobile,0.0628,0
21,2025-06-10 06:53:46,19.8,restaurant,mobile,0.0502,0
21,2025-06-10 08:27:16,35.36,travel,pos,0.0228,0
21,2025-06-10 11:29:02,13.21,fuel,online,0.0345,0
21,2025-06-10 12:07:39,15.25,restaurant,atm,0.0387,0
21,2025-06-10 16:54:46,21.71,online_retail,pos,0.0303,0
21,2025-06-10 18:21:02,66.54,entertainment,pos,0.0456,0
21,2025-06-10 19:35:26,6.34,entertainment,online,0.0289,0
21,2025-06-12 04:29:02,7.78,utilities,online,0.0083,0
21,2025-06-12 06:18:25,19.37,cash_advance,pos,0.067,0
21,2025-06-12 12:05:08,17.76,restaurant,pos,0.0725,0
21,2025-06-12 12:20:14,9.09,restaurant,pos,0.0373,0
21,2025-06-12 14:21:12,10.85,restaurant,online,0.0097,0
21,2025-06-12 22:29:40,35.55,electronics,online,0.0558,0
21,2025-06-13 11:20:40,28.59,utilities,pos,0.1026,0
21,2025-06-13 16:23:56,20.19,restaurant,online,0.0121,0
21,2025-06-13 18:29:07,5.26,fuel,online,0.0084,0
21,2025-06-13 19:19:38,10.55,fuel,pos,0.061,0
21,2025-06-14 03:04:01,7.2,utilities,mobile,0.0856,0
21,2025-06-14 12:20:23,26.42,online_retail,online,0.0322,0
21,2025-06-14 12:31:34,7.16,fuel,mobile,0.0384,0
21,2025-06-14 14:17:51,11.15,restaurant,online,0.0277,0
21,2025-06-14 19:57:19,16.18,restaurant,mobile,0.0262,0
21,2025-06-15 15:51:47,18.99,fuel,mobile,0.0548,0
21,2025-06-16 04:58:47,27.99,fuel,online,0.0398,0
21,2025-06-16 12:27:26,9.26,restaurant,pos,0.0012,0
21,2025-06-16 13:05:45,24.76,entertainment,pos,0.0444,0
21,2025-06-16 16:03:00,19.23,fuel,atm,0.0195,0
21,2025-06-16 18:22:49,4.2,restaurant,pos,0.008,0
21,2025-06-16 19:21:42,14.97,entertainment,mobile,0.0269,0
21,2025-06-16 20:53:20,5.04,restaurant,online,0.068,0
21,2025-06-17 00:55:15,46.76,fuel,online,0.0176,0
21,2025-06-17 05:34:24,28.9,restaurant,online,0.0033,0
21,2025-06-17 10:57:45,33.1,fuel,atm,0.0403,0
21,2025-06-17 14:11:36,16.25,utilities,pos,0.0443,0
21,2025-06-17 20:58:53,14.55,restaurant,online,0.0001,0
21,2025-06-17 23:01:20,19.6,fuel,online,0.025,0
21,2025-06-17 23:43:54,11.95,restaurant,pos,0.0126,0
21,2025-06-18 07:31:09,10.68,utilities,online,0.0481,0
21,2025-06-18 08:22:29,33.73,restaurant,online,0.0352,0
21,2025-06-18 11:49:17,26.72,restaurant,pos,0.0067,0
21,2025-06-18 13:15:36,19.75,restaurant,mobile,0.0375,0
21,2025-06-19 14:02:27,11.41,utilities,pos,0.0266,0
21,2025-06-19 16:32:35,9.11,restaurant,mobile,0.0461,0
21,2025-06-20 00:55:55,14.29,cash_advance,pos,0.0116,0
21,2025-06-20 09:45:03,3.86,fuel,pos,0.1054,0
21,2025-06-20 10:02:14,9.63,utilities,pos,0.0214,0
21,2025-06-20 14:18:17,12.5,restaurant,pos,0.0131,0
21,2025-06-20 15:43:50,31.47,restaurant,pos,0.0136,0
21,2025-06-20 17:20:59,7.19,jewelry,mobile,0.0154,0
21,2025-06-21 08:56:22,6.16,cash_advance,pos,0.0187,0
21,2025-06-21 11:52:10,13.19,utilities,pos,0.0512,0
21,2025-06-21 15:12:12,5.77,utilities,pos,0.0226,0
21,2025-06-21 15:33:10,33.64,fuel,pos,0.0278,0
21,2025-06-22 02:24:00,13.83,restaurant,online,0.0165,0
21,2025-06-22 09:40:56,18.27,restaurant,mobile,0.0244,0
21,2025-06-23 10:03:02,5.72,entertainment,atm,0.0222,0
21,2025-06-23 23:42:54,3.52,restaurant,pos,0.0165,0
21,2025-06-24 08:54:22,5.6,utilities,mobile,0.005,0
21,2025-06-24 15:08:49,23.8,restaurant,pos,0.077,0
21,2025-06-24 15:48:50,91.7,restaurant,pos,0.0253,0
21,2025-06-24 19:04:37,9.92,restaurant,mobile,0.0858,0
21,2025-06-25 09:12:34,22.88,fuel,mobile,0.0422,0
21,2025-06-25 10:03:14,13.08,restaurant,mobile,0.0549,0
21,2025-06-25 11:32:43,20.66,travel,online,0.057,0
21,2025-06-25 12:21:59,13.46,utilities,mobile,0.0889,0
21,2025-06-25 15:16:00,6.78,fuel,mobile,0.0604,0
21,2025-06-25 16:45:26,11.48,fuel,online,0.0521,0
21,2025-06-25 17:03:18,38.56,restaurant,pos,0.0049,0
21,2025-06-26 13:22:03,13.97,online_retail,online,0.0165,0
21,2025-06-26 13:54:07,9.72,travel,online,0.0379,0
21,2025-06-26 15:27:00,10.71,restaurant,atm,0.0297,0
21,2025-06-26 18:26:08,13.83,fuel,pos,0.0066,0
21,2025-06-26 18:30:32,21.56,utilities,online,0.0104,0
21,2025-06-26 23:10:17,20.72,fuel,pos,0.0048,0
21,2025-06-27 09:02:39,8.54,restaurant,pos,0.0045,0
21,2025-06-27 10:01:24,15.6,fuel,pos,0.0279,0
21,2025-06-27 17:35:51,27.95,fuel,online,0.0482,0
21,2025-06-27 22:50:04,18.33,fuel,pos,0.001,0
21,2025-06-28 08:14:25,16.03,utilities,mobile,0.0421,0
21,2025-06-28 17:16:46,40.32,travel,mobile,0.0189,0
21,2025-06-29 09:33:31,35.07,fuel,mobile,0.0312,0
21,2025-06-29 11:32:25,13.37,fuel,mobile,0.0393,0
21,2025-06-29 22:58:41,28.57,fuel,online,0.0073,0
22,2025-01-01 05:00:35,51.21,cash_advance,online,0.0727,0
22,2025-01-01 11:25:32,162.95,entertainment,online,0.0244,0
22,2025-01-01 14:31:32,38.04,travel,mobile,0.0384,0
22,2025-01-01 14:34:38,24.77,fuel,online,0.0278,0
22,2025-01-01 21:44:02,82.56,cash_advance,online,0.009,0
22,2025-01-02 03:55:48,33.36,cash_advance,online,0.0295,0
22,2025-01-02 08:47:28,38.57,entertainment,mobile,0.0093,0
22,2025-01-02 10:13:50,18.7,travel,online,0.0298,0
22,2025-01-02 11:34:30,36.93,entertainment,pos,0.0648,0
22,2025-01-02 16:51:41,61.33,travel,atm,0.0269,0
22,2025-01-02 19:12:38,65.17,restaurant,mobile,0.0697,0
22,2025-01-02 23:39:53,61.43,travel,online,0.0207,0
22,2025-01-03 14:11:39,34.64,entertainment,mobile,0.0506,0
22,2025-01-03 16:18:48,62.88,travel,mobile,0.1896,0
22,2025-01-03 17:06:39,109.63,travel,online,0.0133,0
22,2025-01-04 10:27:53,66.69,cash_advance,online,0.0599,0
22,2025-01-04 15:14:29,69.09,cash_advance,pos,0.019,0
22,2025-01-04 17:29:59,24.62,cash_advance,pos,0.098,0
22,2025-01-04 23:59:27,70.24,travel,pos,0.0033,0
22,2025-01-05 03:18:45,35.95,travel,atm,0.0209,0
22,2025-01-05 05:57:33,45.81,utilities,pos,0.0247,0
22,2025-01-05 07:57:58,21.62,entertainment,online,0.049,0
22,2025-01-05 08:58:06,87.91,grocery,online,0.0644,0
22,2025-01-05 12:12:41,19.03,cash_advance,online,0.0434,0
22,2025-01-05 13:57:22,20.49,electronics,pos,0.0301,0
22,2025-01-06 11:39:25,67.37,travel,mobile,0.0701,0
22,2025-01-06 12:07:01,168.16,travel,mobile,0.0492,0
22,2025-01-08 12:14:29,52.17,electronics,pos,0.0152,0
22,2025-01-08 18:27:30,92.07,travel,online,0.0143,0
22,2025-01-08 19:36:41,106.54,restaurant,pos,0.138,0
22,2025-01-08 21:49:11,70.36,entertainment,mobile,0.0172,0
22,2025-01-09 07:08:38,50.04,entertainment,online,0.0309,0
22,2025-01-09 09:23:24,173.56,travel,pos,0.0073,0
22,2025-01-09 15:26:52,67.63,travel,pos,0.0435,0
22,2025-01-09 16:14:12,79.23,cash_advance,mobile,0.026,0
22,2025-01-09 17:59:53,57.87,cash_advance,pos,0.0118,0
22,2025-01-09 20:20:16,94.66,travel,mobile,0.0827,0
22,2025-01-10 08:00:09,51.81,cash_advance,mobile,0.0819,0
22,2025-01-10 15:56:28,71.31,cash_advance,online,0.0121,0
22,2025-01-11 16:30:12,163.1,cash_advance,online,0.0083,0
22,2025-01-12 02:03:39,19.16,entertainment,mobile,0.0086,0
22,2025-01-12 06:17:37,56.45,cash_advance,pos,0.0282,0
22,2025-01-12 09:59:20,33.57,jewelry,online,0.0292,0
22,2025-01-12 11:14:15,38.38,grocery,pos,0.0148,0
22,2025-01-12 13:51:39,30.42,cash_advance,pos,0.0291,0
22,2025-01-12 14:31:18,33.36,travel,pos,0.0091,0
22,2025-01-12 17:32:16,33.22,cash_advance,online,0.0565,0
22,2025-01-13 15:02:50,84.89,entertainment,pos,0.1194,0
22,2025-01-13 15:04:06,138.89,entertainment,online,0.0356,0
22,2025-01-13 17:21:22,98.84,online_retail,online,0.011,0
22,2025-01-14 03:52:13,64.29,travel,mobile,0.0101,0
22,2025-01-14 06:06:34,52.89,travel,online,0.136,0
22,2025-01-14 11:00:56,41.53,electronics,mobile,0.013,0
22,2025-01-14 12:34:05,58.69,entertainment,atm,0.0275,0
22,2025-01-14 16:27:50,125.56,entertainment,online,0.016,0
22,2025-01-14 22:10:31,52.29,cash_advance,pos,0.0564,0
22,2025-01-15 11:14:21,60.86,utilities,online,0.0499,0
22,2025-01-15 18:36:50,93.25,entertainment,online,0.0348,0
22,2025-01-16 01:48:41,63.32,travel,pos,0.0292,0
22,2025-01-16 03:12:39,69.58,entertainment,pos,0.1033,0
22,2025-01-16 06:48:06,68.68,jewelry,pos,0.0795,0
22,2025-01-16 14:32:27,27.45,restaurant,pos,0.0521,0
22,2025-01-16 14:38:49,48.96,cash_advance,online,0.0436,0
22,2025-01-16 15:43:59,30.21,fuel,online,0.0372,0
22,2025-01-16 16:19:32,83.86,entertainment,pos,0.0339,0
22,2025-01-17 16:06:40,33.59,travel,mobile,0.0347,0
22,2025-01-17 16:44:29,37.11,entertainment,mobile,0.0671,0
22,2025-01-18 04:54:00,31.11,travel,online,0.0113,0
22,2025-01-18 11:45:37,65.06,cash_advance,mobile,0.0152,0
22,2025-01-18 12:37:00,49.32,cash_advance,online,0.0085,0
22,2025-01-18 19:50:58,136.89,cash_advance,pos,0.0253,0
22,2025-01-19 10:51:47,40.42,cash_advance,mobile,0.0312,0
22,2025-01-19 11:48:07,26.77,entertainment,online,0.0247,0
22,2025-01-19 17:33:11,33.85,entertainment,pos,0.0795,0
22,2025-01-19 18:40:33,54.73,utilities,mobile,0.0021,0
22,2025-01-19 22:55:33,191.82,entertainment,online,0.0445,0
22,2025-01-19 23:33:27,17.98,entertainment,online,0.0142,0
22,2025-01-20 12:48:55,95.46,cash_advance,mobile,0.0095,0
22,2025-01-20 14:04:19,68.9,jewelry,pos,0.0334,0
22,2025-01-21 09:41:25,48.02,travel,mobile,0.0238,0
22,2025-01-21 13:19:07,48.75,cash_advance,pos,0.0407,0
22,2025-01-21 14:37:09,92.74,entertainment,online,0.0345,0
22,2025-01-21 18:23:04,53.5,travel,pos,0.0079,0
22,2025-01-21 23:16:20,135.18,entertainment,atm,0.0823,0
22,2025-01-22 12:45:08,107.58,travel,pos,0.0193,0
22,2025-01-22 13:12:02,182.05,travel,online,0.0568,0
22,2025-01-22 13:25:36,50.98,cash_advance,pos,0.0815,0
22,2025-01-22 13:32:05,39.93,entertainment,pos,0.0073,0
22,2025-01-22 16:55:26,110.09,cash_advance,mobile,0.0592,0
22,2025-01-22 18:20:48,149.8,utilities,pos,0.0257,0
22,2025-01-23 07:02:34,76.78,entertainment,pos,0.0886,0
22,2025-01-23 09:07:34,151.71,cash_advance,online,0.0766,0
22,2025-01-23 09:22:35,73.01,travel,mobile,0.0113,0
22,2025-01-23 12:56:39,135.89,travel,pos,0.0255,0
22,2025-01-24 15:01:38,113.75,travel,mobile,0.0647,0
22,2025-01-24 15:28:35,517.31,cash_advance,mobile,0.0399,0
22,2025-01-24 15:33:11,148.84,travel,online,0.0171,0
22,2025-01-24 16:31:15,79.61,entertainment,online,0.0623,0
22,2025-01-24 18:15:29,49.84,travel,pos,0.0359,0
22,2025-01-25 12:06:39,224.57,travel,pos,0.0151,0
22,2025-01-25 12:20:30,124.62,entertainment,mobile,0.0185,0
22,2025-01-25 15:57:24,80.02,travel,online,0.0114,0
22,2025-01-25 18:10:24,28.63,entertainment,mobile,0.0173,0
22,2025-01-26 06:05:03,48.23,cash_advance,pos,0.0861,0
22,2025-01-26 10:51:38,77.38,entertainment,mobile,0.0155,0
22,2025-01-26 15:59:59,69.58,travel,online,0.1201,0
22,2025-01-27 10:05:06,102.62,travel,mobile,0.0288,0
22,2025-01-27 13:56:39,33.24,travel,online,0.0406,0
22,2025-01-27 15:18:50,25.9,cash_advance,online,0.0007,0
22,2025-01-27 15:36:07,72.72,cash_advance,pos,0.0033,0
22,2025-01-27 17:07:15,76.19,cash_advance,online,0.0134,0
22,2025-01-27 17:19:11,35.82,travel,mobile,0.0467,0
22,2025-01-27 17:44:17,97.28,cash_advance,online,0.0005,0
22,2025-01-27 19:26:06,41.46,entertainment,online,0.0042,0
22,2025-01-28 09:10:27,23.55,travel,mobile,0.0422,0
22,2025-01-28 11:54:33,38.3,entertainment,mobile,0.036,0
22,2025-01-28 12:59:12,51.03,travel,online,0.0574,0
22,2025-01-28 13:39:47,20.15,electronics,pos,0.0562,0
22,2025-01-28 15:18:29,18.42,cash_advance,pos,0.0356,0
22,2025-01-28 18:45:15,57.54,entertainment,pos,0.0129,0
22,2025-01-29 12:40:34,18.29,cash_advance,pos,0.0283,0
22,2025-01-29 19:10:26,13.74,entertainment,pos,0.0343,0
22,2025-01-30 06:05:38,24.02,entertainment,pos,0.0074,0
22,2025-01-30 08:27:04,25.23,electronics,mobile,0.0359,0
22,2025-01-30 13:22:44,44.57,cash_advance,online,0.0141,0
22,2025-01-30 21:36:14,18.15,entertainment,pos,0.0479,0
22,2025-01-31 14:42:46,50.33,cash_advance,online,0.0162,0
22,2025-01-31 15:34:47,40.32,cash_advance,online,0.036,0
22,2025-01-31 15:48:55,43.97,cash_advance,pos,0.0914,0
22,2025-02-01 06:13:17,60.41,cash_advance,pos,0.0015,0
22,2025-02-01 12:25:07,43.15,cash_advance,online,0.0098,0
22,2025-02-01 13:14:26,27.17,cash_advance,online,0.0539,0
22,2025-02-02 13:21:20,23.37,travel,pos,0.0468,0
22,2025-02-02 13:41:30,94.53,restaurant,mobile,0.0164,0
22,2025-02-02 18:25:15,74.81,travel,pos,0.0371,0
22,2025-02-03 09:45:51,8.73,entertainment,online,0.0564,0
22,2025-02-04 11:30:08,75.77,travel,mobile,0.0228,0
22,2025-02-04 12:30:52,18.76,travel,pos,0.0692,0
22,2025-02-04 14:20:47,236.04,entertainment,pos,0.0077,0
22,2025-02-04 17:43:17,56.47,travel,mobile,0.046,0
22,2025-02-05 08:00:07,100.49,entertainment,pos,0.1082,0
22,2025-02-05 08:30:01,102.59,travel,pos,0.0051,0
22,2025-02-05 08:31:45,12.0,cash_advance,mobile,0.0254,0
22,2025-02-05 12:39:48,117.13,travel,mobile,0.0846,0
22,2025-02-05 16:46:33,122.35,entertainment,pos,0.0741,0
22,2025-02-05 17:18:02,53.47,travel,online,0.024,0
22,2025-02-05 17:39:47,226.08,entertainment,online,0.0016,0
22,2025-02-06 03:59:21,102.05,entertainment,mobile,0.0144,0
22,2025-02-06 07:36:46,61.7,cash_advance,online,0.0595,0
22,2025-02-06 09:03:08,16.93,utilities,pos,0.039,0
22,2025-02-06 10:44:01,53.68,online_retail,pos,0.026,0
22,2025-02-07 06:07:00,63.16,entertainment,pos,0.0584,0
22,2025-02-07 08:04:35,49.5,entertainment,online,0.0297,0
22,2025-02-07 11:23:50,45.49,cash_advance,online,0.014,0
22,2025-02-07 11:32:35,30.71,entertainment,pos,0.0164,0
22,2025-02-08 11:12:21,16.37,entertainment,online,0.1198,0
22,2025-02-08 14:09:39,60.96,travel,pos,0.0163,0
22,2025-02-08 15:23:57,32.93,grocery,mobile,0.021,0
22,2025-02-08 15:58:19,63.34,entertainment,mobile,0.0943,0
22,2025-02-08 16:29:55,56.1,travel,online,0.0243,0
22,2025-02-08 17:48:51,30.58,cash_advance,mobile,0.0079,0
22,2025-02-09 10:28:01,65.21,travel,pos,0.107,0
22,2025-02-09 13:58:43,104.81,entertainment,online,0.0403,0
22,2025-02-09 22:08:30,82.62,cash_advance,pos,0.0106,0
22,2025-02-10 19:39:38,113.68,travel,online,0.0266,0
22,2025-02-10 21:54:30,40.85,entertainment,pos,0.039,0
22,2025-02-11 10:21:12,38.48,electronics,online,0.0627,0
22,2025-02-11 16:03:01,84.81,entertainment,pos,0.0672,0
22,2025-02-12 07:24:06,105.36,restaurant,pos,0.0703,0
22,2025-02-12 09:12:31,62.2,travel,pos,0.0195,0
22,2025-02-12 15:45:55,18.76,travel,online,0.1038,0
22,2025-02-12 16:32:13,105.16,entertainment,mobile,0.0831,0
22,2025-02-12 21:07:38,58.01,entertainment,online,0.069,0
22,2025-02-13 12:04:15,76.16,travel,mobile,0.0608,0
22,2025-02-13 14:17:38,89.95,travel,atm,0.0545,0
22,2025-02-13 14:53:03,109.96,entertainment,mobile,0.0476,0
22,2025-02-13 16:56:48,129.62,travel,pos,0.0436,0
22,2025-02-14 13:08:38,157.52,electronics,online,0.0068,0
22,2025-02-14 15:26:37,50.53,travel,mobile,0.0602,0
22,2025-02-14 16:03:47,113.02,travel,online,0.0356,0
22,2025-02-14 17:53:06,45.92,travel,pos,0.0342,0
22,2025-02-14 20:44:58,86.98,cash_advance,mobile,0.0091,0
22,2025-02-15 09:21:06,137.47,travel,mobile,0.0358,0
22,2025-02-15 12:21:10,59.13,entertainment,mobile,0.0299,0
22,2025-02-15 12:47:53,61.46,entertainment,mobile,0.0248,0
22,2025-02-15 16:08:12,21.28,travel,pos,0.0061,0
22,2025-02-15 20:29:59,25.99,jewelry,online,0.0376,0
22,2025-02-16 09:35:20,13.22,entertainment,online,0.0276,0
22,2025-02-17 04:21:07,35.11,cash_advance,online,0.0972,0
22,2025-02-17 15:10:41,189.89,cash_advance,pos,0.0127,0
22,2025-02-17 19:04:33,34.64,cash_advance,online,0.0231,0
22,2025-02-17 21:52:54,79.86,entertainment,online,0.0139,0
22,2025-02-18 10:06:20,25.01,cash_advance,online,0.0996,0
22,2025-02-18 10:54:51,197.04,travel,mobile,0.0044,0
22,2025-02-19 02:59:48,45.77,cash_advance,mobile,0.0527,0
22,2025-02-19 07:45:26,36.28,entertainment,pos,0.0896,0
22,2025-02-19 10:06:27,288.53,utilities,online,0.0139,0
22,2025-02-19 11:07:34,26.18,travel,pos,0.0151,0
22,2025-02-19 12:44:08,138.97,entertainment,online,0.1234,0
22,2025-02-19 14:01:23,28.28,entertainment,atm,0.0092,0
22,2025-02-19 15:45:18,42.36,entertainment,mobile,0.0198,0
22,2025-02-20 14:07:35,9.44,travel,online,0.0341,0
22,2025-02-20 16:29:29,63.58,cash_advance,pos,0.0268,0
22,2025-02-20 20:26:53,35.51,entertainment,pos,0.0258,0
22,2025-02-20 22:28:56,76.84,entertainment,online,0.0602,0
22,2025-02-21 08:01:14,21.22,online_retail,mobile,0.0238,0
22,2025-02-21 10:43:54,143.73,travel,online,0.0099,0
22,2025-02-21 11:12:12,49.09,cash_advance,online,0.022,0
22,2025-02-21 14:44:37,93.3,entertainment,pos,0.0099,0
22,2025-02-22 06:44:16,121.97,cash_advance,pos,0.0435,0
22,2025-02-22 09:45:16,39.43,travel,pos,0.0633,0
22,2025-02-22 11:01:22,24.13,entertainment,mobile,0.0234,0
22,2025-02-22 11:43:12,40.19,travel,online,0.0384,0
22,2025-02-22 12:07:57,240.38,entertainment,pos,0.0497,0
22,2025-02-22 17:09:21,66.46,cash_advance,mobile,0.0164,0
22,2025-02-22 23:42:10,83.46,restaurant,mobile,0.0065,0
22,2025-02-23 11:15:41,93.81,travel,atm,0.0378,0
22,2025-02-23 12:02:48,73.29,travel,pos,0.0368,0
22,2025-02-23 14:39:13,55.62,entertainment,online,0.1037,0
22,2025-02-24 13:38:24,70.68,fuel,atm,0.0266,0
22,2025-02-25 18:56:47,14.41,travel,pos,0.0027,0
22,2025-02-26 09:17:06,24.18,entertainment,pos,0.0213,0
22,2025-02-26 11:38:09,89.18,travel,online,0.0539,0
22,2025-02-26 12:23:19,39.03,travel,pos,0.0108,0
22,2025-02-26 21:05:11,179.0,fuel,online,0.0261,0
22,2025-02-26 21:59:09,51.48,restaurant,pos,0.0738,0
22,2025-02-27 11:29:44,37.68,cash_advance,online,0.0584,0
22,2025-02-27 17:05:35,115.66,entertainment,atm,0.0108,0
22,2025-02-28 17:24:10,57.75,travel,pos,0.0637,0
22,2025-03-01 10:38:49,122.77,travel,pos,0.0183,0
22,2025-03-01 12:23:47,380.2,entertainment,pos,0.0268,0
22,2025-03-01 14:24:07,107.62,entertainment,online,0.085,0
22,2025-03-01 22:43:12,76.05,electronics,online,0.1209,1
22,2025-03-02 09:00:00,67.51,entertainment,mobile,0.0071,0
22,2025-03-02 19:45:10,33.31,cash_advance,online,0.0169,0
22,2025-03-02 20:48:58,51.57,cash_advance,online,0.0494,0
22,2025-03-02 22:55:15,55.5,cash_advance,mobile,0.0261,0
22,2025-03-03 07:09:13,50.6,travel,online,0.0134,0
22,2025-03-03 14:42:26,46.94,entertainment,pos,0.0748,0
22,2025-03-03 16:52:59,93.55,entertainment,pos,0.0656,0
22,2025-03-04 02:08:58,63.63,travel,pos,0.0325,0
22,2025-03-04 02:57:56,44.77,utilities,pos,0.0004,0
22,2025-03-04 11:44:24,46.98,utilities,online,0.0039,0
22,2025-03-05 11:03:07,24.47,cash_advance,online,0.0067,0
22,2025-03-05 12:44:03,61.26,travel,pos,0.0304,0
22,2025-03-05 15:17:41,50.8,entertainment,pos,0.0444,0
22,2025-03-05 15:33:11,108.08,travel,pos,0.0289,0
22,2025-03-06 10:03:39,207.02,cash_advance,pos,0.0329,0
22,2025-03-06 13:59:13,62.74,travel,pos,0.0827,0
22,2025-03-06 18:12:36,39.99,cash_advance,online,0.0288,0
22,2025-03-07 16:34:26,38.32,utilities,online,0.0278,0
22,2025-03-07 19:14:25,95.47,cash_advance,online,0.0372,0
22,2025-03-08 04:15:05,79.29,travel,online,0.0161,0
22,2025-03-08 09:39:56,93.39,entertainment,online,0.1375,0
22,2025-03-08 10:35:03,83.41,travel,online,0.0724,0
22,2025-03-09 15:46:33,64.2,travel,pos,0.0096,0
22,2025-03-09 17:09:07,35.36,travel,online,0.0485,0
22,2025-03-09 18:29:27,46.09,entertainment,online,0.013,0
22,2025-03-10 08:24:34,38.82,travel,pos,0.0636,0
22,2025-03-10 14:14:06,71.64,entertainment,mobile,0.0307,0
22,2025-03-11 10:32:49,34.85,cash_advance,pos,0.0113,0
22,2025-03-11 12:48:59,26.32,cash_advance,online,0.1392,0
22,2025-03-11 12:51:11,62.44,fuel,online,0.0309,0
22,2025-03-11 18:28:45,42.84,travel,mobile,0.0288,0
22,2025-03-11 19:36:41,25.45,cash_advance,pos,0.0598,0
22,2025-03-12 07:52:30,34.68,travel,online,0.0578,0
22,2025-03-12 09:30:51,40.74,grocery,online,0.0316,0
22,2025-03-12 15:32:51,22.74,cash_advance,pos,0.0525,0
22,2025-03-12 16:42:14,28.89,cash_advance,online,0.0097,0
22,2025-03-12 23:50:16,190.62,travel,online,0.0319,0
22,2025-03-13 11:14:44,187.16,cash_advance,online,0.0174,0
22,2025-03-13 23:36:15,327.54,travel,pos,0.0496,0
22,2025-03-14 05:43:34,126.66,travel,online,0.003,0
22,2025-03-14 07:42:21,57.4,travel,pos,0.015,0
22,2025-03-14 12:10:31,48.59,entertainment,online,0.0036,0
22,2025-03-14 13:35:35,58.84,travel,online,0.029,0
22,2025-03-14 14:11:10,61.16,cash_advance,online,0.0454,0
22,2025-03-14 19:09:41,76.33,cash_advance,mobile,0.0011,0
22,2025-03-15 00:15:51,30.08,entertainment,pos,0.0005,0
22,2025-03-15 11:25:06,212.42,entertainment,online,0.029,0
22,2025-03-16 10:15:04,48.49,restaurant,online,0.1251,0
22,2025-03-16 11:06:57,70.58,fuel,pos,0.0317,0
22,2025-03-16 13:14:08,25.76,cash_advance,pos,0.0344,0
22,2025-03-16 14:05:13,65.62,entertainment,mobile,0.0448,0
22,2025-03-18 21:24:17,153.98,entertainment,online,0.0788,0
22,2025-03-18 21:51:29,55.87,travel,pos,0.1183,0
22,2025-03-19 05:38:48,59.94,online_retail,atm,0.0382,0
22,2025-03-20 08:53:35,68.31,entertainment,pos,0.005,0
22,2025-03-20 10:59:09,60.83,travel,mobile,0.0257,0
22,2025-03-20 11:28:41,220.29,entertainment,online,0.01,0
22,2025-03-20 15:09:10,41.66,fuel,mobile,0.0107,0
22,2025-03-20 23:55:50,37.52,cash_advance,pos,0.0222,0
22,2025-03-21 16:29:17,30.54,cash_advance,pos,0.0628,0
22,2025-03-21 20:18:54,41.33,entertainment,online,0.0227,0
22,2025-03-22 11:19:47,60.14,restaurant,mobile,0.0542,0
22,2025-03-22 14:18:21,100.21,jewelry,atm,0.0054,0
22,2025-03-22 21:07:00,14.24,travel,pos,0.0482,0
22,2025-03-23 09:44:32,90.36,jewelry,pos,0.0515,0
22,2025-03-23 15:23:41,108.6,travel,mobile,0.0744,0
22,2025-03-23 18:18:41,34.14,restaurant,atm,0.0134,0
22,2025-03-23 19:45:07,21.07,entertainment,online,0.065,0
22,2025-03-24 13:04:39,154.41,entertainment,online,0.0464,0
22,2025-03-24 13:38:35,330.19,jewelry,pos,0.6057,1
22,2025-03-24 15:38:41,50.28,travel,mobile,0.0368,0
22,2025-03-24 19:26:30,29.43,entertainment,pos,0.0069,0
22,2025-03-25 11:48:17,24.96,electronics,mobile,0.0114,0
22,2025-03-25 16:05:12,163.31,entertainment,online,0.0271,0
22,2025-03-25 22:53:35,72.94,travel,mobile,0.0309,0
22,2025-03-26 05:25:11,40.43,entertainment,online,0.0387,0
22,2025-03-26 11:53:40,50.6,travel,pos,0.0176,0
22,2025-03-26 14:12:19,147.27,travel,online,0.0439,0
22,2025-03-26 14:52:34,38.66,entertainment,online,0.0249,0
22,2025-03-26 16:06:45,88.73,travel,mobile,0.0252,0
22,2025-03-26 23:56:24,267.81,travel,online,0.0314,0
22,2025-03-27 23:51:50,328.18,cash_advance,pos,0.0278,0
22,2025-03-28 07:51:37,55.6,cash_advance,online,0.0862,0
22,2025-03-28 09:43:00,47.5,travel,online,0.0017,0
22,2025-03-28 15:23:16,11.54,jewelry,pos,0.067,0
22,2025-03-29 07:06:57,46.22,entertainment,mobile,0.0348,0
22,2025-03-29 09:17:46,57.14,travel,pos,0.1139,0
22,2025-03-29 11:07:26,135.09,utilities,online,0.0081,0
22,2025-03-29 12:14:39,18.94,travel,pos,0.077,0
22,2025-03-29 15:11:03,22.43,jewelry,online,0.0485,0
22,2025-03-30 08:47:48,58.25,entertainment,online,0.0509,0
22,2025-03-30 10:27:18,26.31,jewelry,pos,0.0196,0
22,2025-03-31 11:25:02,27.54,cash_advance,pos,0.0312,0
22,2025-03-31 15:38:57,29.95,cash_advance,online,0.0664,0
22,2025-03-31 16:39:40,244.98,cash_advance,pos,0.0201,0
22,2025-03-31 16:50:23,35.31,entertainment,pos,0.0335,0
22,2025-03-31 18:32:53,118.59,travel,pos,0.0132,0
22,2025-03-31 23:35:49,67.16,cash_advance,pos,0.0295,0
22,2025-04-01 06:45:48,24.29,travel,online,0.002,0
22,2025-04-01 10:18:37,108.49,entertainment,pos,0.0235,0
22,2025-04-01 15:07:44,27.04,entertainment,online,0.0973,0
22,2025-04-01 16:33:24,19.53,entertainment,mobile,0.0068,0
22,2025-04-01 20:30:58,49.41,travel,pos,0.0846,0
22,2025-04-02 07:42:56,54.72,jewelry,online,0.0075,0
22,2025-04-02 07:53:45,35.93,cash_advance,pos,0.0081,0
22,2025-04-02 09:11:56,140.61,restaurant,atm,0.0156,0
22,2025-04-03 12:44:42,162.99,electronics,pos,0.0688,0
22,2025-04-03 18:46:18,63.97,fuel,online,0.0313,0
22,2025-04-04 10:04:59,42.59,utilities,online,0.0448,0
22,2025-04-04 11:28:27,30.86,cash_advance,pos,0.039,0
22,2025-04-04 11:53:07,137.21,jewelry,pos,0.0867,0
22,2025-04-04 16:03:08,176.77,travel,mobile,0.0039,0
22,2025-04-04 20:17:48,36.01,utilities,atm,0.0833,0
22,2025-04-06 10:04:20,58.0,entertainment,mobile,0.0606,0
22,2025-04-07 03:39:53,54.47,travel,online,0.0572,0
22,2025-04-07 10:15:16,94.04,cash_advance,mobile,0.025,0
22,2025-04-07 16:15:27,65.91,travel,pos,0.0573,0
22,2025-04-07 23:22:53,50.61,cash_advance,pos,0.0576,0
22,2025-04-08 03:19:44,175.68,cash_advance,atm,0.0143,0
22,2025-04-08 09:11:04,32.0,entertainment,pos,0.0984,0
22,2025-04-08 14:26:55,115.76,travel,pos,0.0139,0
22,2025-04-08 19:26:22,74.67,cash_advance,pos,0.0599,0
22,2025-04-09 15:35:24,36.68,entertainment,online,0.0221,0
22,2025-04-09 17:40:14,34.78,cash_advance,atm,0.0029,0
22,2025-04-10 08:51:53,88.0,entertainment,mobile,0.0366,0
22,2025-04-10 10:05:25,25.98,travel,mobile,0.0135,0
22,2025-04-10 11:17:51,54.6,cash_advance,mobile,0.0677,0
22,2025-04-10 13:35:34,30.24,travel,online,0.0931,0
22,2025-04-10 14:36:38,42.04,travel,pos,0.0311,0
22,2025-04-10 18:10:00,45.12,entertainment,mobile,0.0552,0
22,2025-04-10 18:15:53,12.46,cash_advance,mobile,0.0725,0
22,2025-04-11 08:10:37,23.99,travel,online,0.0154,0
22,2025-04-11 13:22:28,26.29,cash_advance,pos,0.1312,0
22,2025-04-12 18:40:51,37.99,fuel,pos,0.0282,0
22,2025-04-12 22:48:46,48.49,travel,atm,0.0304,0
22,2025-04-13 07:40:26,172.39,entertainment,online,0.0366,0
22,2025-04-13 15:31:38,43.65,cash_advance,mobile,0.0714,0
22,2025-04-14 09:56:19,232.45,entertainment,pos,0.0304,0
22,2025-04-14 14:16:54,100.15,electronics,atm,0.0321,0
22,2025-04-14 17:29:37,72.68,fuel,online,0.0408,0
22,2025-04-14 18:29:37,65.53,cash_advance,mobile,0.0465,0
22,2025-04-14 19:37:18,65.96,cash_advance,pos,0.0581,0
22,2025-04-15 04:11:46,155.37,grocery,mobile,0.0062,0
22,2025-04-15 11:53:35,47.36,cash_advance,online,0.0584,0
22,2025-04-15 13:57:39,67.23,cash_advance,pos,0.0187,0
22,2025-04-15 17:29:29,10.96,utilities,mobile,0.0409,0
22,2025-04-16 05:17:57,93.94,cash_advance,mobile,0.0111,0
22,2025-04-16 08:22:53,92.72,entertainment,online,0.0185,0
22,2025-04-16 09:30:27,124.48,cash_advance,pos,0.0051,0
22,2025-04-16 10:22:30,107.87,travel,pos,0.0357,0
22,2025-04-16 11:16:45,78.49,cash_advance,online,0.02,0
22,2025-04-16 12:22:59,25.92,electronics,pos,0.0659,0
22,2025-04-16 15:54:57,75.42,entertainment,pos,0.0007,0
22,2025-04-17 09:57:04,86.85,cash_advance,online,0.0262,0
22,2025-04-17 10:11:32,159.6,cash_advance,pos,0.0119,0
22,2025-04-17 11:31:17,93.51,cash_advance,mobile,0.002,0
22,2025-04-17 13:10:15,36.4,cash_advance,pos,0.0284,0
22,2025-04-17 20:10:38,38.3,entertainment,online,0.0164,0
22,2025-04-19 09:14:42,66.74,cash_advance,mobile,0.0217,0
22,2025-04-20 12:31:00,118.76,cash_advance,online,0.0924,0
22,2025-04-20 13:27:00,12.43,jewelry,online,0.0785,0
22,2025-04-20 16:33:41,65.39,travel,online,0.0752,0
22,2025-04-20 23:44:59,85.78,entertainment,online,0.0135,0
22,2025-04-21 04:25:10,98.81,cash_advance,online,0.0573,0
22,2025-04-21 08:25:43,27.41,grocery,online,0.0783,0
22,2025-04-21 10:16:42,35.15,cash_advance,online,0.0027,0
22,2025-04-21 14:00:44,83.37,cash_advance,mobile,0.044,0
22,2025-04-21 18:00:32,86.75,cash_advance,online,0.1114,0
22,2025-04-22 03:14:55,25.17,fuel,atm,0.0288,0
22,2025-04-22 04:39:43,84.7,travel,online,0.1074,0
22,2025-04-22 19:04:36,69.53,utilities,online,0.0498,0
22,2025-04-23 08:39:18,52.02,cash_advance,mobile,0.0914,0
22,2025-04-23 14:53:11,23.5,travel,online,0.0048,0
22,2025-04-24 12:00:01,59.23,travel,mobile,0.0426,0
22,2025-04-24 13:28:32,32.67,electronics,online,0.0863,0
22,2025-04-24 16:16:39,79.4,entertainment,pos,0.0328,0
22,2025-04-24 18:36:01,126.25,entertainment,online,0.0389,0
22,2025-04-25 17:31:44,178.57,entertainment,atm,0.0548,0
22,2025-04-25 23:54:19,28.01,cash_advance,pos,0.0639,0
22,2025-04-26 03:45:24,98.4,travel,online,0.0586,0
22,2025-04-26 15:22:12,65.35,cash_advance,pos,0.0415,0
22,2025-04-26 16:29:58,78.69,entertainment,online,0.0874,0
22,2025-04-26 19:42:19,63.58,cash_advance,online,0.0638,0
22,2025-04-26 20:44:51,46.89,cash_advance,pos,0.0329,0
22,2025-04-27 12:08:48,17.41,entertainment,mobile,0.0532,0
22,2025-04-27 14:54:18,30.43,cash_advance,atm,0.035,0
22,2025-04-27 17:45:46,57.42,cash_advance,online,0.0641,0
22,2025-04-27 19:01:10,24.41,entertainment,online,0.0492,0
22,2025-04-27 21:24:08,151.66,travel,pos,0.0711,0
22,2025-04-28 18:18:21,116.82,electronics,mobile,0.0446,0
22,2025-04-29 08:13:39,42.2,travel,pos,0.002,0
22,2025-04-29 16:46:14,49.05,grocery,online,0.0249,0
22,2025-04-30 03:45:49,27.35,entertainment,online,0.0775,0
22,2025-04-30 08:02:11,45.12,fuel,pos,0.0008,0
22,2025-04-30 22:40:05,73.35,electronics,online,0.0027,0
22,2025-05-01 15:52:53,56.93,entertainment,pos,0.0592,0
22,2025-05-01 18:57:13,53.85,travel,online,0.011,0
22,2025-05-02 12:18:18,75.32,entertainment,pos,0.0363,0
22,2025-05-02 12:38:55,66.91,cash_advance,pos,0.0085,0
22,2025-05-02 17:32:57,129.91,entertainment,online,0.0309,0
22,2025-05-02 20:25:39,57.92,cash_advance,mobile,0.0402,0
22,2025-05-03 10:05:22,72.52,cash_advance,online,0.0544,0
22,2025-05-03 16:03:50,51.58,cash_advance,online,0.0104,0
22,2025-05-03 18:45:05,45.25,travel,online,0.0225,0
22,2025-05-03 19:36:54,86.32,travel,pos,0.0171,0
22,2025-05-04 10:02:22,82.67,entertainment,mobile,0.0067,0
22,2025-05-04 11:55:05,70.17,jewelry,atm,0.0025,0
22,2025-05-04 18:46:41,90.28,travel,online,0.0133,0
22,2025-05-04 21:55:42,319.98,travel,atm,0.0315,0
22,2025-05-05 07:39:48,22.95,cash_advance,online,0.048,0
22,2025-05-05 13:31:42,29.37,grocery,pos,0.0348,0
22,2025-05-05 19:02:51,72.32,cash_advance,pos,0.0456,0
22,2025-05-05 19:59:36,33.3,travel,pos,0.0582,0
22,2025-05-06 16:34:50,26.15,utilities,online,0.0045,0
22,2025-05-06 18:31:22,75.02,travel,pos,0.0331,0
22,2025-05-07 12:06:44,137.17,cash_advance,pos,0.0799,0
22,2025-05-07 14:23:12,51.12,entertainment,pos,0.0091,0
22,2025-05-07 15:39:31,44.93,utilities,pos,0.0036,0
22,2025-05-08 07:39:14,42.14,cash_advance,pos,0.0201,0
22,2025-05-09 23:04:18,28.33,entertainment,pos,0.0239,0
22,2025-05-10 16:46:12,68.56,fuel,online,0.14,0
22,2025-05-10 18:42:43,12.39,cash_advance,pos,0.1002,0
22,2025-05-11 08:54:40,54.03,entertainment,pos,0.0311,0
22,2025-05-11 17:13:11,91.88,travel,pos,0.0192,0
22,2025-05-12 11:17:43,56.2,travel,mobile,0.0457,0
22,2025-05-12 22:41:13,81.97,electronics,online,0.0198,0
22,2025-05-13 10:36:57,67.79,utilities,online,0.0193,0
22,2025-05-13 12:15:18,99.36,fuel,online,0.0618,0
22,2025-05-13 12:25:29,208.05,travel,atm,0.0295,0
22,2025-05-13 16:29:32,90.08,entertainment,mobile,0.0536,0
22,2025-05-13 16:40:27,65.26,cash_advance,mobile,0.0059,0
22,2025-05-14 09:53:37,109.58,travel,mobile,0.0629,0
22,2025-05-14 10:52:34,190.88,entertainment,pos,0.0147,0
22,2025-05-14 12:45:40,42.31,travel,mobile,0.0798,0
22,2025-05-14 14:57:43,36.83,travel,pos,0.0264,0
22,2025-05-14 21:00:18,99.95,cash_advance,pos,0.0349,0
22,2025-05-15 13:40:32,437.73,travel,pos,0.078,0
22,2025-05-15 16:29:19,91.63,cash_advance,mobile,0.0322,0
22,2025-05-15 23:25:15,50.88,cash_advance,online,0.0104,0
22,2025-05-16 13:52:11,63.65,entertainment,pos,0.0026,0
22,2025-05-17 11:34:14,78.28,cash_advance,mobile,0.0877,0
22,2025-05-17 16:43:40,247.3,cash_advance,atm,0.0392,0
22,2025-05-17 17:41:24,60.36,entertainment,mobile,0.1076,0
22,2025-05-17 18:22:09,54.62,travel,pos,0.0059,0
22,2025-05-18 14:52:45,75.27,entertainment,pos,0.0044,0
22,2025-05-18 22:17:20,77.75,cash_advance,pos,0.0155,0
22,2025-05-18 22:27:52,67.36,entertainment,mobile,0.0007,0
22,2025-05-19 09:36:23,94.31,cash_advance,mobile,0.0027,0
22,2025-05-19 15:42:25,42.7,online_retail,mobile,0.0222,0
22,2025-05-19 15:43:57,70.61,entertainment,pos,0.0017,0
22,2025-05-19 16:36:43,48.34,travel,pos,0.0324,0
22,2025-05-19 18:27:52,70.0,travel,online,0.0733,0
22,2025-05-20 12:28:03,303.15,entertainment,pos,0.0658,0
22,2025-05-20 14:44:12,131.44,entertainment,pos,0.0588,0
22,2025-05-21 08:29:34,59.62,travel,mobile,0.0166,0
22,2025-05-21 12:06:39,41.4,entertainment,online,0.0675,0
22,2025-05-21 15:36:08,10.65,travel,online,0.0181,0
22,2025-05-21 16:04:30,47.28,grocery,mobile,0.0269,0
22,2025-05-21 16:05:51,234.5,cash_advance,mobile,0.0609,0
22,2025-05-21 22:10:00,44.18,travel,online,0.0815,0
22,2025-05-22 16:26:07,172.44,entertainment,online,0.0044,0
22,2025-05-23 10:08:18,108.56,cash_advance,online,0.0109,0
22,2025-05-23 12:59:51,42.24,entertainment,online,0.1007,0
22,2025-05-23 13:24:57,83.78,entertainment,pos,0.0419,0
22,2025-05-23 19:10:22,83.82,entertainment,online,0.0269,0
22,2025-05-23 20:57:12,24.74,travel,online,0.0681,0
22,2025-05-24 08:10:04,26.25,jewelry,pos,0.072,0
22,2025-05-24 09:47:35,46.67,entertainment,pos,0.0812,0
22,2025-05-25 07:51:46,43.96,travel,mobile,0.0192,0
22,2025-05-25 12:36:18,27.66,entertainment,pos,0.0222,0
22,2025-05-25 14:11:06,55.56,cash_advance,mobile,0.1028,0
22,2025-05-26 06:12:41,101.57,travel,pos,0.0502,0
22,2025-05-26 13:40:42,17.59,entertainment,pos,0.0747,0
22,2025-05-26 13:44:57,12.35,entertainment,pos,0.0747,0
22,2025-05-27 14:20:48,202.8,travel,pos,0.001,0
22,2025-05-27 14:55:52,74.55,fuel,mobile,0.0291,0
22,2025-05-28 06:02:54,127.68,cash_advance,online,0.0691,0
22,2025-05-28 12:26:58,32.93,cash_advance,online,0.032,0
22,2025-05-28 14:09:31,36.95,cash_advance,pos,0.015,0
22,2025-05-28 17:10:50,66.96,entertainment,online,0.0283,0
22,2025-05-29 02:24:26,16.22,entertainment,mobile,0.0516,0
22,2025-05-29 09:22:43,40.11,travel,pos,0.0053,0
22,2025-05-29 14:04:52,178.12,cash_advance,pos,0.0457,0
22,2025-05-29 19:38:53,42.07,cash_advance,pos,0.0526,0
22,2025-05-29 23:17:59,44.42,entertainment,atm,0.0113,0
22,2025-05-30 07:50:29,38.26,travel,mobile,0.0512,0
22,2025-05-30 12:07:07,92.98,jewelry,pos,0.0453,0
22,2025-05-31 13:24:04,152.47,cash_advance,mobile,0.0461,0
22,2025-06-01 14:00:31,90.79,travel,pos,0.0077,0
22,2025-06-01 17:18:39,43.76,cash_advance,online,0.0426,0
22,2025-06-02 09:38:18,221.31,fuel,online,0.0685,0
22,2025-06-02 22:56:42,44.08,entertainment,pos,0.0046,0
22,2025-06-03 05:50:38,190.23,entertainment,pos,0.1481,0
22,2025-06-03 13:01:55,50.05,travel,mobile,0.0229,0
22,2025-06-03 22:50:22,38.9,restaurant,mobile,0.0412,0
22,2025-06-04 16:34:09,122.19,travel,online,0.0583,0
22,2025-06-05 12:03:01,297.87,entertainment,pos,0.009,0
22,2025-06-05 12:36:20,24.21,entertainment,online,0.0228,0
22,2025-06-05 12:48:05,6.86,restaurant,pos,0.0607,0
22,2025-06-05 13:57:38,127.33,cash_advance,online,0.0398,0
22,2025-06-05 14:05:44,36.66,entertainment,online,0.0116,0
22,2025-06-05 16:51:44,23.8,travel,pos,0.005,0
22,2025-06-06 06:09:20,46.32,travel,atm,0.1358,0
22,2025-06-06 07:19:58,105.02,entertainment,online,0.0317,0
22,2025-06-06 09:31:39,83.42,travel,online,0.0435,0
22,2025-06-06 16:10:39,68.34,cash_advance,pos,0.0356,0
22,2025-06-06 22:41:41,98.67,fuel,pos,0.0432,0
22,2025-06-07 07:16:14,110.94,travel,mobile,0.0023,0
22,2025-06-07 07:51:43,47.19,entertainment,online,0.028,0
22,2025-06-07 08:02:45,198.05,jewelry,mobile,0.0108,0
22,2025-06-07 18:04:01,170.03,entertainment,mobile,0.0259,0
22,2025-06-07 21:41:28,23.98,utilities,pos,0.0501,0
22,2025-06-07 22:06:33,21.08,cash_advance,online,0.1072,0
22,2025-06-08 10:02:25,152.36,entertainment,mobile,0.038,0
22,2025-06-08 12:21:53,136.32,utilities,online,0.0408,0
22,2025-06-09 08:13:57,89.18,travel,online,0.1024,0
22,2025-06-09 10:10:38,101.49,travel,online,0.0861,0
22,2025-06-09 10:11:13,108.66,entertainment,pos,0.0702,0
22,2025-06-10 16:05:49,49.42,cash_advance,pos,0.0205,0
22,2025-06-10 19:00:10,32.98,travel,online,0.1406,0
22,2025-06-11 11:45:24,228.83,travel,mobile,0.0441,0
22,2025-06-11 16:49:51,15.88,cash_advance,pos,0.0259,0
22,2025-06-11 18:49:29,26.66,travel,online,0.0536,0
22,2025-06-11 21:47:13,150.19,travel,pos,0.0356,0
22,2025-06-11 22:53:28,7.16,travel,online,0.0669,0
22,2025-06-12 10:50:12,66.94,fuel,online,0.0143,0
22,2025-06-12 11:18:42,34.77,travel,pos,0.0159,0
22,2025-06-12 16:56:45,45.24,electronics,pos,0.0092,0
22,2025-06-12 21:53:15,24.33,entertainment,online,0.098,0
22,2025-06-13 13:14:56,50.63,online_retail,pos,0.0403,0
22,2025-06-14 08:52:39,72.1,travel,online,0.0234,0
22,2025-06-14 10:16:03,92.84,restaurant,online,0.0576,0
22,2025-06-15 12:55:28,67.81,travel,atm,0.0171,0
22,2025-06-15 14:39:02,37.21,travel,mobile,0.0314,0
22,2025-06-15 14:56:07,134.89,travel,pos,0.05,0
22,2025-06-15 19:12:39,48.39,travel,mobile,0.1019,0
22,2025-06-15 23:28:56,80.29,cash_advance,pos,0.1502,0
22,2025-06-16 08:47:10,313.57,electronics,pos,0.0099,0
22,2025-06-16 09:14:05,27.8,cash_advance,online,0.0173,0
22,2025-06-16 09:53:51,28.65,entertainment,pos,0.0309,0
22,2025-06-16 13:59:11,34.13,entertainment,mobile,0.0242,0
22,2025-06-16 23:14:56,86.88,travel,online,0.0446,0
22,2025-06-17 12:20:49,82.01,travel,online,0.0354,0
22,2025-06-17 14:19:25,48.96,entertainment,online,0.0072,0
22,2025-06-17 15:36:01,172.57,entertainment,online,0.0718,0
22,2025-06-18 09:35:10,20.39,cash_advance,atm,0.0061,0
22,2025-06-18 14:10:55,40.89,cash_advance,online,0.0346,0
22,2025-06-18 14:55:40,41.84,cash_advance,atm,0.0105,0
22,2025-06-19 07:29:55,317.05,online_retail,pos,0.0522,0
22,2025-06-19 09:28:43,34.4,fuel,mobile,0.0505,0
22,2025-06-19 22:20:36,93.21,entertainment,pos,0.0112,0
22,2025-06-20 10:59:24,49.93,travel,pos,0.0037,0
22,2025-06-20 17:27:45,191.36,travel,mobile,0.0023,0
22,2025-06-21 07:30:57,79.04,utilities,mobile,0.067,0
22,2025-06-21 12:19:35,52.72,jewelry,online,0.0528,0
22,2025-06-21 14:44:27,221.06,travel,mobile,0.107,0
22,2025-06-21 15:38:57,44.87,cash_advance,online,0.0551,0
22,2025-06-21 17:15:20,49.49,cash_advance,pos,0.075,0
22,2025-06-21 18:51:34,103.21,cash_advance,pos,0.1031,0
22,2025-06-22 07:34:27,366.81,cash_advance,mobile,0.0567,0
22,2025-06-22 08:01:33,112.34,cash_advance,pos,0.0228,0
22,2025-06-22 08:42:40,178.85,electronics,mobile,0.0402,0
22,2025-06-22 15:37:18,35.53,cash_advance,atm,0.0494,0
22,2025-06-22 17:29:05,16.63,cash_advance,atm,0.0405,0
22,2025-06-22 18:33:22,47.7,entertainment,mobile,0.0138,0
22,2025-06-22 19:36:52,89.53,online_retail,mobile,0.042,0
22,2025-06-23 09:02:41,65.91,entertainment,pos,0.061,0
22,2025-06-23 10:03:58,94.43,travel,online,0.0453,0
22,2025-06-23 12:36:09,43.75,grocery,pos,0.012,0
22,2025-06-23 13:12:29,59.55,cash_advance,online,0.0968,0
22,2025-06-24 14:56:12,127.81,entertainment,pos,0.0722,0
22,2025-06-25 07:27:24,78.59,entertainment,online,0.0347,0
22,2025-06-25 14:37:32,41.45,cash_advance,pos,0.0362,0
22,2025-06-26 11:10:05,67.0,travel,atm,0.0503,0
22,2025-06-26 13:18:49,44.53,entertainment,online,0.0301,0
22,2025-06-27 07:54:40,141.94,travel,mobile,0.0486,0
22,2025-06-27 11:02:46,19.47,jewelry,online,0.043,0
22,2025-06-27 14:44:44,74.89,cash_advance,atm,0.0382,0
22,2025-06-27 15:58:49,86.28,online_retail,pos,0.0282,0
22,2025-06-27 20:16:56,88.79,fuel,pos,0.0399,0
22,2025-06-27 22:09:56,48.59,cash_advance,online,0.0268,0
22,2025-06-28 06:06:21,37.23,travel,mobile,0.0523,0
22,2025-06-28 18:24:36,84.67,utilities,online,0.0371,0
22,2025-06-29 07:31:53,57.32,fuel,pos,0.0853,0
22,2025-06-29 09:56:09,54.09,travel,online,0.0434,0
22,2025-06-29 15:51:59,48.48,cash_advance,pos,0.0754,0
23,2025-01-01 15:57:06,52.77,jewelry,pos,0.0261,0
23,2025-01-01 19:49:46,16.98,entertainment,online,0.0286,0
23,2025-01-02 12:52:41,19.11,electronics,online,0.0104,0
23,2025-01-02 14:47:47,27.41,electronics,pos,0.0227,0
23,2025-01-03 12:07:07,12.91,entertainment,pos,0.0846,0
23,2025-01-04 07:37:00,25.13,entertainment,mobile,0.0163,0
23,2025-01-05 10:07:27,51.27,cash_advance,mobile,0.0005,0
23,2025-01-06 08:13:06,27.32,electronics,pos,0.0208,0
23,2025-01-07 07:52:51,12.12,jewelry,online,0.0311,0
23,2025-01-07 08:17:05,42.58,electronics,atm,0.0925,0
23,2025-01-08 14:15:52,28.8,cash_advance,online,0.0114,0
23,2025-01-08 19:02:04,12.21,electronics,pos,0.0055,0
23,2025-01-10 16:02:43,15.7,jewelry,pos,0.0195,0
23,2025-01-11 12:18:51,27.19,entertainment,online,0.0169,0
23,2025-01-11 12:35:29,9.05,entertainment,online,0.0105,0
23,2025-01-11 14:05:30,17.66,entertainment,pos,0.0639,0
23,2025-01-12 09:15:15,25.19,entertainment,mobile,0.0972,0
23,2025-01-13 23:08:54,10.2,electronics,mobile,0.031,0
23,2025-01-15 13:15:09,67.36,jewelry,online,0.0365,0
23,2025-01-15 18:18:48,7.24,fuel,mobile,0.0228,0
23,2025-01-16 14:09:38,23.79,jewelry,mobile,0.02,0
23,2025-01-18 10:16:36,7.71,restaurant,mobile,0.0478,0
23,2025-01-18 19:31:33,12.02,electronics,online,0.0167,0
23,2025-01-19 09:12:15,5.82,grocery,online,0.0511,0
23,2025-01-20 14:54:41,4.51,electronics,mobile,0.0137,0
23,2025-01-20 18:53:39,8.98,entertainment,atm,0.0222,0
23,2025-01-21 11:14:15,8.69,jewelry,pos,0.0681,0
23,2025-01-21 21:14:35,5.69,jewelry,mobile,0.033,0
23,2025-01-22 05:40:01,9.69,restaurant,mobile,0.0061,0
23,2025-01-23 20:26:37,6.0,travel,atm,0.0741,0
23,2025-01-24 06:10:45,25.02,jewelry,online,0.0195,0
23,2025-01-24 10:19:36,19.66,jewelry,online,0.0861,0
23,2025-01-24 12:05:37,24.32,entertainment,pos,0.004,0
23,2025-01-24 17:07:57,6.01,jewelry,atm,0.1014,0
23,2025-01-24 18:40:54,16.31,electronics,online,0.0225,0
23,2025-01-25 13:41:47,16.15,electronics,pos,0.0814,0
23,2025-01-27 07:29:21,8.3,entertainment,online,0.0652,0
23,2025-01-29 11:17:43,22.23,entertainment,pos,0.0648,0
23,2025-01-31 22:12:39,16.2,jewelry,pos,0.0853,0
23,2025-02-01 05:42:25,20.03,jewelry,pos,0.0773,0
23,2025-02-02 11:48:02,57.65,jewelry,online,0.0501,0
23,2025-02-04 10:32:09,6.33,entertainment,pos,0.0033,0
23,2025-02-05 15:50:33,16.46,jewelry,pos,0.031,0
23,2025-02-05 20:36:14,48.86,electronics,mobile,0.0974,0
23,2025-02-07 15:53:38,14.7,jewelry,mobile,0.0784,0
23,2025-02-07 19:38:10,6.08,electronics,atm,0.0063,0
23,2025-02-07 20:45:00,12.54,jewelry,online,0.0061,0
23,2025-02-10 04:52:51,12.09,entertainment,online,0.0051,0
23,2025-02-10 12:13:38,6.88,jewelry,online,0.0057,0
23,2025-02-10 16:51:13,15.19,jewelry,pos,0.0661,0
23,2025-02-10 21:33:53,91.27,cash_advance,online,0.0164,0
23,2025-02-11 19:10:06,10.05,jewelry,mobile,0.0545,0
23,2025-02-12 08:02:26,22.08,electronics,pos,0.0073,0
23,2025-02-12 18:16:33,53.69,jewelry,pos,0.0493,0
23,2025-02-13 02:11:02,29.11,entertainment,online,0.0803,0
23,2025-02-13 13:46:07,11.73,travel,pos,0.0109,0
23,2025-02-13 15:01:55,8.31,entertainment,mobile,0.0381,0
23,2025-02-14 08:01:13,19.07,jewelry,pos,0.0235,0
23,2025-02-16 12:59:27,34.85,entertainment,pos,0.0115,0
23,2025-02-16 23:06:35,7.26,electronics,online,0.0038,0
23,2025-02-18 11:02:08,8.47,jewelry,online,0.1224,0
23,2025-02-18 11:47:20,22.49,entertainment,pos,0.0874,0
23,2025-02-18 14:18:42,7.95,jewelry,online,0.0535,0
23,2025-02-22 10:41:41,20.65,utilities,mobile,0.0822,0
23,2025-02-22 19:54:11,24.5,entertainment,pos,0.0302,0
23,2025-02-24 16:32:43,79.1,electronics,mobile,0.0009,0
23,2025-02-26 10:29:15,19.5,jewelry,mobile,0.0653,0
23,2025-02-26 11:23:00,31.97,jewelry,pos,0.0123,0
23,2025-02-26 19:15:26,7.3,entertainment,online,0.0265,0
23,2025-02-26 23:51:04,20.9,jewelry,mobile,0.0303,0
23,2025-02-27 20:25:01,10.9,jewelry,mobile,0.0127,0
23,2025-02-28 13:08:02,41.05,jewelry,pos,0.0144,0
23,2025-02-28 17:04:47,19.4,entertainment,mobile,0.0361,0
23,2025-02-28 18:16:45,14.31,entertainment,online,0.0004,0
23,2025-03-02 11:51:31,8.23,jewelry,pos,0.0201,0
23,2025-03-02 11:57:26,9.21,electronics,mobile,0.0284,0
23,2025-03-02 21:55:01,18.65,utilities,online,0.0127,0
23,2025-03-04 10:36:55,27.75,entertainment,mobile,0.0126,0
23,2025-03-06 08:28:35,16.79,entertainment,online,0.0006,0
23,2025-03-06 22:48:50,8.91,entertainment,mobile,0.0348,0
23,2025-03-07 23:19:43,10.21,online_retail,pos,0.0142,0
23,2025-03-09 10:25:38,8.17,entertainment,online,0.063,0
23,2025-03-09 15:04:13,13.33,jewelry,mobile,0.0296,0
23,2025-03-09 16:23:42,13.69,restaurant,pos,0.012,0
23,2025-03-09 23:36:08,60.65,entertainment,pos,0.064,0
23,2025-03-10 17:45:48,29.07,electronics,online,0.0089,0
23,2025-03-11 17:54:06,51.43,entertainment,mobile,0.0644,0
23,2025-03-11 18:22:20,4.48,electronics,online,0.0212,0
23,2025-03-12 07:44:34,9.9,jewelry,atm,0.0921,0
23,2025-03-12 23:58:11,20.61,entertainment,pos,0.0731,0
23,2025-03-13 06:02:05,7.38,entertainment,pos,0.0523,0
23,2025-03-13 19:45:46,23.9,jewelry,pos,0.0024,0
23,2025-03-14 06:45:30,11.73,jewelry,pos,0.0422,0
23,2025-03-14 22:27:41,7.98,electronics,online,0.0009,0
23,2025-03-17 10:42:03,33.25,jewelry,mobile,0.0393,0
23,2025-03-17 15:37:02,10.58,jewelry,pos,0.007,0
23,2025-03-18 16:24:43,6.81,travel,online,0.037,0
23,2025-03-18 17:58:59,33.22,jewelry,online,0.01,0
23,2025-03-20 04:35:04,18.84,electronics,pos,0.0212,0
23,2025-03-20 15:07:44,20.69,electronics,online,0.0038,0
23,2025-03-22 16:42:28,7.17,jewelry,online,0.007,0
23,2025-03-22 17:19:46,23.32,utilities,pos,0.0581,0
23,2025-03-23 14:13:02,10.6,jewelry,online,0.0652,0
23,2025-03-23 14:38:05,3.79,jewelry,online,0.0299,0
23,2025-03-24 07:24:16,10.49,jewelry,pos,0.0252,0
23,2025-03-24 09:29:34,21.25,entertainment,mobile,0.0703,0
23,2025-03-25 08:51:47,15.51,entertainment,online,0.0226,0
23,2025-03-25 15:15:36,16.3,grocery,online,0.0636,0
23,2025-03-27 02:02:26,69.97,restaurant,atm,0.0592,0
23,2025-03-27 03:30:08,13.01,restaurant,pos,0.0133,0
23,2025-03-27 08:00:25,15.59,jewelry,online,0.0281,0
23,2025-03-27 20:21:13,32.88,jewelry,mobile,0.0346,0
23,2025-03-28 15:55:13,19.05,jewelry,online,0.0496,0
23,2025-03-29 15:24:15,15.06,electronics,pos,0.0805,0
23,2025-03-30 09:50:23,10.07,entertainment,mobile,0.0452,0
23,2025-03-30 15:57:25,15.67,electronics,online,0.0573,0
23,2025-03-30 16:20:43,9.46,entertainment,pos,0.0526,0
23,2025-03-31 16:38:56,11.48,restaurant,online,0.0372,0
23,2025-04-01 11:45:57,41.67,entertainment,online,0.0502,0
23,2025-04-04 11:07:51,50.6,cash_advance,online,0.0892,0
23,2025-04-04 18:27:43,24.27,online_retail,mobile,0.0136,0
23,2025-04-05 06:16:33,8.5,electronics,mobile,0.008,0
23,2025-04-07 10:44:27,16.5,electronics,online,0.0551,0
23,2025-04-08 06:35:28,73.32,electronics,mobile,0.0033,0
23,2025-04-08 18:49:11,27.04,jewelry,mobile,0.0109,0
23,2025-04-09 10:26:46,44.08,jewelry,online,0.0218,0
23,2025-04-11 09:47:27,16.54,entertainment,online,0.004,0
23,2025-04-11 11:29:23,19.18,jewelry,atm,0.0495,0
23,2025-04-11 17:10:56,23.65,jewelry,atm,0.0016,0
23,2025-04-13 15:54:27,20.3,electronics,online,0.011,0
23,2025-04-14 05:34:31,8.2,entertainment,mobile,0.059,0
23,2025-04-14 13:49:09,20.13,entertainment,mobile,0.0376,0
23,2025-04-16 18:14:39,7.81,grocery,online,0.007,0
23,2025-04-18 11:15:49,8.74,jewelry,online,0.0222,0
23,2025-04-18 15:58:46,11.1,entertainment,online,0.0431,0
23,2025-04-18 18:17:59,12.4,entertainment,online,0.0395,0
23,2025-04-19 07:06:24,13.78,jewelry,online,0.027,0
23,2025-04-19 07:30:23,32.4,fuel,mobile,0.0132,0
23,2025-04-19 16:07:12,9.42,entertainment,online,0.115,0
23,2025-04-19 16:42:24,12.99,jewelry,pos,0.0238,0
23,2025-04-20 10:31:22,12.8,jewelry,online,0.0261,0
23,2025-04-20 16:50:06,11.53,electronics,pos,0.0242,0
23,2025-04-21 16:24:33,7.74,jewelry,online,0.0234,0
23,2025-04-22 06:37:54,20.08,jewelry,pos,0.0847,0
23,2025-04-22 08:21:47,5.12,entertainment,pos,0.0266,0
23,2025-04-22 14:52:23,6.19,electronics,mobile,0.0441,0
23,2025-04-22 20:28:47,20.92,jewelry,mobile,0.094,0
23,2025-04-23 10:25:59,14.86,jewelry,online,0.0735,0
23,2025-04-23 14:33:06,19.44,travel,pos,0.0514,0
23,2025-04-23 16:53:14,5.23,jewelry,online,0.0878,0
23,2025-04-25 07:00:23,59.82,electronics,online,0.0826,0
23,2025-04-25 14:33:12,5.39,electronics,mobile,0.0021,0
23,2025-04-27 10:52:46,5.89,entertainment,pos,0.0071,0
23,2025-04-27 15:40:26,5.86,jewelry,atm,0.017,0
23,2025-04-28 12:17:44,7.76,restaurant,online,0.0147,0
23,2025-04-28 14:37:45,23.23,fuel,pos,0.0002,0
23,2025-04-28 18:27:17,11.98,electronics,mobile,0.0275,0
23,2025-04-29 12:42:16,7.11,entertainment,online,0.0033,0
23,2025-05-01 16:52:29,30.25,grocery,online,0.0622,0
23,2025-05-03 13:23:10,4.0,entertainment,pos,0.0944,0
23,2025-05-05 07:06:06,23.51,grocery,mobile,0.0769,0
23,2025-05-05 11:58:54,77.49,jewelry,mobile,0.0109,0
23,2025-05-06 11:07:06,26.07,entertainment,mobile,0.0366,0
23,2025-05-06 11:12:31,4.92,entertainment,pos,0.1384,0
23,2025-05-06 13:21:51,10.35,jewelry,pos,0.0288,0
23,2025-05-07 18:57:03,19.72,electronics,pos,0.0653,0
23,2025-05-08 12:50:15,6.37,electronics,mobile,0.0302,0
23,2025-05-09 14:14:41,25.61,cash_advance,pos,0.0474,0
23,2025-05-10 16:33:03,12.7,entertainment,online,0.0561,0
23,2025-05-10 23:28:24,121.26,electronics,mobile,0.0983,0
23,2025-05-11 05:05:02,10.17,jewelry,pos,0.0387,0
23,2025-05-11 08:40:55,38.79,entertainment,online,0.0239,0
23,2025-05-13 14:22:58,34.45,jewelry,online,0.0215,0
23,2025-05-13 21:45:48,14.65,electronics,online,0.0016,0
23,2025-05-14 08:11:09,7.78,electronics,pos,0.0253,0
23,2025-05-14 19:19:08,28.94,fuel,online,0.0048,0
23,2025-05-15 20:07:23,6.05,jewelry,mobile,0.0415,0
23,2025-05-15 20:27:26,15.06,entertainment,mobile,0.0197,0
23,2025-05-15 20:30:46,7.82,electronics,online,0.0741,0
23,2025-05-16 18:22:43,3.2,entertainment,mobile,0.0293,0
23,2025-05-19 22:43:46,6.03,entertainment,mobile,0.0509,0
23,2025-05-20 15:30:00,23.98,restaurant,mobile,0.0607,0
23,2025-05-21 17:27:02,13.12,grocery,online,0.0005,0
23,2025-05-22 10:06:16,14.91,electronics,atm,0.0312,0
23,2025-05-23 15:03:46,6.94,electronics,pos,0.0028,0
23,2025-05-23 15:13:49,19.26,entertainment,online,0.0747,0
23,2025-05-23 23:50:33,42.05,online_retail,pos,0.059,0
23,2025-05-24 06:01:23,17.32,jewelry,pos,0.0185,0
23,2025-05-24 12:16:34,31.81,jewelry,mobile,0.1081,0
23,2025-05-24 16:21:42,11.98,jewelry,mobile,0.0148,0
23,2025-05-24 20:38:02,20.85,jewelry,mobile,0.0615,0
23,2025-05-27 04:57:16,14.01,utilities,online,0.0349,0
23,2025-05-27 12:44:17,24.39,jewelry,online,0.0976,0
23,2025-05-27 12:58:40,14.71,electronics,online,0.0411,0
23,2025-05-27 19:47:36,10.68,electronics,online,0.0046,0
23,2025-05-28 09:44:46,12.13,electronics,mobile,0.0975,0
23,2025-05-28 18:20:48,9.76,jewelry,mobile,0.0031,0
23,2025-05-29 14:56:03,11.28,jewelry,mobile,0.0071,0
23,2025-05-30 05:20:27,25.88,electronics,mobile,0.0231,0
23,2025-05-31 15:30:12,4.92,entertainment,mobile,0.0712,0
23,2025-06-01 13:01:58,22.08,jewelry,pos,0.0524,0
23,2025-06-02 17:11:39,1.74,jewelry,mobile,0.0424,0
23,2025-06-02 19:41:09,19.93,electronics,online,0.0767,0
23,2025-06-05 13:10:42,14.51,entertainment,online,0.0667,0
23,2025-06-05 16:39:34,13.48,jewelry,mobile,0.0329,0
23,2025-06-07 09:53:42,3.25,electronics,mobile,0.0405,0
23,2025-06-08 12:51:26,10.29,electronics,mobile,0.0002,0
23,2025-06-09 13:22:55,15.51,electronics,online,0.0482,0
23,2025-06-09 23:55:25,7.7,jewelry,online,0.0168,0
23,2025-06-10 06:07:20,9.35,electronics,mobile,0.0057,0
23,2025-06-12 08:15:03,21.98,travel,online,0.0164,0
23,2025-06-18 23:10:38,11.05,online_retail,pos,0.0369,0
23,2025-06-21 21:48:50,14.4,electronics,mobile,0.0223,0
23,2025-06-22 15:05:11,5.0,cash_advance,pos,0.045,0
23,2025-06-23 11:18:26,6.62,jewelry,pos,0.0066,0
23,2025-06-24 10:44:36,20.09,utilities,pos,0.0561,0
23,2025-06-24 19:40:25,5.55,grocery,mobile,0.0077,0
23,2025-06-25 06:17:32,22.1,jewelry,online,0.0086,0
23,2025-06-25 16:03:53,6.75,electronics,pos,0.0353,0
23,2025-06-25 18:21:35,25.03,entertainment,pos,0.0065,0
23,2025-06-26 13:04:23,50.13,grocery,online,0.041,0
23,2025-06-26 15:23:52,27.16,travel,mobile,0.0186,0
23,2025-06-27 17:53:30,4.87,electronics,online,0.023,0
23,2025-06-28 15:01:49,10.0,entertainment,online,0.0624,0
23,2025-06-28 20:36:49,15.57,jewelry,pos,0.0868,0
23,2025-06-29 08:46:55,11.4,electronics,atm,0.0406,0
24,2025-01-01 23:09:42,79.39,cash_advance,online,0.0344,0
24,2025-01-02 15:31:09,33.12,entertainment,atm,0.0486,0
24,2025-01-02 15:51:10,33.77,entertainment,mobile,0.0043,0
24,2025-01-02 16:13:05,67.2,entertainment,pos,0.0587,0
24,2025-01-02 19:33:10,38.21,entertainment,pos,0.0335,0
24,2025-01-03 11:59:30,23.74,electronics,online,0.0857,0
24,2025-01-03 15:08:54,72.85,online_retail,online,0.0256,0
24,2025-01-03 16:48:54,24.03,cash_advance,pos,0.0286,0
24,2025-01-03 20:15:38,23.57,cash_advance,pos,0.0452,0
24,2025-01-04 06:35:14,38.22,entertainment,online,0.03,0
24,2025-01-05 13:58:21,35.67,cash_advance,mobile,0.08,0
24,2025-01-06 13:22:23,12.22,utilities,online,0.005,0
24,2025-01-06 14:19:21,32.79,grocery,mobile,0.084,0
24,2025-01-07 05:35:36,88.91,restaurant,pos,0.0128,0
24,2025-01-07 16:47:28,44.09,entertainment,online,0.0434,0
24,2025-01-09 08:04:34,21.36,cash_advance,mobile,0.0439,0
24,2025-01-09 09:38:51,20.85,grocery,online,0.004,0
24,2025-01-09 11:15:40,42.13,cash_advance,online,0.0479,0
24,2025-01-09 17:34:03,19.7,entertainment,online,0.0114,0
24,2025-01-09 17:42:47,41.26,entertainment,mobile,0.0108,0
24,2025-01-10 09:16:08,54.84,entertainment,online,0.0078,0
24,2025-01-10 12:03:30,24.21,cash_advance,online,0.0015,0
24,2025-01-10 12:47:40,40.19,cash_advance,mobile,0.0448,0
24,2025-01-10 13:01:10,14.05,cash_advance,mobile,0.0019,0
24,2025-01-10 23:16:46,143.11,cash_advance,online,0.0396,0
24,2025-01-11 09:48:03,99.54,grocery,mobile,0.0224,0
24,2025-01-12 11:55:34,47.05,electronics,mobile,0.0291,0
24,2025-01-12 12:06:27,49.16,entertainment,pos,0.0101,0
24,2025-01-13 10:10:13,46.68,entertainment,mobile,0.0963,0
24,2025-01-13 21:13:23,134.65,cash_advance,online,0.0269,0
24,2025-01-14 16:31:41,37.82,entertainment,online,0.0557,0
24,2025-01-14 16:59:43,30.78,grocery,atm,0.0045,0
24,2025-01-15 12:48:32,287.44,grocery,online,0.0243,0
24,2025-01-15 13:04:41,14.08,grocery,online,0.0691,0
24,2025-01-15 20:51:26,104.22,cash_advance,mobile,0.0146,0
24,2025-01-17 04:06:01,37.9,grocery,mobile,0.0481,0
24,2025-01-17 07:29:50,49.76,grocery,mobile,0.0427,0
24,2025-01-17 10:59:15,22.77,utilities,online,0.0629,0
24,2025-01-17 16:46:48,65.06,cash_advance,online,0.0542,0
24,2025-01-17 20:13:32,61.44,entertainment,pos,0.0001,0
24,2025-01-18 14:32:18,25.48,electronics,pos,0.0104,0
24,2025-01-18 14:48:42,30.38,entertainment,online,0.0088,0
24,2025-01-18 14:50:31,39.43,grocery,pos,0.005,0
24,2025-01-19 20:52:18,33.8,jewelry,pos,0.0368,0
24,2025-01-20 09:56:24,7.58,grocery,pos,0.0805,0
24,2025-01-20 16:09:05,46.18,utilities,mobile,0.1008,0
24,2025-01-20 18:21:57,57.03,entertainment,online,0.0003,0
24,2025-01-20 20:32:12,55.03,cash_advance,online,0.0066,0
24,2025-01-21 09:20:22,24.33,grocery,mobile,0.0301,0
24,2025-01-21 12:55:54,20.58,cash_advance,online,0.0163,0
24,2025-01-21 21:47:06,26.43,cash_advance,mobile,0.0206,0
24,2025-01-22 14:48:34,139.18,cash_advance,mobile,0.0484,0
24,2025-01-22 16:47:24,25.53,grocery,online,0.0052,0
24,2025-01-22 17:55:13,25.71,grocery,atm,0.0037,0
24,2025-01-23 05:23:03,17.36,cash_advance,online,0.0931,0
24,2025-01-23 06:02:20,77.32,cash_advance,pos,0.0912,0
24,2025-01-23 10:40:16,105.53,entertainment,pos,0.0084,0
24,2025-01-23 11:57:04,44.33,cash_advance,online,0.0211,0
24,2025-01-23 14:50:37,63.7,grocery,mobile,0.022,0
24,2025-01-24 07:50:04,29.47,cash_advance,pos,0.0363,0
24,2025-01-24 10:54:53,30.6,utilities,online,0.0914,0
24,2025-01-24 11:02:46,114.66,entertainment,mobile,0.0702,0
24,2025-01-24 11:52:59,40.72,entertainment,pos,0.0314,0
24,2025-01-25 07:02:13,22.53,grocery,online,0.045,0
24,2025-01-25 10:11:30,84.98,grocery,online,0.0319,0
24,2025-01-25 14:03:31,54.23,entertainment,pos,0.0296,0
24,2025-01-25 22:55:45,16.36,electronics,pos,0.0745,0
24,2025-01-26 09:08:12,20.66,entertainment,online,0.0003,0
24,2025-01-26 11:53:36,107.56,grocery,pos,0.0953,0
24,2025-01-27 19:23:48,17.52,entertainment,pos,0.0342,0
24,2025-01-28 03:24:37,58.18,entertainment,mobile,0.0431,0
24,2025-01-28 11:48:25,64.28,entertainment,online,0.0163,0
24,2025-01-29 10:40:55,37.77,grocery,pos,0.0058,0
24,2025-01-29 16:46:30,24.09,cash_advance,online,0.0101,0
24,2025-01-30 06:27:08,6.5,entertainment,mobile,0.0155,0
24,2025-01-30 10:12:10,29.42,restaurant,pos,0.0346,0
24,2025-01-30 11:30:11,8.31,entertainment,online,0.0249,0
24,2025-01-30 13:29:31,13.42,grocery,atm,0.0381,0
24,2025-01-30 21:50:33,99.45,cash_advance,pos,0.0735,0
24,2025-01-31 10:23:40,77.09,electronics,pos,0.0061,0
24,2025-02-01 10:11:55,55.2,grocery,pos,0.0587,0
24,2025-02-01 13:14:36,25.76,cash_advance,pos,0.0079,0
24,2025-02-01 22:56:10,11.6,entertainment,online,0.0353,0
24,2025-02-02 12:05:04,47.16,travel,pos,0.0715,0
24,2025-02-02 16:00:02,16.08,cash_advance,online,0.001,0
24,2025-02-02 21:00:21,21.49,travel,online,0.0558,0
24,2025-02-03 08:15:25,61.76,grocery,online,0.1069,0
24,2025-02-03 13:45:25,24.37,online_retail,online,0.0111,0
24,2025-02-03 17:19:06,46.71,grocery,pos,0.0425,0
24,2025-02-04 07:28:48,43.51,fuel,online,0.0679,0
24,2025-02-05 07:41:54,64.18,cash_advance,mobile,0.0875,0
24,2025-02-05 08:22:50,83.0,grocery,pos,0.0686,0
24,2025-02-05 09:08:41,27.7,electronics,mobile,0.1023,0
24,2025-02-05 12:52:41,29.65,cash_advance,online,0.1344,0
24,2025-02-05 14:55:36,27.97,grocery,pos,0.06,0
24,2025-02-05 15:03:25,66.55,entertainment,mobile,0.0409,0
24,2025-02-05 18:58:46,8.67,entertainment,pos,0.0083,0
24,2025-02-06 08:50:01,51.84,cash_advance,atm,0.103,0
24,2025-02-06 15:47:14,31.29,cash_advance,mobile,0.0147,0
24,2025-02-06 21:41:07,75.23,entertainment,online,0.0421,0
24,2025-02-07 05:02:24,33.97,cash_advance,online,0.0025,0
24,2025-02-07 05:59:01,51.52,entertainment,pos,0.0854,0
24,2025-02-07 14:50:39,23.07,cash_advance,pos,0.0395,0
24,2025-02-07 14:53:50,17.38,cash_advance,pos,0.0484,0
24,2025-02-07 21:35:20,15.17,entertainment,mobile,0.0452,0
24,2025-02-08 12:50:24,23.64,cash_advance,online,0.0803,0
24,2025-02-08 13:07:21,230.74,entertainment,mobile,0.0078,0
24,2025-02-08 16:43:59,24.91,grocery,pos,0.0077,0
24,2025-02-08 17:35:59,45.43,entertainment,pos,0.0897,0
24,2025-02-08 20:33:33,43.99,entertainment,pos,0.075,0
24,2025-02-09 16:50:59,23.31,grocery,pos,0.0355,0
24,2025-02-09 23:53:18,18.88,entertainment,pos,0.0311,0
24,2025-02-10 15:27:14,207.85,grocery,pos,0.0017,0
24,2025-02-10 16:53:10,51.21,entertainment,mobile,0.0053,0
24,2025-02-10 17:53:52,13.0,cash_advance,pos,0.0493,0
24,2025-02-11 09:14:32,142.02,grocery,pos,0.0204,0
24,2025-02-11 14:50:12,48.94,entertainment,online,0.0104,0
24,2025-02-11 20:58:08,16.1,entertainment,online,0.0738,0
24,2025-02-12 13:32:05,62.34,cash_advance,pos,0.0192,0
24,2025-02-12 15:26:16,38.05,entertainment,pos,0.0493,0
24,2025-02-12 16:06:17,59.63,fuel,online,0.0448,0
24,2025-02-13 11:52:30,12.86,cash_advance,online,0.0399,0
24,2025-02-13 12:08:10,113.12,grocery,online,0.0355,0
24,2025-02-13 14:58:47,93.93,entertainment,pos,0.0421,0
24,2025-02-13 16:14:52,48.49,grocery,pos,0.0122,0
24,2025-02-13 17:18:51,19.79,grocery,online,0.0203,0
24,2025-02-14 08:26:42,23.88,entertainment,atm,0.0569,0
24,2025-02-14 09:18:47,22.65,cash_advance,mobile,0.0483,0
24,2025-02-14 14:48:54,46.05,jewelry,online,0.0236,0
24,2025-02-14 15:59:40,75.04,grocery,mobile,0.0112,0
24,2025-02-15 08:56:48,35.2,restaurant,online,0.027,0
24,2025-02-15 10:52:21,74.47,entertainment,mobile,0.0576,0
24,2025-02-15 13:13:48,62.04,cash_advance,online,0.0047,0
24,2025-02-15 14:22:13,18.56,entertainment,mobile,0.0616,0
24,2025-02-15 20:46:58,27.51,cash_advance,online,0.0343,0
24,2025-02-15 21:02:36,36.42,grocery,pos,0.0303,0
24,2025-02-16 14:22:15,22.92,grocery,online,0.0333,0
24,2025-02-17 07:20:27,90.25,cash_advance,atm,0.0074,0
24,2025-02-17 09:56:01,44.7,grocery,mobile,0.0295,0
24,2025-02-17 15:23:57,24.09,grocery,mobile,0.0009,0
24,2025-02-17 23:10:32,54.4,entertainment,online,0.0734,0
24,2025-02-18 11:32:06,35.76,cash_advance,pos,0.0177,0
24,2025-02-18 12:55:01,42.62,cash_advance,pos,0.043,0
24,2025-02-18 15:52:24,35.78,entertainment,pos,0.0503,0
24,2025-02-19 12:12:17,107.06,grocery,pos,0.0888,0
24,2025-02-19 12:42:28,21.08,entertainment,online,0.0842,0
24,2025-02-20 14:37:49,8.4,grocery,pos,0.0579,0
24,2025-02-20 17:19:55,26.6,entertainment,online,0.0402,0
24,2025-02-21 13:50:44,24.28,entertainment,online,0.0242,0
24,2025-02-21 22:48:03,11.15,entertainment,online,0.011,0
24,2025-02-22 09:04:11,32.67,cash_advance,mobile,0.0034,0
24,2025-02-22 13:28:03,42.53,restaurant,pos,0.0535,0
24,2025-02-22 18:59:32,59.02,cash_advance,online,0.0285,0
24,2025-02-23 16:53:38,15.76,grocery,online,0.0057,0
24,2025-02-23 17:56:47,27.57,cash_advance,pos,0.0373,0
24,2025-02-23 19:07:46,27.78,entertainment,pos,0.0523,0
24,2025-02-24 08:17:26,24.59,cash_advance,mobile,0.04,0
24,2025-02-24 09:41:37,28.9,online_retail,pos,0.0686,0
24,2025-02-25 19:02:53,40.72,entertainment,online,0.0244,0
24,2025-02-26 12:10:33,89.77,grocery,mobile,0.0208,0
24,2025-02-26 19:30:46,52.4,online_retail,online,0.0329,0
24,2025-02-28 12:06:46,50.01,entertainment,pos,0.0166,0
24,2025-02-28 13:13:55,277.56,travel,mobile,0.0185,0
24,2025-02-28 18:34:08,8.57,grocery,mobile,0.0186,0
24,2025-03-01 08:53:48,36.32,entertainment,online,0.0787,0
24,2025-03-02 10:27:55,40.12,grocery,online,0.0136,0
24,2025-03-02 17:42:43,29.68,entertainment,mobile,0.0266,0
24,2025-03-03 18:39:20,51.52,grocery,pos,0.0326,0
24,2025-03-03 23:27:02,24.66,entertainment,online,0.0865,0
24,2025-03-05 06:48:32,96.31,cash_advance,pos,0.0065,0
24,2025-03-05 09:56:41,47.87,grocery,pos,0.0455,0
24,2025-03-05 15:03:28,13.87,grocery,mobile,0.0113,0
24,2025-03-05 16:21:41,33.34,grocery,online,0.0291,0
24,2025-03-05 17:29:24,76.74,entertainment,mobile,0.089,0
24,2025-03-05 20:15:29,77.33,grocery,online,0.0289,0
24,2025-03-06 08:47:25,83.22,entertainment,online,0.0038,0
24,2025-03-06 12:46:32,59.39,grocery,mobile,0.055,0
24,2025-03-06 13:33:18,17.54,entertainment,online,0.0697,0
24,2025-03-06 15:59:10,42.33,grocery,pos,0.0789,0
24,2025-03-07 09:31:19,28.94,cash_advance,pos,0.0144,0
24,2025-03-07 14:37:13,28.68,grocery,mobile,0.0619,0
24,2025-03-08 12:20:51,74.19,cash_advance,online,0.002,0
24,2025-03-08 17:41:19,40.52,cash_advance,pos,0.007,0
24,2025-03-08 18:16:18,29.68,entertainment,pos,0.02,0
24,2025-03-09 13:18:56,22.93,entertainment,atm,0.0648,0
24,2025-03-09 14:08:56,37.22,cash_advance,mobile,0.1099,0
24,2025-03-09 15:31:19,53.49,cash_advance,pos,0.0222,0
24,2025-03-09 15:53:49,46.9,travel,online,0.0429,0
24,2025-03-09 19:21:49,41.58,cash_advance,pos,0.0435,0
24,2025-03-09 20:12:41,52.12,grocery,pos,0.0926,0
24,2025-03-09 20:21:01,41.07,grocery,online,0.0114,0
24,2025-03-10 04:39:28,54.19,grocery,pos,0.0449,0
24,2025-03-10 08:33:30,29.75,entertainment,online,0.0685,0
24,2025-03-10 13:24:35,60.23,cash_advance,online,0.0237,0
24,2025-03-10 15:21:06,56.19,entertainment,mobile,0.0342,0
24,2025-03-10 18:30:49,57.43,entertainment,online,0.0007,0
24,2025-03-10 20:23:55,53.03,grocery,pos,0.0305,0
24,2025-03-12 14:20:22,19.16,cash_advance,pos,0.0334,0
24,2025-03-12 15:37:32,31.82,grocery,mobile,0.0681,0
24,2025-03-12 15:48:15,121.88,cash_advance,atm,0.0318,0
24,2025-03-12 20:20:04,79.01,cash_advance,mobile,0.0406,0
24,2025-03-13 10:17:28,36.09,entertainment,mobile,0.0179,0
24,2025-03-14 05:55:10,17.15,travel,online,0.0349,0
24,2025-03-14 13:17:54,14.31,grocery,pos,0.0248,0
24,2025-03-16 10:26:46,71.37,entertainment,pos,0.016,0
24,2025-03-16 12:40:02,18.43,cash_advance,mobile,0.038,0
24,2025-03-16 14:13:27,47.86,travel,mobile,0.1376,0
24,2025-03-16 15:08:37,47.48,cash_advance,online,0.0156,0
24,2025-03-17 17:13:50,23.34,cash_advance,pos,0.0093,0
24,2025-03-17 19:59:24,36.29,cash_advance,online,0.0344,0
24,2025-03-18 16:27:30,11.86,grocery,pos,0.0226,0
24,2025-03-18 16:47:34,11.94,cash_advance,pos,0.0846,0
24,2025-03-18 18:17:45,45.03,online_retail,mobile,0.0558,0
24,2025-03-19 10:22:06,32.03,cash_advance,pos,0.086,0
24,2025-03-19 11:48:55,57.76,grocery,atm,0.0666,0
24,2025-03-19 18:20:21,71.89,cash_advance,pos,0.0314,0
24,2025-03-19 21:52:32,75.06,restaurant,pos,0.0174,0
24,2025-03-20 14:31:25,48.0,entertainment,online,0.0163,0
24,2025-03-20 17:30:25,19.42,cash_advance,online,0.0246,0
24,2025-03-20 21:21:36,34.03,entertainment,online,0.0024,0
24,2025-03-22 14:40:22,22.36,jewelry,pos,0.0659,0
24,2025-03-22 15:53:45,26.65,grocery,pos,0.0138,0
24,2025-03-24 10:24:03,20.18,cash_advance,online,0.0237,0
24,2025-03-24 19:04:27,30.77,cash_advance,pos,0.0419,0
24,2025-03-24 20:41:18,52.18,cash_advance,online,0.0524,0
24,2025-03-25 23:59:46,50.53,cash_advance,mobile,0.0172,0
24,2025-03-26 08:02:35,48.02,grocery,mobile,0.0339,0
24,2025-03-26 14:16:40,79.78,travel,online,0.0769,0
24,2025-03-26 14:19:23,94.58,grocery,pos,0.0336,0
24,2025-03-26 16:57:50,35.53,travel,pos,0.0254,0
24,2025-03-27 06:43:45,42.8,cash_advance,pos,0.0031,0
24,2025-03-27 15:32:08,12.16,grocery,pos,0.0281,0
24,2025-03-28 08:26:28,91.22,entertainment,mobile,0.0398,0
24,2025-03-28 16:00:59,61.67,entertainment,mobile,0.1194,0
24,2025-03-28 16:03:08,26.85,cash_advance,atm,0.0496,0
24,2025-03-28 18:49:54,59.25,entertainment,online,0.0528,0
24,2025-03-29 07:24:53,30.87,grocery,online,0.0337,0
24,2025-03-29 14:42:28,15.01,cash_advance,online,0.0855,0
24,2025-03-31 19:38:53,80.31,grocery,pos,0.0039,0
24,2025-03-31 23:33:02,183.02,grocery,pos,0.0018,0
24,2025-04-01 11:26:19,54.44,jewelry,online,0.0029,0
24,2025-04-01 17:17:26,23.53,entertainment,pos,0.0119,0
24,2025-04-02 13:22:44,33.71,entertainment,pos,0.0409,0
24,2025-04-02 13:28:22,40.37,entertainment,mobile,0.0272,0
24,2025-04-02 21:12:59,187.23,grocery,pos,0.0967,0
24,2025-04-03 09:47:13,32.72,cash_advance,mobile,0.0141,0
24,2025-04-03 13:14:33,29.55,grocery,mobile,0.0464,0
24,2025-04-04 07:11:55,60.5,cash_advance,online,0.0028,0
24,2025-04-04 13:23:36,158.09,cash_advance,online,0.0061,0
24,2025-04-04 15:18:46,94.87,cash_advance,online,0.0461,0
24,2025-04-04 15:48:06,30.37,utilities,mobile,0.0106,0
24,2025-04-04 17:49:52,60.25,entertainment,pos,0.0708,0
24,2025-04-04 21:25:14,97.57,entertainment,online,0.0008,0
24,2025-04-05 18:05:33,18.23,cash_advance,mobile,0.0151,0
24,2025-04-06 09:12:16,15.72,fuel,pos,0.0756,0
24,2025-04-06 09:54:54,30.51,entertainment,online,0.0171,0
24,2025-04-07 09:36:00,8.43,entertainment,mobile,0.0356,0
24,2025-04-07 12:45:27,13.68,entertainment,online,0.0265,0
24,2025-04-07 19:26:54,14.64,cash_advance,pos,0.0045,0
24,2025-04-09 06:17:46,119.95,grocery,pos,0.044,0
24,2025-04-09 09:36:34,29.73,entertainment,pos,0.0919,0
24,2025-04-09 13:09:13,85.18,utilities,online,0.0242,0
24,2025-04-09 15:47:32,50.97,entertainment,pos,0.0035,0
24,2025-04-10 18:07:54,53.03,cash_advance,online,0.051,0
24,2025-04-10 21:13:32,57.29,cash_advance,pos,0.0399,0
24,2025-04-11 17:08:11,31.71,grocery,mobile,0.0192,0
24,2025-04-13 11:19:20,81.64,grocery,pos,0.0669,0
24,2025-04-13 18:45:22,60.97,entertainment,online,0.0265,0
24,2025-04-13 20:58:44,51.13,grocery,online,0.0631,0
24,2025-04-14 01:14:02,38.24,grocery,pos,0.0187,0
24,2025-04-14 08:52:06,14.82,grocery,pos,0.0183,0
24,2025-04-14 11:20:40,30.92,cash_advance,pos,0.0303,0
24,2025-04-14 13:09:58,29.59,grocery,online,0.0452,0
24,2025-04-16 10:54:39,30.22,entertainment,pos,0.0156,0
24,2025-04-16 16:32:46,31.31,grocery,atm,0.0141,0
24,2025-04-17 14:04:23,167.52,cash_advance,online,0.0017,0
24,2025-04-17 15:08:51,41.84,online_retail,online,0.0071,0
24,2025-04-18 12:28:42,24.9,grocery,pos,0.0211,0
24,2025-04-18 13:09:46,32.4,electronics,mobile,0.0407,0
24,2025-04-18 17:04:58,15.67,entertainment,mobile,0.0126,0
24,2025-04-19 00:59:47,20.26,grocery,online,0.0632,0
24,2025-04-19 19:29:05,48.51,grocery,online,0.0926,0
24,2025-04-20 13:31:35,12.85,entertainment,online,0.1343,0
24,2025-04-20 14:08:50,50.12,cash_advance,online,0.0247,0
24,2025-04-20 19:27:53,46.55,grocery,pos,0.0444,0
24,2025-04-21 12:51:37,19.49,cash_advance,pos,0.0066,0
24,2025-04-21 17:20:54,34.03,travel,online,0.0176,0
24,2025-04-21 20:17:54,15.34,entertainment,online,0.0138,0
24,2025-04-23 05:11:10,43.23,entertainment,online,0.0775,0
24,2025-04-23 14:24:18,51.18,grocery,mobile,0.0339,0
24,2025-04-24 09:16:29,5.87,entertainment,online,0.0004,0
24,2025-04-24 16:10:40,28.98,cash_advance,online,0.0193,0
24,2025-04-24 17:47:00,8.64,entertainment,mobile,0.0825,0
24,2025-04-24 21:01:09,26.65,restaurant,mobile,0.0259,0
24,2025-04-25 06:36:23,21.82,grocery,online,0.0333,0
24,2025-04-25 09:10:51,26.93,travel,online,0.0113,0
24,2025-04-25 09:17:27,56.03,cash_advance,online,0.0552,0
24,2025-04-26 10:49:31,51.82,entertainment,pos,0.0555,0
24,2025-04-27 12:07:59,41.63,grocery,online,0.0301,0
24,2025-04-27 12:38:18,38.94,grocery,pos,0.1543,0
24,2025-04-28 05:16:05,73.33,grocery,online,0.0313,0
24,2025-04-28 09:00:17,60.45,cash_advance,online,0.0446,0
24,2025-04-28 09:32:24,60.23,entertainment,online,0.0717,0
24,2025-04-28 11:22:52,24.33,online_retail,mobile,0.0308,0
24,2025-04-28 11:50:29,476.27,entertainment,online,0.036,0
24,2025-04-28 14:33:11,16.1,grocery,atm,0.1008,0
24,2025-04-29 05:58:54,50.03,grocery,online,0.0883,0
24,2025-04-29 11:53:49,38.7,grocery,online,0.001,0
24,2025-04-30 19:06:34,10.04,grocery,pos,0.0017,0
24,2025-05-01 11:51:12,104.25,entertainment,online,0.0623,0
24,2025-05-01 17:37:21,86.63,cash_advance,pos,0.0057,0
24,2025-05-01 23:50:38,37.71,cash_advance,mobile,0.0516,0
24,2025-05-02 00:33:33,51.62,grocery,online,0.0,0
24,2025-05-02 12:11:00,35.19,grocery,pos,0.055,0
24,2025-05-03 04:30:50,7.41,cash_advance,mobile,0.0017,0
24,2025-05-03 16:16:57,39.18,cash_advance,online,0.0277,0
24,2025-05-04 08:18:30,47.81,grocery,pos,0.0335,0
24,2025-05-04 11:19:54,72.07,entertainment,pos,0.0318,0
24,2025-05-04 11:57:19,19.33,grocery,online,0.0538,0
24,2025-05-04 20:19:31,65.98,cash_advance,mobile,0.0687,0
24,2025-05-05 05:17:04,199.4,cash_advance,pos,0.0023,0
24,2025-05-05 17:27:54,17.75,grocery,online,0.051,0
24,2025-05-06 03:50:41,65.57,grocery,pos,0.0001,0
24,2025-05-06 09:33:43,47.1,cash_advance,pos,0.0539,0
24,2025-05-07 05:08:42,35.47,jewelry,pos,0.0125,0
24,2025-05-07 09:28:58,42.48,online_retail,pos,0.1082,0
24,2025-05-08 13:29:03,49.69,entertainment,online,0.0605,0
24,2025-05-08 13:48:57,35.01,cash_advance,online,0.0669,0
24,2025-05-08 17:04:54,99.6,electronics,mobile,0.035,0
24,2025-05-09 09:53:48,29.03,utilities,pos,0.0134,0
24,2025-05-09 15:28:00,32.1,cash_advance,pos,0.063,0
24,2025-05-10 08:15:50,54.73,entertainment,mobile,0.0161,0
24,2025-05-11 06:13:06,68.72,cash_advance,online,0.0127,0
24,2025-05-11 13:30:13,16.19,grocery,online,0.0492,0
24,2025-05-11 15:51:00,35.76,grocery,pos,0.0458,0
24,2025-05-12 10:11:39,83.49,cash_advance,online,0.0591,0
24,2025-05-12 14:37:55,20.39,grocery,pos,0.0143,0
24,2025-05-12 19:19:45,95.87,grocery,online,0.0096,0
24,2025-05-13 20:48:46,19.11,entertainment,mobile,0.0686,0
24,2025-05-14 13:02:39,142.51,entertainment,online,0.0275,0
24,2025-05-14 18:57:24,30.59,cash_advance,online,0.0247,0
24,2025-05-15 10:39:50,27.42,grocery,pos,0.0086,0
24,2025-05-15 10:52:36,108.48,grocery,atm,0.0346,0
24,2025-05-15 13:18:55,24.04,grocery,pos,0.0659,0
24,2025-05-15 17:03:29,58.7,online_retail,mobile,0.0379,0
24,2025-05-16 07:08:03,31.4,cash_advance,mobile,0.0393,0
24,2025-05-16 08:20:16,70.51,entertainment,mobile,0.0334,0
24,2025-05-16 10:00:46,26.47,cash_advance,online,0.008,0
24,2025-05-16 10:49:39,18.66,entertainment,pos,0.0845,0
24,2025-05-16 13:58:11,14.37,cash_advance,online,0.0108,0
24,2025-05-16 16:27:45,30.54,grocery,mobile,0.0025,0
24,2025-05-16 17:50:51,51.88,entertainment,pos,0.0415,0
24,2025-05-16 18:52:40,52.24,cash_advance,pos,0.0313,0
24,2025-05-18 05:13:10,27.95,cash_advance,online,0.0255,0
24,2025-05-18 11:36:37,37.36,cash_advance,pos,0.0184,0
24,2025-05-18 12:51:55,19.58,fuel,online,0.0412,0
24,2025-05-19 12:57:58,120.16,entertainment,pos,0.021,0
24,2025-05-19 14:00:28,13.44,cash_advance,pos,0.0034,0
24,2025-05-20 09:29:48,55.3,entertainment,online,0.0235,0
24,2025-05-20 13:01:38,52.41,grocery,pos,0.0582,0
24,2025-05-20 13:12:50,37.24,entertainment,online,0.0189,0
24,2025-05-20 15:11:09,37.27,cash_advance,pos,0.0231,0
24,2025-05-20 15:11:33,31.9,entertainment,pos,0.0546,0
24,2025-05-20 15:55:19,37.18,entertainment,pos,0.0019,0
24,2025-05-20 20:49:21,26.43,grocery,online,0.0427,0
24,2025-05-21 20:14:49,35.96,cash_advance,mobile,0.0057,0
24,2025-05-22 13:03:00,13.93,grocery,pos,0.0236,0
24,2025-05-22 16:33:19,46.19,cash_advance,mobile,0.0941,0
24,2025-05-22 19:30:49,23.71,cash_advance,online,0.1119,0
24,2025-05-23 12:29:13,45.07,online_retail,mobile,0.0095,0
24,2025-05-24 07:04:26,18.16,restaurant,pos,0.0184,0
24,2025-05-24 15:01:10,54.06,entertainment,mobile,0.0605,0
24,2025-05-24 16:20:31,48.38,cash_advance,atm,0.0341,0
24,2025-05-25 08:00:24,40.23,entertainment,mobile,0.0822,0
24,2025-05-25 10:27:29,55.73,electronics,pos,0.0359,0
24,2025-05-25 14:19:57,25.51,cash_advance,mobile,0.0178,0
24,2025-05-25 15:19:52,45.33,entertainment,online,0.0097,0
24,2025-05-25 21:59:40,27.29,cash_advance,online,0.0634,0
24,2025-05-25 22:37:53,103.52,grocery,online,0.0715,0
24,2025-05-26 13:45:13,36.95,entertainment,online,0.035,0
24,2025-05-26 15:26:53,25.08,grocery,online,0.0109,0
24,2025-05-26 16:09:54,89.54,cash_advance,mobile,0.0085,0
24,2025-05-26 18:13:45,34.07,online_retail,pos,0.0282,0
24,2025-05-28 11:12:59,14.13,entertainment,mobile,0.0404,0
24,2025-05-28 12:11:54,56.59,restaurant,mobile,0.042,0
24,2025-05-28 13:10:10,69.9,grocery,mobile,0.0066,0
24,2025-05-28 15:41:48,51.07,entertainment,pos,0.0264,0
24,2025-05-28 22:23:30,45.52,jewelry,atm,0.0372,0
24,2025-05-29 03:40:33,78.67,grocery,atm,0.0129,0
24,2025-05-29 07:16:00,29.25,cash_advance,mobile,0.0434,0
24,2025-05-29 13:29:47,141.91,grocery,mobile,0.0451,0
24,2025-05-29 17:44:27,119.59,fuel,online,0.0804,0
24,2025-05-29 20:47:32,27.07,fuel,online,0.1438,0
24,2025-05-30 06:43:54,9.84,cash_advance,mobile,0.0348,0
24,2025-05-30 10:14:55,40.83,grocery,pos,0.0432,0
24,2025-05-30 12:33:55,40.12,electronics,online,0.0287,0
24,2025-05-30 23:55:21,10.69,cash_advance,mobile,0.0376,0
24,2025-05-31 10:30:07,31.51,entertainment,online,0.0404,0
24,2025-05-31 16:00:41,30.45,cash_advance,mobile,0.0295,0
24,2025-05-31 17:48:25,27.66,grocery,online,0.0412,0
24,2025-06-01 11:19:37,21.33,online_retail,online,0.0377,0
24,2025-06-01 12:16:05,26.9,entertainment,online,0.0101,0
24,2025-06-01 13:35:16,19.49,grocery,online,0.0183,0
24,2025-06-01 13:36:48,41.18,grocery,online,0.0125,0
24,2025-06-02 03:12:05,13.66,entertainment,online,0.0147,0
24,2025-06-02 12:03:16,14.56,entertainment,online,0.0249,0
24,2025-06-02 13:10:38,29.98,grocery,mobile,0.0433,0
24,2025-06-03 08:02:48,42.51,entertainment,pos,0.0074,0
24,2025-06-03 14:06:43,34.33,grocery,online,0.0665,0
24,2025-06-04 09:42:34,56.74,utilities,mobile,0.0495,0
24,2025-06-04 15:12:47,26.34,grocery,mobile,0.0371,0
24,2025-06-04 15:29:51,33.23,utilities,mobile,0.1263,0
24,2025-06-04 15:53:33,64.12,grocery,pos,0.0455,0
24,2025-06-05 15:52:48,85.92,cash_advance,online,0.0195,0
24,2025-06-05 17:25:27,78.33,grocery,mobile,0.0483,0
24,2025-06-05 22:12:58,31.87,entertainment,mobile,0.0451,0
24,2025-06-06 08:56:29,29.41,entertainment,pos,0.0458,0
24,2025-06-06 12:39:33,12.85,grocery,online,0.0399,0
24,2025-06-08 15:39:29,30.42,entertainment,online,0.0302,0
24,2025-06-08 18:08:39,36.54,entertainment,mobile,0.0294,0
24,2025-06-08 18:12:06,124.68,entertainment,pos,0.0006,0
24,2025-06-09 14:09:51,26.51,entertainment,atm,0.0492,0
24,2025-06-10 13:18:58,94.35,cash_advance,mobile,0.1086,0
24,2025-06-10 13:49:32,32.69,grocery,pos,0.0116,0
24,2025-06-10 21:06:32,29.58,entertainment,pos,0.0089,0
24,2025-06-11 10:13:41,34.78,entertainment,mobile,0.0328,0
24,2025-06-12 08:48:22,38.79,utilities,online,0.0251,0
24,2025-06-12 16:45:01,33.1,grocery,atm,0.0207,0
24,2025-06-12 22:14:22,45.19,entertainment,online,0.0223,0
24,2025-06-13 10:53:59,9.0,grocery,pos,0.0686,0
24,2025-06-14 09:24:14,166.07,cash_advance,online,0.0138,0
24,2025-06-14 11:32:30,27.81,entertainment,mobile,0.046,0
24,2025-06-14 12:39:28,36.36,travel,online,0.0488,0
24,2025-06-14 12:39:56,35.85,cash_advance,pos,0.0358,0
24,2025-06-14 17:32:19,58.18,online_retail,mobile,0.0031,0
24,2025-06-14 17:51:05,36.3,entertainment,pos,0.038,0
24,2025-06-14 20:47:23,34.83,entertainment,online,0.0193,0
24,2025-06-15 02:38:56,6.65,grocery,online,0.0254,0
24,2025-06-15 10:51:22,37.57,cash_advance,pos,0.0337,0
24,2025-06-18 03:11:36,69.24,jewelry,pos,0.0484,0
24,2025-06-19 08:37:57,66.34,entertainment,online,0.028,0
24,2025-06-19 15:16:27,205.27,grocery,mobile,0.024,0
24,2025-06-19 15:20:31,43.68,entertainment,atm,0.0356,0
24,2025-06-19 19:22:54,16.34,grocery,atm,0.0394,0
24,2025-06-20 09:28:12,94.71,grocery,pos,0.1074,0
24,2025-06-20 17:42:30,10.22,grocery,mobile,0.0675,0
24,2025-06-21 07:40:07,34.82,entertainment,mobile,0.0802,0
24,2025-06-21 09:03:58,27.55,entertainment,online,0.0097,0
24,2025-06-21 09:04:19,11.97,fuel,online,0.0215,0
24,2025-06-21 11:14:32,47.49,entertainment,pos,0.0357,0
24,2025-06-22 09:31:51,18.45,grocery,online,0.016,0
24,2025-06-22 18:16:05,43.21,entertainment,online,0.0256,0
24,2025-06-23 16:26:00,160.58,entertainment,pos,0.1055,0
24,2025-06-23 17:25:02,46.1,grocery,mobile,0.0115,0
24,2025-06-24 13:02:56,30.37,utilities,online,0.1023,0
24,2025-06-24 13:32:56,36.0,entertainment,online,0.0479,0
24,2025-06-24 14:13:05,8.83,entertainment,mobile,0.0198,0
24,2025-06-25 06:58:04,40.81,grocery,mobile,0.0284,0
24,2025-06-25 11:46:45,23.71,grocery,pos,0.0374,0
24,2025-06-25 14:50:40,48.51,cash_advance,mobile,0.0331,0
24,2025-06-26 08:52:54,58.81,grocery,pos,0.059,0
24,2025-06-27 10:24:48,24.06,entertainment,mobile,0.045,0
24,2025-06-27 12:11:19,4.76,entertainment,atm,0.0018,0
24,2025-06-27 14:17:05,35.77,entertainment,online,0.0106,0
24,2025-06-28 14:33:12,83.82,grocery,pos,0.0598,0
24,2025-06-28 16:37:43,28.41,grocery,mobile,0.0114,0
24,2025-06-29 13:49:39,100.6,grocery,pos,0.0187,0
